17.981460855570248,52.4794582759107,78.67299548669234
-8.42200829124677,4.156192708867376,1.529899072399898
17.73824691752451,56.93292030504682,82.76604164639042
-4.06551959324212,-3.024997765200642,7.0162469980047995
17.732138214082116,56.9154429149501,82.74057083362584
18.536583017846105,54.740480368458726,82.02133468410929
17.576321511288512,52.223859707500736,78.39896230972323
17.11018227617057,55.843431884378795,81.4768804858479
17.068655858179557,55.80237014261782,81.60818195320245
16.507245808253142,54.77444835209029,80.58267243337967
-4.06551959324212,-3.024997765200642,7.0162469980047995
16.377378195361388,54.119525349017955,80.40415849815041
16.047366774164235,52.49074442718526,79.44622488914219
16.20341606184436,47.836938890755086,75.34426057655763
15.821343564013157,50.63419105124096,78.02842662219945
-1.839237758358063,0.3707170125720947,-1.1457122693592774
-9.187817366423136,1.8825583054359514,1.5710352957135467
-4.06551959324212,-3.024997765200642,7.0162469980047995
15.620639581082195,46.292088384351835,74.96831294692372
-18.179088498942,-53.7307431680763,-88.65351111207364
-12.631738906855007,-31.538572187896666,-55.3599320796233
-11.769104369369645,-29.074335187471075,-50.56912561851801
-12.611365471274045,-20.86975504787923,-49.41854664864515
-23.908882372761838,-52.9596157020735,-85.79800206820795
-0.6819441411279724,1.2109459246483616,-2.568845647045426
-14.785891024030246,-29.166211648456336,-45.31030130891381
-18.477365215156876,-33.627872954410954,-50.354365345293324
-21.03730431794428,-35.10805757828661,-51.14115018571448
-2.9619773178919213,-5.143503055331424,-6.2356071418702195
-4.06551959324212,-3.024997765200642,7.0162469980047995
-3.1888088495138893,-5.135296167507963,-6.152340515175918
-3.7300946299104303,-4.976269848641029,-5.970545245525683
-3.946350817122614,-4.907019267764004,-5.912315463805414
-4.117120774813001,-4.866542013631429,-5.862641439761861
-4.252297536222643,-4.863644075062918,-5.800893049532698
-4.368425126500156,-4.838182919690555,-5.753918820749372
-4.5084358660720225,-4.815818690975016,-5.698417981198106
-4.6246246954216605,-4.779564645716027,-5.665953408647276
-4.708270987986656,-4.747655631066039,-5.632223139500313
-4.735627340631021,-4.737956650678365,-5.615689586953959
-4.759667970053848,-4.718592323976589,-5.59018494857532
-4.759480122181526,-4.732932838075949,-5.58571515357491
-4.776239520181976,-4.72700930722257,-5.576931479766412
-62.301227152092316,-58.336288879811136,-77.47215194697377
-4.870824384530144,-4.647734852366643,-5.575626342780689
-4.905719514251983,-4.61935315465614,-5.5722107495063415
-4.940318915321755,-4.591724020249947,-5.568595821301212
-4.973222668170772,-4.572402304598835,-5.552638373011417
-4.997154070274803,-4.559510147215218,-5.537183689429484
-3.4210150336728984,-3.5107392278279144,-7.084358124581973
-5.003416187723132,-4.5427609244208,-5.497783837387588
-119.00643738375518,-107.23353413443029,-142.97532872682473
1.044635659778026,0.8139522261198125,0.7049516067245722
-5.02910150797957,-4.591798687518585,-5.486192731057963
-4.955757305432657,-4.626957054223636,-5.44699048573407
208.36113581706957,197.84708463860667,251.14425743684242
-4.88890540633409,-4.728367589409718,-5.430724143872596
-4.863512650398771,-4.763082729056984,-5.424545380250726
-4.8430445646520175,-4.79220200124003,-5.4173619143661735
-4.843554862475489,-4.798533479117586,-5.410302868553294
-4.846530545447401,-4.802106233552968,-5.402883751073383
-4.839718016907423,-4.8095309074567485,-5.400695837122286
-4.82917127420894,-4.819204661600317,-5.39784424211383
-4.8276204682901485,-4.8205022247033416,-5.4026026408011285
-4.819806134722672,-4.822972945272008,-5.408069306951529
-4.813190471184404,-4.8161153937233285,-5.420492759951292
-4.8069413799629634,-4.809370902608982,-5.432702524378596
-4.796852269162927,-4.798105730509844,-5.451064457445217
-4.786993226956974,-4.787268621001928,-5.469215463716805
-4.771104940936447,-4.790819831346444,-5.479448367052335
-4.755996009941677,-4.793623113716235,-5.48933840275821
-4.744046132230526,-4.794744011455302,-5.4957560306389714
-4.734909122005225,-4.789128063569623,-5.506273600916449
-4.725655662993617,-4.784458743789457,-5.515626747814436
-4.713585648876005,-4.782306882265155,-5.525021613039608
-4.701725098632456,-4.77934368813419,-5.534442231949012
-4.688884343355555,-4.781590814561333,-5.535777228590159
-4.675626002853314,-4.786432947105387,-5.535485550553817
-4.674949450132318,-4.7849607277509945,-5.535237201550323
-4.6758480331076475,-4.775644893374075,-5.5403459890848135
-4.66060264407347,-4.7753307801539515,-5.551040898995442
-4.6584684939443415,-4.752716000838451,-5.569810932319325
-4.648309227643523,-4.726972958503971,-5.596698253587623
-4.637432712525246,-4.672406596036736,-5.646778891144903
-4.645192773027333,-4.5992992544130376,-5.693926143221042
89.29338148958891,85.53091692569768,120.73591102948804
73.50476280136438,69.10789329315683,101.52639393160025
785.6669044119307,724.2723766503791,1085.1267464454133
-4.5220705241586945,-4.2876411833754355,-5.9921749332797125
-4.501617988344989,-4.197185505243098,-6.104369288661274
60.51581167085866,53.8350241581848,92.69761468883692
60.18072152457996,53.032463978033306,94.75042802605853
54.86108433174171,48.22190758114071,89.19374267883917
-4.196944454667675,-3.9207536167451003,-6.391362499621318
-4.2115836519238,-3.8026495319553035,-6.507248646404687
-4.076168947326316,-3.8800649834380603,-6.670405755346969
44.1007297723624,38.5971381237879,81.58908990915094
-3.887826323687816,-3.643888111522074,-6.627393636507373
-3.9267184994208497,-3.597376336715323,-6.776035074172522
-3.7454248338649863,-3.5832438388276877,-6.688329491249533
-4.06551959324212,-3.024997765200642,7.0162469980047995
-3.6954996227980743,-3.6823543213808447,-6.883375484133601
-3.5999833346327192,-3.613411558954602,-6.939546364849709
-3.5579736662804002,-3.6000516180997963,-6.957621130520787
-2.9875322622673126,-3.9452648015126743,-7.108847160970463
-2.2020855211363024,-3.9794115072836176,-7.294358552452947
-2.2289608102476377,-3.943576454750194,-6.925537623947211
-2.359283461532162,-3.97509533215887,-6.8575317874140005
-2.8587450355729573,-3.9405623588478504,-6.977694170058999
-16.589359938077845,-22.141583587665455,-48.19241798560379
-1.8863108202134045,-4.135191583053196,-6.931153370602923
-31.692514111836218,-44.126261793591624,-89.84152117710569
-1.8873069130511007,-4.284667830352636,-6.868648385449665
-2.474053928654043,-4.29235453057103,-6.9567995809171945
-2.001237233468872,-4.5132018872027215,-7.127764792815247
-1.9970849006004074,-4.468732805101833,-6.8926656737014556
-2.1056409931936813,-4.49267877102813,-6.88307831222128
-2.368409733577036,-4.47318811696033,-6.9412931620039
-2.3610145569924765,-4.499545716829619,-6.925377897966702
-2.3488270235024933,-4.535678101319427,-6.9280779708587135
-17.950053418333926,-32.805248397977564,-56.66650087803481
-2.391983299525596,-4.516512538662384,-6.843300630846825
-2.168827214496845,-4.582941671497751,-6.814205201683451
-2.3059005075340493,-4.507094661144699,-6.775849808854907
-2.388678879048978,-4.487803477464083,-6.803861591050293
-2.2288566650461266,-4.541628816302152,-6.789542897754604
-18.04854723543023,-32.89259797073151,-56.55154079247535
-2.229714486416325,-4.608701985140639,-6.920906256723467
-2.2693307567767254,-4.5595293009276565,-6.830198637468025
-2.3779650006946698,-4.516983817717632,-6.845855430848788
-2.3811508210792365,-4.4918256074882015,-6.815584921972387
-2.381153187334721,-4.491829650624647,-6.815592444252499
-2.3889434549062307,-4.491067124907712,-6.829363148746315
-2.3831628439235586,-4.488271103201107,-6.832717975039789
-2.3816926406754844,-4.487613856853088,-6.830535728719653
-2.3721119707739824,-4.528135931639683,-6.899527349061541
-2.3664884745164096,-4.527741306195982,-6.900772071317573
-2.3652964749947487,-4.527988201882089,-6.901170296911643
-2.3166247309328925,-4.558175360139606,-6.909328144536344
-2.3166247309328925,-4.558175360139606,-6.909328144536344
-2.315754888446872,-4.559163803023276,-6.910255386257771
-2.3694649512552033,-4.520777504112655,-6.905245401346658
-2.313260104050775,-4.5443880651450534,-6.910686273528675
-2.3667628721399434,-4.517934550678049,-6.908039894220988
-2.36767184311641,-4.510084861371616,-6.912510021912397
-2.369739220973814,-4.510025902964817,-6.912119590565691
-2.35954965614813,-4.511891486626374,-6.912804338059797
-2.3561888830153745,-4.512496146611083,-6.913533043752448
-2.3054606596685603,-4.531384401438156,-6.918552008284992
-2.340580690120138,-4.503568389762305,-6.923694822460154
-2.373648614875103,-4.442769920755951,-6.937133323662881
-2.399770524184641,-4.329679975973563,-6.899160378623579
-1.5541540632540347,-4.338535217365671,-6.9807867695776755
-1.6262918790755847,-4.327083544427468,-7.152644330006602
-2.046000534498061,-4.204599152715547,-6.916442273887748
-1.1775758273522259,-4.14590495763154,-7.330734384494277
-2.0566520683720197,-4.180453438928918,-7.122082017793944
-1.575798669277164,-4.173687904559576,-7.048976692954749
-1.54009631500224,-4.204012142066189,-7.227705930042186
-1.740161658321611,-4.067101988615626,-7.2248311426056935
-0.46125046233836003,-4.02380507338295,-7.453324427750547
-1.1310512225887186,-4.090552798202834,-7.359250998261764
3.300198276800562,14.92528292420638,35.36401299198189
2.112427468032927,13.6963774510404,33.55336591856219
-4.06551959324212,-3.024997765200642,7.0162469980047995
1.14805287146584,16.559386800929378,40.6731904195056
-1.5152613542651034,14.780494194552046,36.13859719198896
0.5624198117644631,-4.152993790735626,-7.598296821450829
0.5534398520150007,-4.281023105846748,-7.612648203861238
1.027453996875815,-4.326049788484486,-7.381366673150762
3.15157328792815,-13.652705096260757,-27.204551909664538
-4.06551959324212,-3.024997765200642,7.0162469980047995
2.4488486067387982,-15.994549822220904,-28.509841298861083
2.999880787018733,-18.02232124461775,-29.394946700172888
2.7074588625176776,-19.671928646904096,-29.558506213663854
2.529648429394208,-20.955939134638133,-29.840063907539758
2.1068834087606607,-21.715302720305893,-29.872359691099494
1.6681837897431466,-22.169037073573918,-29.97671632263826
1.0672558056038,-21.66784345388163,-29.39015632160342
0.48855677093101446,-21.904772419176943,-29.906522561781145
-0.09336600042948943,-21.790547689449486,-30.49035732186726
0.15906259670821268,3.6182507777913284,7.692439665382732
2.072710152526837,22.27317129873257,33.18021203973215
2.6245954481892873,19.808541489924128,30.978961867707902
3.331047739925454,19.09406879286282,31.057974532313832
3.8298058712783996,21.53120143537406,36.603967364452416
4.208176505772337,19.66315088308343,34.52853562839323
5.718065443283962,23.659913722719395,43.44811457460889
-4.162492609539017,-17.249604482958453,-33.31548960512124
5.235491921353382,18.366543703656017,36.89128534910742
-4.809212010056699,-17.09802167525172,-35.986264398699305
-5.042030752346318,-16.95925474482727,-37.1704953992508
-8.329709747953663,-23.807945594708695,-53.37723493890589
6.147677270995241,16.8632810980353,39.09835779698098
6.588076258487799,17.029393123132717,40.5053590944494
6.874060115740595,17.1593239852979,41.34273113469429
7.149091039478555,17.188363327658706,41.946681547428774
7.258326376249725,17.28532999551555,42.43880300061212
7.2312607544509335,17.487682432804863,43.036221849258695
7.246584656851484,17.753046661820417,43.620530921389125
7.205480995813074,17.816867478827383,43.68949513634162
7.092464992093525,18.06353348732247,43.86387217924731
7.001855795504625,18.26947076556725,44.00925478154998
6.870271673094755,18.475492133573294,44.14094739052771
6.7472812136295754,18.555540023989185,44.174751725426994
6.707426394204558,18.812889514552925,44.66740184765223
6.599554812811799,18.729837874704558,44.49915500265759
6.464236293164954,18.688915612208334,44.35573911629652
6.327721369797852,18.702069248323593,44.073028170291366
6.263241055588154,18.723502450097868,43.98172396642265
6.119889866479135,18.573030475980477,43.4783433120659
6.079337064267514,18.517870176846046,43.316779296822624
6.207586823525737,18.595952910311738,43.39489046770271
6.092644154994629,18.67915133654123,43.410625085077136
5.931228714951731,18.445208661959487,42.8777209893034
5.996354473779188,18.45647336637836,42.90641506357402
6.156883398579109,18.702936802505352,43.48510023234481
6.079799412388122,18.522625043493303,43.084892988317684
5.902649751615642,18.484306838291225,42.81627849665629
5.89918039369795,18.44432394554792,42.747202938244016
5.899271660139466,18.436016093044834,42.75376197391282
5.872999134276062,18.368042913302464,42.642482269833295
5.829622834814727,18.327471542145286,42.70305485075676
5.758675899404579,18.314706782494113,42.839187557821965
5.589036124646782,18.230185445641315,42.924527510269094
5.438013439802702,18.17227219105324,43.0510005495661
-4.06551959324212,-3.024997765200642,7.0162469980047995
10.921353143752665,30.745060707285962,71.4862000875142
9.927565351543926,30.530675013028453,70.61951987544244
9.536024924232956,30.50910350251037,70.50737760555738
8.923217385658814,30.30758073720491,70.01975976511658
8.3276615686244,29.991292144450874,69.41388823629167
8.06577139673821,29.804736447943338,69.47589006339045
7.539608947781824,29.347140286639995,68.68841138469716
7.262653818427578,29.238715152232373,68.22128246958533
7.064011880850584,29.304704114929997,68.33472352457758
6.5650952414614645,28.97702514037984,67.57964367679284
5.815232916263182,28.359700985588706,66.69125610424827
5.136116892482772,27.8074589650378,66.13260453762503
4.923350536637283,27.813866301204918,66.43109468400249
4.84360399112021,27.774057944662488,66.43758502393038
4.582453127800297,27.783509406528108,66.22196713257904
4.173577427035393,27.970649937397543,66.08738310642077
3.8307937146877227,28.182036691901047,65.84381295910384
3.716173571422421,28.511199662721324,66.35801746099929
3.439829972946621,28.441998502762818,65.89886245397169
3.1844001424989465,28.84096675634024,66.38088636429832
2.9450369678569914,28.86592740597814,66.1340973740555
-4.06551959324212,-3.024997765200642,7.0162469980047995
2.7265927031866033,28.964422363003983,65.75380515633795
1.8231782190054113,29.400423590574746,64.83935932270138
1.0382480544381614,29.703066434233442,63.74694616574082
0.5053152009122971,29.679050009577537,62.01541527519194
-0.11853422768690867,29.37170398851283,59.946865379572394
-0.775807274485009,29.174905890998318,58.83772251521422
-1.1243194749869414,28.744563427033604,57.84009858378564
-1.3850392705448484,28.248147550379144,57.40404512821427
-1.5420573878414399,27.15736308135976,56.07646847114715
-1.511115210376096,27.61834759521533,58.27876550796347
-1.5406602151115485,27.147452666874457,58.805791797662316
-1.4887237534657316,26.661023326301084,59.35128363663563
-4.06551959324212,-3.024997765200642,7.0162469980047995
-1.1827883432032424,25.93546457749717,60.19179333517453
-0.5990185793613838,23.990429253744132,60.90536466925528
-0.24098446078708852,23.247288754440408,61.84759941741933
-0.05620601890977242,22.65603550308659,62.69416758801973
0.18982252634929786,21.78592654886659,62.69629284225106
0.4362309516735741,20.87058110358568,62.344454653383494
-4.06551959324212,-3.024997765200642,7.0162469980047995
0.1536688019536044,19.418227129561092,60.21852307282224
0.2830815022185906,18.23898688886324,62.04710997516677
0.12128469227620381,17.346152733368918,61.38371723077152
-0.026098828658821734,16.83165169714402,60.996657597740175
-0.2556623766284293,16.417913611683872,60.70788701584404
-0.371750339505728,16.399996802300624,60.65584604581424
-0.36164318771778314,16.660841924971553,61.26563289847179
-0.2644682594317219,17.055107101816557,62.25103616528248
-0.16398986066963597,17.851920327953376,64.00478446641526
0.019204051075274817,18.649290796850593,65.38014843072989
0.1757649235315918,19.606936091422266,67.18303311998446
0.2636874108588689,20.64701049958899,69.22930603383992
0.6390903778466472,21.886068530567737,71.77724219378221
-4.06551959324212,-3.024997765200642,7.0162469980047995
1.2418395252468428,24.59716887835978,78.96324217173363
2.1828905012220248,26.333019024836236,81.53447652768365
2.5020669876612422,26.69956227359804,80.78040351060638
2.724286910490877,27.756462613485002,82.31692048183243
2.9007644153140952,28.71498075232517,83.43853315818967
2.8432303315875647,29.159491619843234,83.00740021300408
2.735737760948495,29.692945561717973,82.98395249691364
2.841322354986986,30.119773043718517,82.76456063088487
2.922289061293154,30.588601960503496,82.71113249669935
3.00310373725128,30.994701050610107,82.49158093728433
3.1416959248894774,31.688607849138236,82.92738681650212
3.440520064936243,32.50646107949681,83.65688018756207
3.7814904927475954,33.66656739237452,85.19132296999197
3.970095991926335,33.84270715006247,83.91604559854673
4.453193952897755,34.56641297484659,84.13542117298374
4.85362248812206,35.093519982101384,84.23491131641462
5.410636125832159,35.97444611646513,85.23984412155396
6.039812694456411,36.494495192535815,85.79657627047159
6.509823673997628,36.749303286610235,85.5459577756175
6.680450068358115,36.658469183506774,84.57327421987587
7.07225735761386,37.215453329763335,84.59947128521374
7.4015493252905395,37.689812564096215,83.46343466467552
7.550892664487935,38.085344506545134,82.05409974363023
7.577212647108036,38.47398570964159,80.01644514893323
7.851937604748587,38.90466973783129,77.99166629293454
8.258114848615945,39.85751515190249,77.06289123567625
8.433360968498064,39.82965609156105,74.48727226993255
8.638335894183273,39.61711055309424,72.00380318362295
9.725361584544958,42.74434633552276,75.48875558123854
10.899552748901092,45.86853238926793,79.30970237780765
11.566183013628361,45.584006759046346,78.14604302120279
12.038684687468033,44.83273488240266,76.21403264515092
-4.06551959324212,-3.024997765200642,7.0162469980047995
11.303539969937068,40.169792024979074,67.76287453884093
12.666162450206665,42.03170849726096,69.18156338189162
13.111814411860411,42.31358870289196,69.03487993558352
13.438169005813952,42.440163621778055,69.11149527416622
13.704427948312414,42.41312731351923,68.90040657131678
14.347023656690737,43.08192698762112,69.69978775569453
14.743303497598541,43.60942640850291,70.092166223486
15.216895914494716,44.2178854801873,70.46728543903245
15.846770053910799,45.197839663052946,71.37459765122381
16.480314447304682,46.33583401349033,72.4079040302479
17.358591969278237,47.517018202693876,73.50103481942327
18.046066176834156,48.457466762816345,74.23097217587159
18.79787882217009,49.25282615542858,75.27797913200827
19.441118728265312,49.75589615601416,75.74847844706053
20.27193088824863,50.94937830754372,77.26361292617354
20.812198608631086,51.18786161338274,77.62253907489732
21.069675212730157,51.397357170558784,77.77878843987489
21.406214755084704,51.680520385692475,78.03463136776392
22.150110362048995,52.35197843645567,78.99189599831384
22.47769112881975,52.62569246639218,79.2513820866687
22.8756726504829,53.023853891980316,79.78087167591819
23.10455402185828,53.233303635874485,80.07949467000425
23.24009183826143,53.21658406066819,80.05763830113165
23.167441451412856,52.98443706729938,79.72306618102881
23.10487215624865,52.775378817834394,79.4206846882731
23.10358754487579,52.81885731348727,79.46147159931651
23.111529424124388,52.883187277628245,79.53420294878437
23.053661330149577,52.617975526479235,79.17195415708912
23.114642512768036,52.80952154742297,79.5200650784849
23.15809735027599,52.95106285526522,79.72505329511401
23.190282749850955,53.00629300260981,79.808733574881
23.186997337938756,52.99226469239034,79.79448820132541
23.184047746918367,52.97484000748622,79.77629716154503
23.18398320942276,52.97339522682254,79.77430662069798
23.17986466247568,52.98175973500179,79.79116216089838
23.174675923650835,52.96898513480957,79.77273371373641
23.174550290607808,52.968924531668,79.77276788039637
23.173982541807217,52.96835473554426,79.77198462880068
23.12702257965983,52.83660674626503,79.60265818955143
23.082917320019448,52.70906280986195,79.44050018664197
23.09613457700785,52.73396600842086,79.48278004282295
23.110016913408312,52.760159248597944,79.52692425496856
23.11336098745998,52.76775954744546,79.53928889899221
23.11207920279967,52.76469852330862,79.53661817713812
23.036017033522228,52.65895120619847,79.38475738252951
22.971479581795755,52.679671903976214,79.409324761446
22.989475989816913,52.74140417662571,79.50166549443671
23.000930503294008,52.78937536424304,79.5757239800013
23.001084457031144,52.78893652472529,79.5755788797856
23.005992300209023,52.800931901586964,79.5922374701635
23.00557338028217,52.79989809015339,79.59092298419462
23.006721953443634,52.80262682481608,79.59550406136724
23.00460255375847,52.79764770826791,79.58860123183642
23.00001144910386,52.78711838890538,79.57290939490572
23.003501407492266,52.79451714434025,79.5842380704037
23.059310124761744,53.02669252585566,79.93426737996217
22.87883516311541,52.78215790481447,79.58264736751431
22.740036377247876,52.741024677121736,79.54585835183246
22.586992653566067,52.652045851154305,79.44333346249067
22.335448279890866,52.41876201715188,79.28518671149095
22.09187148907284,52.17829794312061,79.10785765154922
21.57829454797472,51.73896485446773,78.72316470921892
21.02557766200995,51.210298174347336,78.19701284575858
20.53698327437376,50.8974886686319,78.13797068821751
19.98871921367816,50.574802018454704,77.84523987560861
19.56463756392755,50.29341287577073,77.57113830321246
19.28584981781729,50.484514290969734,78.23083781725556
18.871559993931395,50.302604922700866,78.19467366599261
18.399419253159376,49.961518545137906,77.8949274847447
-16.731836588180194,-46.07329514123431,-72.34682222258773
17.825829978564375,49.85408701436063,78.48606905449627
-22.141984600286705,-63.279154604727275,-99.87097343031168
-13.832948547568881,-40.692615705942494,-65.3649613274329
-20.510497467811177,-64.90883467040166,-102.77467161525608
-19.75399060528292,-64.63585952324573,-103.68191757571519
-19.331058683140775,-61.17460813003142,-100.41308619162727
-16.912980839409084,-59.76976554320844,-96.512519380528
-15.970964098151867,-58.705341811496304,-94.9778214306621
-15.335731197372686,-58.351650339644756,-94.44097602751954
-14.79594002971714,-57.93921037147916,-93.67472615076424
12.407814770257476,46.13099580548713,77.10321722178901
-14.060930414349697,-57.78352628755009,-93.22180362736191
-4.06551959324212,-3.024997765200642,7.0162469980047995
-13.826969970089708,-57.40160555887363,-92.58045766025151
11.698755550523137,45.69124799949442,76.14407445115889
11.624680369083476,45.6518104105178,76.10968751236294
-13.137503405321272,-56.8810779658039,-91.63401560740243
-12.729525073599017,-56.40410508934688,-91.07305075141899
-4.06551959324212,-3.024997765200642,7.0162469980047995
-12.397552855352167,-56.19520197401532,-90.95183628589642
-10.988850443189104,-55.09258431827849,-89.93129478776982
-9.899809523864494,-54.68290130164391,-89.34673526584574
-8.804707882669021,-53.31855161170739,-87.88620440335285
-6.523322389704932,-39.60960413672054,-68.30035389912852
6.097360864913581,42.7169939404349,73.78521130417731
-7.038716558217573,-54.97770889283291,-94.88829399073198
4.10262250795464,41.57778299168436,72.77258872261099
3.0497278048916288,40.63063615092931,71.84038259044881
2.0799006335775374,40.06102997947386,71.53075510964248
-0.6892777691293018,-48.2561806220768,-83.45305267739192
0.4622147697979544,39.56299102927644,71.61837945683823
-0.31251263004047963,38.89368976212642,71.20498511476859
-0.8774801725145983,38.47558076659009,70.70443317785775
-1.5561184940140211,38.20387476368746,70.75995176552242
-1.9810624947292395,38.09013473288884,70.76897553749109
-2.3568051523992826,37.94317416179283,70.608524909336
-2.6964473176665207,37.57349290572602,70.04294952081057
-3.075229012349375,37.53432511509976,69.97638014323192
4.759501770476411,-45.08712147947988,-80.53133738833445
-3.78045229879185,37.365900468956234,69.56642490614087
-4.179949480242364,37.314093342679534,69.37798834279018
-4.691570977166602,37.214859789625706,69.08475588634121
10.759928978395642,-113.11459542866154,-201.36885224837883
5.184474866514666,-33.166099994106226,-61.751665433376694
-4.06551959324212,-3.024997765200642,7.0162469980047995
5.636304760063533,-33.02773886660274,-61.49958360150058
13.159651758832377,-79.43171334387762,-142.95362454573683
1.3075478688117381,-4.584743756283533,-7.193154610800085
1.4699377966264489,-4.543087989416333,-7.206819401462683
1.510467855702569,-4.542158694506006,-7.1805851878628095
1.6348448534052846,-4.502691059177877,-7.19992245416988
1.9180255065584781,-4.375775859854003,-7.2933774275171
2.0614604705114643,-4.139146497354979,-7.1410016109103935
2.10587212054796,-4.135715285523449,-7.133720046384883
2.1311649013948735,-4.1565774695011255,-7.117637646204841
2.158878829922571,-4.151502162246934,-7.115646832930307
2.196352969568596,-4.17902244372391,-7.133105126355168
2.2015898685509194,-4.165802902021632,-7.099243622100296
2.2408341102321003,-4.201486268813461,-7.115960893737937
2.1957258552946954,-4.355741140161611,-7.226960141072463
2.259193767138949,-4.184422694523426,-7.078214688315867
2.253169211665768,-4.258805898576921,-7.090776975200368
2.3841481926359616,-4.20360474315917,-7.2514623849247775
2.452085788210137,-4.1747108753087945,-7.294737663165702
2.4866153239676367,-3.9034168410671404,-6.943763164239303
2.406113328226948,-4.3206836243346265,-7.191147546226472
2.4075715865035043,-4.232693439032257,-7.014776369602854
2.5540666886122216,-4.226443554754485,-7.170310751028476
2.5731111223497147,-4.262313614821977,-7.142802221107228
2.564266167250583,-4.28312170000877,-7.09450252975596
2.7115446043921874,-4.185070736060789,-7.04408421466149
2.854104898516859,-4.10827160964962,-7.023039281167446
2.9086484004854394,-4.1075566657475795,-7.018737690286327
3.003490135402712,-4.0658574883151735,-7.002956456555355
3.075935520694783,-4.034301879908584,-6.983072537360269
3.1125145397871994,-4.045000148623444,-6.973420974964786
3.138976539254999,-4.010312372390595,-6.914438595761892
3.2207774498583333,-3.988618305843127,-6.947140707567332
3.262229320336067,-3.9484639934037995,-6.946371884880962
3.2560087244479305,-3.9624718991620695,-6.94685255986931
3.2164416455467637,-3.96626017456347,-6.908223545908323
20.888029938524735,-28.769396427774243,-56.6692074994063
3.216823145089733,-3.9898567919797547,-6.906900802875325
-4.06551959324212,-3.024997765200642,7.0162469980047995
35.00880617432869,-52.90490053592698,-98.7427444179505
25.903721789712755,-38.92515657270812,-68.77626905110098
25.893030081094714,-39.283936179418255,-68.95228399825862
26.324588352002028,-40.27342557788423,-70.78663636681887
3.1021617017260366,-4.226321519677913,-6.871663402395128
3.0761222672188,-4.203698840686964,-6.816511851358354
3.1368553005442057,-4.202094940180766,-6.859647852985248
3.159744677335953,-4.180710177180407,-6.854267898485849
3.1656964033789157,-4.180922975424955,-6.851572987119629
3.1277297265636212,-4.22965662131854,-6.835811554231374
3.164263351753708,-4.12127602279312,-6.748066939605208
3.20439590288615,-4.1278805046140485,-6.8140127479544335
3.19416550156606,-4.101445093744905,-6.792859650807884
3.18188659832114,-4.123374241656097,-6.7943444776884325
3.2138590725182326,-4.131770933924621,-6.823887228952367
3.2024900625900727,-4.151183117827446,-6.786249067435704
3.270582703489651,-4.083530915627398,-6.7926836294426565
3.401278898705591,-4.029994562589861,-6.950785315844052
3.5092821014925275,-3.895251689594904,-6.993756755288227
3.375874079501308,-3.8528966722102984,-6.605008023110347
3.4014831959271215,-3.8474728196606187,-6.598193243645565
3.449857799211087,-3.825516092974246,-6.64414225678093
3.545531189598397,-4.067100082283774,-7.044785967774502
3.4475753581548614,-3.8811646390036736,-6.639836008424173
3.4289192935727724,-3.837218287847427,-6.588932776666318
3.44331279115374,-3.8968730853067934,-6.6816357947573275
3.4365330856786347,-3.843292917364239,-6.6564040862926594
3.3759610211022113,-3.8614596117613385,-6.623736319996467
3.301941285258209,-3.9259726767086627,-6.603062393477188
3.278672727177585,-4.073776398495622,-6.7620197455182405
3.1925562462020403,-4.062512208493714,-6.670931214996534
3.230920530152921,-4.122622359125011,-6.806931958598215
3.2737466496156804,-4.1441056396004825,-7.049314738623307
3.2399909744729207,-3.925885980027105,-6.728349028029679
3.3178879609479086,-4.1217043482361895,-7.036576724293241
3.377019893706614,-4.00769183807058,-7.026556946988848
3.287709149862268,-3.9461146914424376,-6.725763167200842
3.4021841592627164,-3.9851567308643108,-6.964340143549455
3.4323511489521437,-4.020139319134185,-7.039873358209161
3.4391316206980025,-4.024649236344224,-7.022213005201117
3.4363219214139664,-3.983041242705073,-6.946695648870023
3.4554176632667257,-4.005663053226868,-7.023222923507796
3.343848271503084,-3.996656005115337,-6.754732010538466
3.361939521612319,-3.9099084455373325,-6.721436047468457
3.3499325491435323,-3.955676583517482,-6.731985673384527
3.3432112479304883,-3.9441189055153614,-6.717270276260436
3.436629844733643,-4.012803436860738,-6.989239689756315
3.428817642482557,-4.040611054254317,-7.009107552146415
3.3241641310339034,-4.013447778541581,-6.741327673996261
3.334687533151499,-4.174950535422666,-6.923562060134254
3.3285082746573713,-3.962714241682968,-6.744047150373717
3.41197563591289,-4.180185266886967,-7.048055131272236
3.3303414241677594,-4.194000413080421,-6.970985298629384
3.3335972221779486,-3.946110294985692,-6.761586270925594
3.379662414048799,-4.069271341806922,-6.970822253730777
3.3805040065763814,-4.066867202545764,-6.971223649994415
3.307522173152323,-3.994761132493215,-6.738109120777657
3.402178086378349,-4.193060619638917,-7.0550358274031435
3.2056671032545685,-4.02869875028224,-6.577664790474055
3.1563514506983825,-4.01037787384165,-6.5048851131139145
3.1984792782383047,-4.033113311262095,-6.586669395989701
3.2315997763799644,-3.964868738031647,-6.612428143618607
3.2111851594203054,-3.984844793398768,-6.594641803700043
3.399516815219217,-3.8621009106858373,-7.02379987981283
3.393294891429399,-3.875040253025587,-7.01591458741438
3.18598026228997,-4.176645995552952,-6.714389822559563
3.3564185204029324,-3.8928448648339824,-7.039616249014381
3.3210206567076908,-3.894893821295304,-7.06654673770469
19.701644138946957,-35.694846512423595,-59.34316169261532
3.073743641752144,-3.963613282621587,-6.740831134997074
3.045744318389993,-3.9305149136334188,-6.770255972908644
3.004412934503665,-4.094496837204077,-6.788507013177367
2.9462974083402083,-3.985144435548306,-6.798584562904369
2.826352129897435,-4.330670581294238,-6.993182731507579
2.408748445333596,-4.6528820118043,-6.805517290008121
2.272168684243097,-4.747014694086234,-6.86415715862056
2.276429945654643,-4.696645069421979,-6.817265538909459
2.553753027113159,-4.527630004239001,-6.988414152069156
2.4965112351774845,-4.610374015712299,-6.959442181048551
2.3078168799915253,-4.7360272817515465,-6.810198680302925
2.510593963916935,-4.674856305355374,-6.904549383142096
2.4895984234647255,-4.639681046738467,-6.722578275573723
2.8057159078284206,-4.531127422082819,-6.904953153619123
2.89310787423252,-4.3669362404918575,-6.682695759827732
16.13503967343979,-28.337548629565905,-47.50440349815338
3.222655706021277,-4.456317083077261,-6.904705378944807
18.391850116573497,-28.5235827338103,-45.67047386375162
-16.97333066472461,23.68620138549111,41.75446021922042
17.3723984649885,-23.167836515908277,-41.66552479723669
16.546126092753934,-19.829601928251304,-37.13190488149005
-1.9202195037552163,2.8648060062215293,7.645217814749918
-4.06551959324212,-3.024997765200642,7.0162469980047995
37.8544963430662,-42.80913468421016,-80.60431817464128
-42.02934347865144,45.27137037556866,89.45425623479255
45.0117527427235,-47.22340811080885,-95.76869587400404
48.24159309028711,-49.64332824725057,-102.33941124363625
44.992734313335696,-44.22627346842323,-95.43124800173236
43.478452871037476,-40.59280103456315,-92.07362065443216
41.230099373694884,-39.05695110974932,-87.8042359802015
-35.260910028897776,30.39366992353449,74.1779936090569
29.16266975493705,-26.16373319354902,-60.91597487869864
-23.63954085305896,23.024877351806634,51.228960250977266
18.75385315766012,-16.97494965594885,-39.57423396304292
13.644678369719099,-12.506419102672977,-29.42997847351412
-12.439687248847195,11.982726684703206,28.19175747298147
-10.505381232961206,10.032620065901344,23.800619211767618
-8.90600109533757,8.32686501188117,20.21673961603935
-4.06551959324212,-3.024997765200642,7.0162469980047995
5.965294442565593,7.687572291751272,45.7405639694534
1.8550311026979391,3.316524015377969,25.669669360639748
3.0407019825161505,2.983178304884684,24.961799785653763
-3.795629905081954,-1.6347364785268574,-22.797245860458894
-4.06551959324212,-3.024997765200642,7.0162469980047995
11.067979535245872,3.271634358084049,40.49787383460849
3.5563290680669453,0.7017936652925478,7.6453894060901115
-19.863409493463724,-3.7842328902118374,-50.319236281843764
61.16502234737075,10.813549119903914,125.61955075263256
21.603207827804344,2.00110910994299,46.346495815069645
19.000453200542545,3.42622368561483,40.85826609781353
-4.06551959324212,-3.024997765200642,7.0162469980047995
4.975832542160309,0.9953097778393223,6.897845083241114
5.05098086489216,1.2753065053157893,6.833688827677961
5.053402114517896,1.3777506196603095,6.745064573556045
66.83750639615374,17.92073017450895,98.98688407964137
71.27637077231014,20.393187217562474,104.80393016015832
5.16724093238654,1.6765296142109107,6.743586591210265
5.190395088049091,1.6330993835335914,6.681930864108369
78.01107223503362,22.7126260198815,111.1482225315168
5.276781805521493,1.5207638092795208,6.61600023419125
73.71768010390333,19.835191513926958,102.18294156288674
5.364976348784532,1.49729300744989,6.601454571302671
5.400217321134664,1.3850536055540994,6.5203543824541
5.443609952613313,1.3563295626438092,6.481294050149904
5.505871052175719,1.272952501739281,6.447531268294845
5.558135487779246,1.2403945686045972,6.417176588022763
5.609657566457233,1.2297459590400461,6.381623572094658
-4.06551959324212,-3.024997765200642,7.0162469980047995
5.628858453883605,1.372839988476965,6.361011409607059
-76.95822919078019,-18.854677947082063,-95.2731618509844
-77.27458662470042,-19.46808509246649,-95.26456205689819
-77.36847134434983,-20.01181167078599,-94.9612604078479
-77.2848075422033,-20.45594225668328,-94.51511191153278
-77.23375304056376,-20.909734777682147,-94.09776036867132
-78.31875987498846,-21.758543447454983,-94.62552668496573
-77.83783538162336,-22.347190827897034,-93.21783374800961
-78.85215676722328,-23.003089066701826,-93.57073134886461
-79.65272231904551,-23.59293745221618,-93.67082235526732
-80.43317558155773,-23.757016211965713,-93.7175702480803
-80.71946644383911,-23.74593009011342,-93.18830912141502
-81.43497397639103,-24.067212224010174,-93.50377085701402
-81.59760462179186,-24.600995191825458,-93.33487437831157
-84.9284647119191,-26.452313277775115,-96.9335253586717
-86.38772228559192,-28.082397310293263,-98.51814335796033
-87.02229465290202,-29.56541128925526,-99.3565550781687
-86.54444121474894,-30.682358366644785,-98.9621753291366
-89.35858111860034,-32.827654386087964,-102.4622406485736
-92.6829091926912,-34.94646890723389,-106.55556940856401
-94.14636784729342,-36.104564266550554,-108.3210925355184
5.71127618259605,2.373450494662102,6.008403413498899
-101.89800364085302,-41.557488831799674,-117.28349915272143
5.70978060782314,2.4083472944033653,5.984758831938771
5.720788346571731,2.427070565911014,5.996783814177339
110.59064428610161,46.911545007171064,127.38872420538863
108.86229182618725,46.18533419606021,125.2587053204339
-105.10616302295509,-44.61529389868268,-120.67093412215438
-106.39345955982012,-45.12670628326206,-121.88147910122997
-110.17552924658519,-46.43023265012667,-125.79052002116725
-109.91867514008531,-45.43295441162226,-125.13450147817997
-111.86526610081195,-45.29058314244955,-126.91129802485871
-111.9716210056249,-44.37076935410907,-126.43377572285942
-112.62475838400194,-43.903970774734226,-126.90154274405198
-110.5540719771845,-42.86638331917111,-124.51404507228825
-108.06529621301019,-41.412645953756474,-121.48772872476738
-103.79162894597857,-39.21598931127581,-116.41549549939378
5.850312864245473,2.160617828301862,5.978351407068206
5.860538113651434,2.1063038090298583,5.991558839811434
-84.56408332489853,-29.649484870248,-95.58787998533248
-81.45129341661925,-27.630694629467467,-92.72833902806737
-74.16481554955254,-23.525356893030086,-85.26337941452091
-71.70301987992288,-21.11386619586013,-83.38782847587808
-69.2928024646929,-18.024054017873723,-81.94519813745902
-53.62360654149009,-10.16515525970347,-66.99630299966643
5.677465667540801,1.0697132604581225,6.331270077619164
-51.2648255372881,-8.349876070970812,-65.08707695856019
5.5200100303253565,0.6902740223274981,6.478263376062487
5.414097290548814,0.4473984685233615,6.540306973908477
5.323254414476936,0.43616519796917197,6.630902575242783
5.243219161970598,0.3478466057760556,6.707059936509308
5.161810062938527,0.3792999965663968,6.77878560079677
5.074884515061671,0.41154835039634874,6.774383291289058
5.0418495448090015,0.41873878414962573,6.802551066324698
5.051056703295584,0.6412677997864702,6.776871880507289
5.098561676705931,0.941538724125172,6.788612159622721
5.070345656652643,1.2065845346299502,6.660924739214999
5.123190518468408,1.3989704745085663,6.608324528000362
5.227213575557451,1.444694835610055,6.5867164973020484
5.303813137018666,1.5271260780537943,6.525866488779944
5.412208895858517,1.5981285141130552,6.496222488562847
5.435387800553907,1.642333106909059,6.363585385679582
5.529909301383065,1.5876820063430634,6.335647861058573
5.5876809469046655,1.6069665833871325,6.285989776839223
5.6472170933308075,1.5760255174777154,6.251561701959534
5.696722207165843,1.5385902412772297,6.22129227360402
5.730717010073425,1.5273451247193222,6.1864992538854615
5.764317627146028,1.519593281319269,6.158952140339352
5.788177384045531,1.5776994611737887,6.144705014393003
5.8025364248704046,1.6184377271381707,6.126989118821809
5.7956820113327545,1.6947989455473655,6.108893736854066
5.7840060424437585,1.7564081483243124,6.10299616511362
5.770132889658341,1.8196915414385808,6.105807917850823
5.763200775703653,1.860599053200221,6.105471934180652
5.754143687237302,1.8705258973399068,6.102802972689778
5.752451404327354,1.9017483525634022,6.1114473136801
5.743547114722249,1.9127402159188103,6.102046846334384
5.72864766178091,1.9433864108682561,6.097058866779856
5.708092902689621,1.9899574938729225,6.105751131222551
5.690740212726716,2.027719547904517,6.116417466006851
5.6602354295496715,2.13526929928236,6.142238723327167
81.35333465874324,30.757035557162705,98.06413488255072
5.605157684018279,2.10337266208186,6.1306792604198375
5.621900319275638,2.0701186802622296,6.176975401749999
5.597825938374968,2.080036669942268,6.191757596248941
5.578504524922447,2.109135173728133,6.207511469067949
5.566772435954761,2.124222784412631,6.21600032528759
5.559432680636723,2.112118749446044,6.209334521474297
5.554356909348056,2.119535443477368,6.213742541434208
5.570063710358958,2.0911069727491074,6.2209432592058045
5.569762041687829,2.0867535547646856,6.221686713562223
5.5562913941596355,2.098418813951086,6.218230876421718
5.559149778586428,2.085321613682171,6.220872125630872
5.574572066401662,2.0471049145921145,6.22784653936551
81.90426144746938,30.228753832505053,101.47155353653984
5.6342276992671705,1.8634015493841782,6.22014277810527
5.632489566142322,1.9178407530248924,6.250558494671994
5.664069160000257,1.6479708622257827,6.24557110769938
5.6554135918270445,1.4963458495919515,6.288931283573025
5.624885492354621,1.3782399050856269,6.369099641376407
5.550718109202716,1.145598857617314,6.419425213467151
5.457550602494662,0.8688205575194452,6.530225641968036
5.361303956601671,0.6241597829497332,6.624843325698192
-36.12871254525552,-4.533673608398734,-52.1610399690146
-42.169571036424884,-5.6220348290442494,-65.38200993285102
-38.78347867389364,-4.224012487495819,-62.21491136112118
-25.41580812724015,-0.6097470767652922,-41.284253656580404
-0.5559931560993737,-0.31725369943340964,-0.3843751381022824
30.751279443663204,-0.0076572763330974986,54.37847814506049
-4.06551959324212,-3.024997765200642,7.0162469980047995
37.58273707600373,0.3061171161887339,73.86656695736322
37.62866799415747,-0.7988443960225301,80.83137292972438
24.562439604684045,-0.9891019369605434,55.723228976787226
4.038440841634242,0.38711526506294186,7.366030185670741
21.152547334416127,0.45843801244731774,49.10305418708677
19.445462919853963,0.9349872985226368,46.151949911828225
-4.06551959324212,-3.024997765200642,7.0162469980047995
28.643021188379567,6.041772255456528,81.00036628934585
25.028795592432278,8.512045406292657,80.61031156070398
22.003045865254165,9.54757645851915,77.98183303662871
21.05098664004646,10.883419675153538,79.41698532580347
19.252221117623623,11.543604507995262,78.60785391525846
17.490035694462385,12.847492908492763,76.94340575698233
16.934735887644237,14.478433088245463,80.95602560276141
16.428947343556256,16.258330048758758,87.09589829199332
23.878120857535816,25.580383731297598,127.14581903714213
13.812982007017728,16.992308159982212,81.06215167148596
13.063894521284345,16.889906202261397,78.1626095502037
12.44809846898296,16.860646097222357,76.44904667734775
12.433917696858115,17.25714976482276,76.8241161198272
13.157269460461581,18.523876301530308,82.01770605757095
-4.06551959324212,-3.024997765200642,7.0162469980047995
13.041541352905348,18.90037097997689,82.23244633203285
13.064642075659116,19.223656221485964,82.09788820515433
12.863981755890745,18.928853226035102,81.66863423290829
12.986059872221636,18.813904566415356,81.58072464844518
13.378207414984828,19.14988808390608,83.55341973430404
13.241436652675091,19.054798989553067,82.60934810847012
13.128398823013605,18.95686975189894,81.77867012849268
16.81096436969943,23.864916045375853,98.55548684111544
13.621648675008897,19.482954398793886,81.78156418555542
13.244197449612086,18.824633685678858,80.408824734507
13.923304693447479,19.832972828942495,81.94977794915644
16.8674233844942,23.190308139414455,97.36569094452888
15.819006559144402,21.83919520065877,87.60959755734189
13.817493258576167,18.712249493786054,79.6165011457249
20.377775872812474,26.918898423402783,110.80173197186964
17.006182089552293,23.043543994592632,94.26250986886939
19.549292335947,26.2158542008737,106.8044503993659
13.958390419709716,19.084900110948134,79.853081007631
14.51593227600421,19.7939794681222,82.14846607646919
16.977191924741977,23.473558881539642,93.43568666671293
17.885257580166645,23.81663951126837,96.5963986031355
14.507476294770486,19.660607432389742,79.57796264981259
17.684014536550265,24.027248386619707,94.99733821888688
14.497480370042842,19.76646856773282,80.89187315385009
14.365353086042916,19.433759700126913,80.15132429178642
17.837575718870703,23.22085052530993,94.55560004893808
15.366345597907346,21.05213306294952,82.73291296464876
15.36641205543687,21.053003724255355,82.73450475565964
15.373302365901312,21.123730439167133,82.84971796000296
14.643481365208821,19.36387805123309,79.91620528338348
14.643368652707306,19.363417486755505,79.89423184105691
14.641642373589804,19.361313489324953,79.88745926954472
14.641642373589804,19.361313489324953,79.88745926954472
14.641642373589804,19.361313489324953,79.88745926954472
15.21089471851644,20.42484304815254,81.33108801803085
14.529800060182703,19.27309199090509,79.70979700018748
14.529837894019707,19.27314464778578,79.70999188182185
14.568306000727885,19.32391565436516,79.85212445156604
18.20620240308586,23.508739889445433,96.11462162571947
19.233871061658714,24.438679460876997,100.37075361726083
-4.06551959324212,-3.024997765200642,7.0162469980047995
14.419881239422374,19.33776444560283,79.24598507606764
36.40341049773633,43.07148530785594,176.5612036093029
15.301233566462969,20.98998714682035,82.26833472265943
14.406081760497377,19.311669374110696,79.16409092470627
14.476402025889161,19.433256353252283,79.5111221570263
14.843651280484378,20.07338759924697,81.08869193934899
15.072913702922282,20.37353783796709,80.5961190677661
102.37626520743737,113.98349239935033,466.24192216734605
15.213421427152078,20.334121374186793,82.85419745175774
130.6877593967564,145.08022935209203,597.5593070062478
18.649846064080908,24.19577445089173,97.23471067458289
17.81606056577371,24.833120938932268,96.15653264633058
15.260212642302106,21.02682283693445,83.03392463466118
58.25077806962025,78.86789844191648,316.68646402268797
18.057955280172784,23.7669635201264,95.45492965725329
15.430925522004737,21.95621663252678,83.72247915719309
19.32521826225559,25.685657415368222,101.30884643770761
3.8733480569318277,4.604502278483776,22.375778016994076
48.1536762848781,56.74826559199053,228.21202573722977
-0.5587767439970929,-1.4168290727515866,-1.00308639392309
22.34436781572622,28.24729625847167,117.95160470758239
21.58791773186844,27.44717897500043,114.73279413874366
2.9291279109820456,-1.921143087696165,15.897304103125729
28.954549833874573,34.79086708731366,133.46211136606894
21.282418196137673,29.652957004728002,112.3346432219083
25.8294973322712,31.810946469351517,133.42484537953953
42.52494999076964,51.00850120651975,200.9824902428075
27.60941375617332,33.71348979710913,138.78461814384983
21.57114181087128,25.194464257790028,117.2948227191184
15.049735086145075,20.275795502964378,81.87603935054265
-0.016314740256743426,-0.02797321211515528,-0.07403216277041373
15.135721226744524,20.270228443566257,81.26979932339287
16.214803754160013,23.03108157302324,86.72417734278352
14.845734341221396,19.824845211372676,79.7977635560674
39.69984327355529,47.6291384231312,188.95402844053086
32.19423790065359,40.565649014242936,157.06114360787143
56.288961812718576,69.3113050963875,267.13805480634704
23.1824539212076,28.843762932195787,117.17456978159936
15.64985046236363,20.901227229151612,85.32008728918954
-0.6257048554094296,-1.3831536132511268,-1.0051735739105636
1.6421847182229519,-2.819270402628746,7.054705916481464
32.92488012928509,46.77642681140418,182.384846343032
32.79530181677342,40.158497600288655,155.22204855111508
46.992190477955916,54.82959352405956,220.76433263080457
13.714116349148517,17.65470244831107,75.04383403752084
17.021153394849136,22.359596072538817,91.20338141400664
34.918046426275815,29.75197862593716,162.20142610717744
61.70204615699659,70.07229757215096,283.13411191401184
12.568232597849256,16.435157849828027,68.08013487973363
18.222821655585562,24.254200383264063,90.8712307803072
48.75827348057689,72.6770765921522,256.2297863854619
54.55452006566753,61.284714205288665,255.88843912725778
46.32748242330161,55.21467969004629,219.4480184221263
9.2635899522164,-2.2417937770857237,-1.089128799104705
20.681563747258156,26.76320579233271,110.58108529464081
15.729940429806483,21.00003880370413,85.20333922094123
9.218950248002566,-2.4118414954726886,-1.0888958738309529
9.218950248002566,-2.4118414954726886,-1.0888958738309529
17.173932519053146,22.4836456582724,90.43894670738983
55.211766144837206,65.52241535820373,271.5465727433228
15.000960670418774,19.911012154408613,80.02226305315276
8.653273957959039,-3.9940906283138045,-1.0850486192087487
8.622924113250619,-4.059159918540996,-1.0848328583006284
14.917504765598723,19.998780634235054,79.92934726220146
8.820418275729358,-3.6089836100061348,-1.086281646151607
13.612156110511688,19.40951908412814,77.59998417666036
34.482415233755304,44.3506145921168,176.42219085479775
11.788022694664757,18.610970105411283,74.68410137350563
12.245581320649814,20.61847438494575,78.81410736184553
11.736500372518984,19.912944626759664,78.53563386376877
11.246847535133329,18.938315580473148,76.20135556473656
11.59296442229594,18.738737512628997,76.82616934084524
11.654306629122296,18.15294617306662,75.35945051905702
11.813425482971276,18.145681870661996,75.59020846079217
12.295586495804091,18.869741560630377,79.11867584434974
12.192545414531436,18.12611814280789,77.10629951839127
12.667849568774933,18.854298700616926,80.19243938949482
12.58844551782767,18.277957834944157,78.41162241095441
12.436463342363385,17.975226851098906,77.28643228645683
14.354973589291609,21.270440709669515,88.80926602961515
19.284416551867196,26.66856965364387,119.65239733470978
24.642772168742546,32.59823351760108,137.0006070421687
19.054922578374974,26.096108408437615,112.34315962130006
83.01699785340102,97.54881225202143,420.7249830291603
14.352204156834146,20.352539490908676,89.59146386009422
12.702601369083823,18.7725337795786,76.11572408369153
42.93141472424749,52.167050244881736,227.2078932719309
12.881202568476187,18.543512092986056,79.82422174673536
12.692872283213859,18.098298506399352,78.28694858732709
14.814049865293633,21.084225083969162,85.72855803378104
12.738901843591995,18.07111035597401,78.15566476503467
13.29174102197601,19.323610857842517,78.69543483647303
12.832270003269837,17.93418176033336,77.20366485170496
12.727618066574935,17.72309937328151,75.88540636088715
12.848742488544962,17.7701907234461,76.38821196738493
12.948487488931603,17.87716751926992,76.3618525621502
12.92892631731518,17.774087008037675,76.31572513228846
12.800232793073187,17.4367987127018,74.60774766172662
13.922993901607278,20.015035185203264,80.23861334318052
13.34632596249057,18.619475218990384,79.04568937295679
13.068182948814968,18.104830482861757,76.53030180588173
18.186029691869184,23.93413500426338,100.38979557278714
30.160346145021123,37.65209638861844,157.91126698973292
12.880170553062792,17.692084246451873,75.24714755330231
13.125712858163585,17.570152916759003,75.27889398859053
16.483383176652143,22.24713643215753,91.40482224196207
12.901684328769296,16.79181395666789,75.17211562740407
13.000233184145236,16.60434339548257,76.33838870125007
13.304496086918158,16.427339683189782,77.65833753274181
0.06938436791098017,-1.6240479666595695,1.1988395388387396
-0.04942766720345238,-0.18504362113684866,-0.19229544237463533
-0.2970414968469114,-1.600530587728836,1.1970884037310032
-0.33687018133584934,-1.5865270548727042,1.1910644167112874
-0.17255842342902122,-1.6343384715400728,1.2091477783421367
-0.03829247390874996,-1.6229653713840406,1.1838643595899765
1.5734072968456927,0.4117183944662195,8.424804708395701
-17.026026027852577,-22.44040950908354,-121.68040921159167
-21.767369255852795,-27.546975959845827,-147.1320487000427
1.9942141180387314,1.3833139909912218,8.37833035370948
-0.8131939530527456,-2.3200654769248765,-8.323033866507407
1.331827125873386,1.7931727583411095,8.393152897981038
1.315670797271348,1.1137575325651543,8.365563707754031
0.820587044621659,1.7449524850811322,8.452488715161087
0.8253282536648432,1.4556289147936499,8.512472568467297
0.9785543455613643,0.8087334178503147,8.64306078082986
-1.30305234169666,4.596430204894619,71.30047200550348
-1.2629915974579875,1.042957219058053,53.267590985186075
-0.1743735240931317,1.3358517795467648,83.57060370360189
-1.0497931732799168,-0.5397335822253551,-84.60327000673587
1.7685922293867373,-0.13086979275742494,69.88587896058512
1.1560616418566887,-0.6628106688366536,8.526742501655134
1.4592380261295093,-0.4720398599169443,8.510343778381383
-11.39571306336078,-6.263857420261002,-100.06159749381142
2.1936846048533627,0.4637848247960282,8.262104871748413
2.3964111743369285,0.8955439408124652,8.232489981046903
-4.06551959324212,-3.024997765200642,7.0162469980047995
-1.3810166212716264,0.22335496988320805,-0.6309816889744883
-1.2428356269629928,-0.29268270509653055,-0.5928301247388933
-0.9700280104355666,-0.5912658027139726,-0.5557004088426473
-0.8506309579063249,-0.7215817221105837,-0.5417427966519027
-0.8252548694755428,-0.7404858024898271,-0.5400983706017184
-0.7790839081933031,-0.7172448300765261,-0.5244697413045608
-0.8393807998596732,-0.7029851526720663,-0.5439177841152297
-0.8503654754197094,-0.6170836148963711,-0.5216929128501099
-0.8392424991690405,-0.6183065697996607,-0.5204611463718617
-0.8120370114086679,-0.6367657655679309,-0.5186991377488612
-0.8330296267215173,-0.5972089844270374,-0.5244658496346206
-0.8302556259515359,-0.6360164095995166,-0.5345328596543043
-0.7670856009012684,-0.6023302009961965,-0.5138795781461397
-0.7363397569479435,-0.6287464701749246,-0.5104103758489793
-0.74300486575106,-0.6191360833483487,-0.5108720309882672
-0.7718811392648064,-0.6564389170371969,-0.5250096404576876
-0.7753844615099882,-0.641898880127814,-0.5095085057253887
-0.7786017253166898,-0.6423739243848084,-0.5109984948938588
-0.771319047707849,-0.647984754657629,-0.5114998070997869
-0.7348084647203152,-0.6595046885574839,-0.5040589430842669
-0.7593803798541171,-0.6676759191094955,-0.510997345604136
-0.7342690446949004,-0.6986737300719424,-0.5120507931166609
-0.7152309623819173,-0.6850826739871752,-0.5178256698601131
-0.7043559891805306,-0.6884119484633645,-0.5163020649821011
-0.6899857097328964,-0.690470056402077,-0.5121946205010026
-0.7237762165883089,-0.6840489692623899,-0.5084908092699385
-0.7237789204422328,-0.6755411122327761,-0.5053053289611392
-0.7362911998925785,-0.6648925060373114,-0.504503022261296
-0.7241153496056563,-0.6523666683069146,-0.5019992040467951
-0.7244626773396392,-0.644675759670267,-0.4986068447581316
-0.7221207067956386,-0.6538230282319452,-0.4994109156005016
-0.7382035609746749,-0.6376123853336398,-0.5014147666229768
-0.6898502848017756,-0.6562623990954618,-0.49518656262589844
-0.6960838163171487,-0.647647779351907,-0.4939583967654605
-0.6587075410108132,-0.5965482963333457,-0.46670553124659264
-0.6554652005070845,-0.5957819456106258,-0.47267904997689336
-4.06551959324212,-3.024997765200642,7.0162469980047995
53.11089063075726,13.845393260394697,178.295899435861
0.7591815303768551,0.7075669192783764,0.5218061033960902
34.97763868007678,11.537972122828315,117.14486861564104
54.99694514932068,18.98884488816594,185.081693717034
89.11526285613215,30.409786673474922,294.21417129593766
0.814832047002101,0.7196312123569336,0.5351141311669481
38.917638505216374,12.888625259169725,129.73879775648362
57.95118660666501,19.88200366936324,196.79159247341693
56.445024103565956,19.54739838761469,192.6930284056372
33.51954616073133,11.259282088901358,111.29949532089024
72.96011829784553,24.662170811637285,242.640422540687
43.04950652380798,14.299382674651449,141.74719746843252
106.71925056643887,36.97338994059715,343.9008193992406
45.028715925605674,15.167616281867176,147.05817351584363
58.30782470429395,19.929550639936302,192.5196045456126
50.774634533314234,17.203253230901744,164.62455071757364
32.622117718819666,10.889785117621859,102.8879649387477
59.24482933903454,20.69324279728801,191.30784634107076
60.84685512077506,21.033276073708766,195.4472922415774
32.13067465441192,10.506142620954643,99.26492059130376
32.28618563980237,10.277625514673925,98.9439264294772
32.28246330412193,10.032068090793455,98.08576054970553
30.192160858138678,9.02139393942637,90.85911460914477
32.68149532832886,9.634923792221409,98.01520916271728
32.83944362244105,9.449955459138609,98.0802592221693
42.30224353520083,11.735374571458204,127.24721235211834
51.87591079268147,14.638749558431964,158.88545588538477
33.06523915673204,9.103134304039376,99.44931442629664
33.11069191807863,9.125719696698145,99.69475882712672
32.942075866649446,9.308580161614694,99.76729743130771
33.21409053928267,9.661409213323498,101.08934167785387
33.2618148915181,9.874776382908697,101.76625555926711
78.25713816610705,23.860233841348922,243.20867743309074
34.32245755693607,10.425883255657991,106.78100992671047
64.58811614345268,20.11830725884418,207.4988852302423
58.53092234526866,17.644119041433186,181.09861958080265
65.25769024146237,20.07967177440216,207.2017517046636
177.90122365214862,54.16904333962634,543.666800262462
65.36492378971101,20.104953166773104,206.47728732217928
218.75246641518734,63.92059084953499,663.2280305005022
33.566055964177465,10.014912118766151,103.80791036387171
67.82099041550526,21.393767941463523,216.2986000974185
77.3154934678423,24.168561259550344,242.5991130394282
100.05531840850401,35.952758243623165,298.9765917063332
78.46670755042958,24.76586234983129,248.59781379383597
37.65839579312202,10.941016799101815,116.68961850563883
179.65779324426362,49.659680737906186,549.069056599011
63.77962371449178,16.895694495588042,202.256832787056
70.22071572933073,18.490916326359514,217.7249690806084
93.54323735790467,24.693660573826914,276.9745838905367
91.75563239581656,22.231117740071717,271.86207025224104
0.5112481131876567,0.7776129389551906,0.5097322145645101
66.2541026159074,17.037801653544054,199.91872560886506
36.56015475626632,8.777374385061794,107.80370654819613
69.28924099417998,17.38841546950946,210.90923462622237
-4.06551959324212,-3.024997765200642,7.0162469980047995
79.96111687450426,20.055979029726288,242.72491383125094
63.28726895996668,16.214491198045984,194.8488032078987
70.01732411258425,18.058934700499186,215.28132442558686
35.60086447917227,8.734311477753671,106.69915554262982
64.11492293417074,16.175562262036085,194.2982308918335
123.29048448992087,30.206098733678946,371.79885077971466
107.52879406968286,25.84293162277824,325.44231198303936
82.92604369178976,19.76184001103769,252.50630655642257
88.1429730884985,20.45933600869263,269.3162729999224
56.13192710829293,12.680656310512457,170.34031096504248
35.684028446146016,7.328098153948287,107.55341968417689
67.64919406408747,13.668980785952664,209.4129229274556
35.50897509775166,6.16980127688283,105.98051487301078
84.04803946622694,13.264699020401912,253.22263964166234
34.48256590043389,4.51295808400781,103.1922705202595
70.34657136117794,8.332460554884724,211.79196629443163
30.97142465735924,2.5447321855633667,92.89647219600226
42.429496919965544,2.369225794935885,131.45746658260884
27.241722895585646,0.6037739523203787,82.17014154004542
-4.06551959324212,-3.024997765200642,7.0162469980047995
122.8290378390864,-8.49573090820367,366.3630223953455
58.960413694275545,-8.28900255466008,178.00484115426337
58.66042067570684,-10.43950877386708,178.11304501218115
56.24027825966006,-11.390602379826682,172.3104872618859
56.58718315682016,-12.502071140720249,176.2996704224346
55.872614691402305,-12.34978525856414,176.73995596700536
68.94845769899148,-14.495138369764716,222.64532893918988
54.002589850576236,-10.141286062380487,177.61302404946346
53.50824934657072,-8.26172873884041,178.63211509580827
52.231649337112934,-6.290289584925393,175.9655062251526
52.28683959227784,-4.401509272741912,176.638666351511
51.862738726601116,-2.6715613778687035,175.03750633923033
59.709104356353926,-1.2634168659618903,199.87836519387676
52.370258782593915,-0.4887477311328521,175.36220593254242
-4.06551959324212,-3.024997765200642,7.0162469980047995
52.5673944708219,0.29034949151898226,174.74811792430415
55.77135683886413,0.4855710132803365,179.30908852889632
61.585577524762186,0.826535714001452,192.35204173635242
75.44559167068748,-0.6010913079138879,231.16115752264903
60.737726992716844,0.6496671972263957,180.4461034653365
62.06694854278296,0.8133426946190166,180.42994984863267
82.49144410152887,2.8378164595722097,236.59275611724973
90.014772013594,3.340648613567495,252.52532541564972
73.26244455627189,3.3344198670255865,203.40171176612006
127.12675281744471,7.425383068072115,351.41292461909995
235.56186041258482,15.689286787537851,642.6319380397476
73.49815987575676,5.404503079012129,202.2141947572452
182.80892010504846,14.413035954120577,505.12224404896176
70.56241116247476,6.01683308263727,195.6961555756194
130.81825958058778,11.946906777525776,364.30996870109533
83.09068749043352,8.574251807098884,233.68735876932035
65.34077409465964,6.964745621731267,183.70691600108776
142.87402492181295,16.960629470883223,400.22056030594473
107.12215359846027,14.35387865315407,302.95256720738803
73.87886723730259,11.196952990184885,207.78645540359003
-65.50811116249967,-12.243600477999259,-184.5167016294756
-67.15861266160563,-14.73155757003272,-188.1325884345962
118.54226867684518,28.710486754703304,329.41110609327967
137.3950989012273,37.26055015283778,374.3551980351843
188.99501343321577,53.80631729959833,509.14420859627955
112.9665907616919,35.730689038095804,305.7969878765244
137.84927817361023,44.470079796281176,367.23988858126665
139.71590580161418,45.10595477557059,371.2312107570947
131.46196655643527,44.7151138567249,341.3463463758883
100.67320814441409,35.99254781867416,259.78548302864243
113.79184723352871,40.56714521407638,291.2084106008405
83.29250131828444,29.400681316583352,210.76978132309003
121.71130959143817,41.06441107742416,305.4801123756926
121.22751560892183,40.08912731588527,302.6999832643896
121.04076064008507,39.05776751768241,299.54040123772853
141.2531178114005,44.34156773514804,347.7856484762391
124.81857951045828,39.668542025636924,307.04403193680724
125.22433046179137,39.02862632206974,307.32144409850787
106.95000156811636,33.95031389325782,261.44315477403774
83.97468613679331,26.46144373367299,204.70315841493576
249.30910276199646,72.90398172387103,600.4648567596562
113.05768347534483,34.751091731827536,272.8233684915639
85.2813244982089,26.44883101965125,204.8604406319151
209.27798308784202,61.380536827718764,500.5606950674512
85.89008673359899,26.325604169890077,204.0403001861693
104.41217183243562,32.58465728549538,248.91201625925524
85.28264077812767,26.06555024200883,202.35980285343706
238.6645603612608,70.74185096863849,564.0859328235277
247.0170340022103,70.04153456796006,587.1182593880636
196.71076760832176,56.6690289264268,467.03868284219175
195.84443922343883,56.37175318689348,464.50343975466797
226.9502050857941,64.7076260860106,538.2533702363378
-4.06551959324212,-3.024997765200642,7.0162469980047995
108.76521714208432,33.208634343942485,258.865703377508
290.0030097026094,81.79470410409209,689.0190318034473
215.43120994493668,62.209645852024536,515.6325234587844
85.01818896988681,25.93185436786135,201.9998662503154
101.26214303179438,31.608475109265505,240.6057951216739
114.39717051023449,34.7319751250509,272.3131093335497
150.91688391692114,45.37224239221239,357.898666047926
206.83461562590878,59.91741523254126,491.64741111584385
304.2063872874478,86.71063190826685,719.3000547226936
83.54839486506829,26.017123490157438,197.7317027894618
190.0980694500544,56.46148734023981,449.38685536276523
141.53228659173533,42.906434932278025,335.40525660803445
285.1123326523978,83.06068013853557,674.9195432535042
109.85151622768613,34.48357556280138,260.76058318327983
112.80480281081702,35.127746684121504,267.78598371396765
141.41815617171804,43.81754103795008,335.84654326062065
128.0932747760844,39.759453783520684,304.3740177870717
-1.9087398387585381,-0.4493414130313998,-8.359668673207533
-1.993012538691245,-0.3754674870450972,-8.533684896903745
-1.9887109529504314,-0.3823860186659229,-8.533048352831306
-1.9612943610551103,-0.43560809775788095,-8.534507244984752
151.1398247410857,46.155009133162295,358.763917334586
86.22286979822455,27.170071196949827,204.41539132003248
116.88473931539544,36.17119778150273,277.55548699326897
126.56916301322651,39.330661113090585,299.9705458796209
311.4214396085534,90.88608171090559,736.8444987273526
201.01106216350942,60.19247646533841,479.12496917580785
226.86692006756024,67.67286749222578,539.1862274026264
235.1092315003659,69.70558353703052,558.2510470591994
205.92865527810645,60.45047479630722,488.79104294673505
207.43104543402475,64.62303963352119,491.3780283707417
197.31256069353068,59.16191324225464,473.49747149672737
178.70433563820453,54.31719641014753,423.95341893008487
120.75769068565043,37.16843898437024,287.3348820343107
298.1364299102415,86.04813021595993,705.3020095070459
310.5515657341839,90.68160537586203,737.6530095406332
156.8088994771756,47.40010877587609,372.13422912022924
119.73088166649505,37.616233302374326,288.51736786540704
124.0043210180352,38.956852986090894,298.25863480919526
117.0052525535084,37.47184874521988,279.19959009935764
81.56151063992021,26.253078427125892,192.81426300606552
83.54745287688054,27.036802681175686,197.45790611336963
83.53365740228118,27.03562024959874,197.42325602777177
83.41258744023462,27.00277509506171,197.1055058075128
83.45136623389602,27.014605920093874,197.19197589806777
119.23386082146362,38.48595742963016,283.139500760572
112.61682599549064,36.2031969015825,267.6394560417598
221.66928808841578,68.68162192163871,526.9575320434938
119.65231951229198,38.735827540222736,285.4638981581092
122.26597472776092,39.383214096754514,293.31300100916974
250.11619948212464,77.60231051934423,600.9985127818359
1572.4525692791406,464.80374319986333,3783.5530232641568
312.5342192881545,96.73480903942901,757.0450756372985
108.1878197337886,35.28176208347888,262.16879409553
174.71365492943545,55.033297428222895,424.0894392536499
124.2064512099081,39.54595900057915,301.81996791807217
170.47708829852672,52.85342044617649,416.32851351922153
82.18723498036665,26.467988697987785,199.44911327042416
181.93765537342605,55.491816512742204,443.2739023608338
159.82456020050742,49.169833074711285,389.12429112018464
127.5824807811117,39.93137474851116,309.78761638821544
202.9791506498389,60.49799378311677,492.0869708191938
203.4564830550371,60.301980823573,493.12648235144195
201.7533634261572,59.62815163745507,490.01352629537433
115.54016868566296,35.27053867218652,281.77778998411543
170.48055082152598,50.82875878376706,413.8437973089961
81.40470771509598,25.412393893823893,197.7353815467895
233.56045418195126,68.07268226341466,567.1808433445384
98.41400991176741,31.200703100481455,239.85976523780172
132.93053452851515,40.74899651104951,325.1884515771288
392.2288835994124,113.43006824999334,958.1414444602915
162.51374240314752,49.82043298476382,400.01857638134163
100.83617995053504,31.394260194129895,248.67009669227605
113.99184049350012,35.30666247972576,282.48400483676545
119.22974684910879,36.748986328501346,295.83806680704237
86.51264714756599,27.16025892748927,213.48077979568606
100.26295895162644,30.806191662086125,247.86573954581394
79.0974276117,24.51933208012634,194.98284960021422
344.08609891078873,96.90166387243102,848.847884640572
107.63413409177636,32.72943960755748,265.68060584109094
81.42361460346716,24.917558734385153,200.43987557783873
-0.6865549536602569,-1.3969322920394085,-1.0574346185948933
-74.15805592596519,-22.689863775610494,-182.86860316843877
79.1594730018797,24.161622173812024,195.25264141721732
-0.03458233126731308,-0.13461903816661916,0.6611367324353272
138.1290721702529,40.57951405503805,343.4336891834743
867.0049997769297,229.67709616039747,2176.281830563412
81.0349944227134,24.791735564225235,199.4189604560221
126.37809291775697,38.57979554812693,310.9181674909663
125.39484335859012,37.19431740696685,312.20138370720696
119.54528782300031,36.332359490468136,300.76144425772213
9585.724395579104,2615.6764424719477,23731.05955577532
219.44051124803593,63.65324048516927,541.5475606078941
205.7903411467061,59.73078565275677,509.5757363736086
407.539696766973,115.43750851847518,1010.073390012177
1593.0618031469485,437.1369074233687,3961.5247968111894
200.641410521271,58.42159165719772,503.03457289255743
-4.06551959324212,-3.024997765200642,7.0162469980047995
185.1287201912556,54.377673489270464,462.071487696391
0.13572539488822008,-1.7863337311544147,1.1733599312192187
3.618985488116965,-8.803999557001882,-1.0831141727745455
-0.28784192367697015,-1.663490904526503,1.2088866530932671
-0.2843506819780939,-1.6626862336878028,1.2076170569092692
0.08179737235706547,-1.7027808492145624,1.1831254325360525
-0.4903195620891271,-1.5985167899017445,1.213715089697776
-0.22889146166706556,-1.66491921506743,1.2021008622728446
0.25085707187847456,-1.6567914435037203,1.1714073852839217
-0.2652028798471499,-1.6715450942070602,1.184852676325706
-75.57306611043894,-23.90341171979305,-195.655221145137
0.2951420172085771,-1.6987981529238088,1.1790612216687126
-4.06551959324212,-3.024997765200642,7.0162469980047995
-0.5191108625513716,-1.5869327109904843,1.196373827615031
77.03861776860938,24.445843880291466,205.12729600736003
329.2379017644977,97.22339765184746,873.9142899280158
148.05302338862316,43.99436551544542,397.5984808348002
71.86190365214205,21.332134162259916,195.5079956935483
69.87918390321649,20.171092961948105,191.92561395082342
-227.8466824067364,-59.5023741300161,-625.3991509605733
-371.47965762190256,-90.73847860234903,-1022.5742960474466
-64.08157690036381,-16.955623272125234,-182.522930380694
-61.868223241153224,-16.202671044680656,-178.44453869851023
-61.308883274447226,-15.738662272778523,-179.48075701064252
-2208.8758090201122,-486.70850148169154,-6338.037863952743
-94.78754842768524,-23.108531097621135,-283.8635211589448
-58.46501290246579,-14.293102694579675,-179.72671382684166
-50.124417234717406,-11.807678407123197,-155.53987543862212
-46.25869765532163,-10.171305366556258,-145.81241797838777
-44.86159176754166,-9.70509443972469,-142.71289491434644
-71.46347245272767,-14.798765461856568,-225.837509439242
-43.44249396817637,-9.200003048920859,-140.81399965323885
-43.15328486967987,-9.12712307690589,-140.2498865926307
-42.04859640488493,-8.896736869688683,-138.27385736393788
-42.75226361847972,-9.139971764384475,-141.4976150177968
-4.06551959324212,-3.024997765200642,7.0162469980047995
-41.26770841717619,-8.847732226835133,-137.94010819134118
-41.34579671161982,-8.69454729677216,-140.4585939473509
-41.59847025074681,-8.650896244637284,-142.29450353456835
-39.762215098884326,-8.109100424888748,-136.4309242842293
-40.157489349192694,-8.120879420064927,-138.66386866461332
-38.88730248551519,-7.634494670204699,-135.65239748633635
-38.42063555227689,-7.369252169294943,-135.60914075300528
-38.95042066041731,-7.3347208860673305,-139.50168001241366
-37.6221018467387,-6.874616317239581,-137.093898241904
-35.98975980991135,-6.522108045247668,-134.23233644353755
-35.200221652005006,-6.125753909471992,-134.6254893638912
-33.9024025431349,-5.574892793309854,-133.29415243894582
-4.06551959324212,-3.024997765200642,7.0162469980047995
0.8912339828321579,-1.33915182248283,1.1078097551322206
0.8768058831304044,-1.332798483860542,1.1015047940184024
0.9339672283345677,-1.2889474255874027,1.0974749059451714
0.8633555231467767,-1.3373985057792486,1.1037627638224252
0.9632923079827026,-1.2495374538030017,1.0846717482572314
0.763055884306389,-0.6652335601102695,-0.5719741494357433
0.9218160710707148,-1.276221886960429,1.0811841934058921
0.88818724101321,-1.2998497312275565,1.0878765530763903
0.9919950214443015,-1.2329675690677255,1.0762777520776319
0.7399218760660439,-1.3713993223752505,1.089460716627593
1.111808278860591,-1.0657831209664,1.0685440803815258
0.645705421707957,-1.4394435121969764,1.095575753268148
0.8272184465748927,-1.317695707309135,1.0851679155358114
0.8088078696166195,-1.3632475362907965,1.106985177972008
0.716783638549556,-1.4107942504737672,1.112489443046199
0.7473499271983365,-1.3892288317311658,1.1083845090613067
1.062019645019846,-1.1615267939603422,1.0945706592884543
0.8206144365576344,-1.3505650015832729,1.1058903287144388
0.6741237295353029,-1.423789195634026,1.1134195788008514
0.6895611016213712,-1.406948947901004,1.0878053369148315
0.1720326686339111,-1.571358248579644,1.1163325608473318
1.0434486222704675,-1.1744602599428502,1.084859337425501
1.0432584811721177,-1.1800863718367844,1.078008593488644
1.0037747494897842,-1.2102685326726568,1.0962674267894272
0.7119319169710732,-1.4041210697528383,1.1137976947445023
0.7160684542615399,-1.40223172231363,1.1095982599085707
-0.0010980661335062017,0.08310658571961775,8.617800603992503
1.0532190408829403,-1.183895634305952,1.0905033959371386
0.6886541629337213,-1.4135886480456237,1.1130986429239138
-24.771493598433253,-3.3405795644747562,-160.4043105932882
-29.497206396531112,-5.586126346758969,-201.549038969668
0.7738671764900544,-1.3453528811384596,1.0760043588942327
-28.614049498777792,-5.7282947357212946,-198.71186472905904
-28.69394508139106,-5.770248013371009,-201.4157933434009
-28.209777981978302,-5.642289908133871,-197.3753583859002
-23.128879627459526,-3.4666711571676725,-157.35070098704773
-24.316464525816937,-5.2947366345627564,-177.62042432979615
-25.01265918131113,-5.362164944131617,-181.8636459821455
-22.2391137199502,-3.794331010299797,-150.6277644217093
-27.39096906376839,-5.474215047880396,-191.11366467671743
-24.22892390447496,-4.948301331648245,-166.2441574286562
-25.225637464206986,-5.204829232235658,-173.98074869092545
-29.363946777323704,-7.005330997871566,-209.4142202107305
-23.753976031759652,-4.435223696493525,-161.90995832554373
-28.513191005203744,-6.760763183300058,-199.85402197455912
0.4919595317528219,-1.5017497347686846,1.126976937115364
-11.908282880381552,-2.770593777186999,-101.02327068810575
0.43546117673982304,-1.5249614249445422,1.1127441959719135
0.7151744576940257,-1.4092357996315614,1.1006164162032783
-25.996697643779374,-6.436046635718526,-179.8505595584833
-26.378780102714376,-6.5123319682099865,-187.5409418563918
-24.394619231147608,-5.420662996109663,-173.80602034834783
-26.858381063810725,-6.7458745593366105,-201.18344455356672
-25.759395301069386,-6.295032108373326,-194.89738786279162
-24.566855136436555,-5.840653983424183,-184.12631421823207
-24.11043654919607,-5.918305105471161,-183.18606540847568
-23.317833283784868,-5.537774146464094,-176.85287672996907
-24.86593785815478,-5.876929493368574,-189.58743135940927
-21.988789639108635,-5.0811688879088575,-164.696152032183
-25.043188613245373,-6.416715854318045,-197.4331942660971
0.6769557183035678,-1.417583677856568,1.1184230779731563
0.4478033712787648,-1.4943019173373129,1.1049548093680308
0.9334320742580628,-1.236966433764905,1.1142343095270622
-24.562067807897744,-6.196017907731539,-196.64622572295517
-25.42971852637136,-6.261995968873277,-203.6931643894664
-24.00841037564624,-5.975671668317628,-193.71705513507735
-22.946279280045648,-5.511925623215312,-182.42870774613655
-22.71754692962832,-5.3070120335985616,-179.31691133527522
-24.145646041755466,-6.106652017444234,-196.85533732277494
-24.145743870614147,-6.106727463468411,-196.85688231597433
-23.68106043666243,-5.959936068659449,-192.16951864612543
-22.38265154335244,-5.813524135488356,-184.1466702717992
-23.411824736665196,-5.802170172369729,-188.7744360756635
-23.761726510624335,-6.097129531734279,-192.36518783479642
-22.78580377632442,-5.580183652165863,-181.36349816093275
-23.916281644699335,-6.185215616822444,-193.85534247044677
-23.771081829489546,-6.215189883547501,-192.14464360861416
-20.731846182246468,-4.609236278367003,-161.2138945891983
-21.478504146424843,-4.793232475816495,-167.6545877985486
0.4900174363665562,-1.512635605094225,1.1330386201156222
0.632328617517106,-1.4404002906388205,1.121811832474635
0.35992606117622594,-1.5309653824974545,1.1299814480290384
-24.462413520587983,-6.799503333983811,-199.1066786390782
-20.457546687934908,-4.250048780974327,-158.264926631763
-24.202816787826073,-6.704201899618558,-195.65123431743612
-20.613752402890192,-4.816854102222354,-160.2951373652712
-23.234557287666135,-6.335936965722904,-186.29742293338913
-20.52572753715097,-4.3773796483030045,-158.65044359446648
-22.605616219992537,-6.178328480794154,-181.86882519164055
-23.633871094770008,-6.830855969615585,-196.32684701164038
-24.12540590989093,-6.950349079518039,-200.8761239916621
-23.272217408084597,-6.891994127502021,-197.71905552953243
0.36996682159375077,-1.541078447667385,1.1317489290915521
-21.075661714629998,-6.77889241457141,-193.31335491652382
-19.645690070078984,-6.556737390583659,-191.32577356213844
-15.925866448011355,-4.103409220285828,-155.18503718615824
-15.487276271493792,-5.318903254565453,-173.05127881259915
-12.84430106054216,-3.6002856805340713,-150.23838238309358
-0.5572768453064898,-0.17136111046168642,8.642856993952325
-11.602899756621522,-4.109448778691462,-191.64206803588257
-8.856375867488412,-2.8957483419129986,-173.7922463190717
-6.85825293130843,-2.3947548337642206,-169.3023978649079
-4.639887213038644,-1.3477322817453774,-163.5405442427677
-3.05148446559077,-1.1930343950361102,-163.42418962212625
-1.1860293644400957,-0.42970545045151387,-162.70115120822922
0.2266204621492061,-0.2507646054529155,-162.74762390088353
1.254719103181371,-0.34394555523130094,-162.9702552344235
2.225046445918676,-0.46175258927667323,-162.0230489223077
2.652967582500377,-0.6446642517126978,-159.9529101538758
3.028518534671707,-0.9011102942096642,-160.12506861498883
3.5207223872965825,-0.738504516859833,-159.5902285506807
3.5938483364292435,-0.5822170130004334,-156.051970054493
3.3787753715165185,-0.35781514557138894,-150.6441823195291
3.8816891900441477,-0.2866882720870032,-163.9876390008042
3.1314135665070792,-0.686405488883132,-156.95185182802012
3.099787106778892,-1.444841077979652,-159.7418991884344
2.962308306594645,-2.6069347883307588,-167.39013262687237
2.4226575559157606,-3.6807483353371273,-168.05776372455617
2.0873140584980305,-4.789061860919951,-171.8826319687581
1.637683748801951,-5.5704948378380506,-167.18005933066863
1.3740764266760792,-6.110101149156548,-166.8134332311286
1.08615432888681,-6.652802966408105,-165.61699717640997
0.8883396739713698,-7.325857977720108,-169.38558376162834
0.6691227115271683,-7.827277398768944,-167.46762257956215
0.7167843758733785,-8.390212265445324,-168.80868898161975
0.6606573457754413,-8.876309810950326,-167.33597734180483
0.3708619267865663,-9.302235248240596,-173.6731626832114
-0.01813761632577246,-9.10769462570395,-167.6742239074247
0.10960527749671384,-9.114956275250155,-167.0667515787453
0.2561707265881379,-8.684018395812267,-161.50742715357924
0.6969614403135221,-9.260452827320034,-168.5559884592554
1.0860873213960263,-9.16393389552609,-163.58234768671466
0.27402921553309734,-6.488697899246249,-144.1262923219966
0.45536787471337703,-6.463235089557476,-144.47136935129433
1.2004060718228229,-7.101684230019225,-151.0377057906818
2.7907507527200526,-8.486480320472246,-164.9725166643798
3.1082049153274136,-8.697011045362553,-164.61089375810073
3.56406028795461,-8.944743766967282,-166.95538740925014
4.324744667693086,-8.75623563124228,-163.49161476705245
3.1609625427759367,-6.123711905342076,-144.02072607585552
5.488644372483215,-8.914156254217671,-165.80057554863384
0.9263368777233869,-1.2396622618304871,1.1411107739661503
1.0999537321591142,-1.0892521660723464,1.138940729737765
1.053360480887729,-1.1361971430123634,1.13513728456985
1.1840710082818804,-0.99639711024413,1.1390206365613085
1.201068362165481,-0.9780539782693884,1.1315747188807765
1.2368838369093473,-0.9363049933475998,1.1362564138936122
1.3255843075325566,-0.78837850752482,1.1243530907741754
0.487476380262146,-0.4895350984462281,8.615635284883489
5.8818676392267015,-9.501620947446655,-170.5388063056582
3.6375836272453816,-6.657956912293707,-148.41727364106546
5.614707791966666,-9.643906354184251,-173.01477555061896
3.281257676444242,-6.660687510205725,-148.63044927233491
4.999982989676465,-9.627680823443896,-173.17448912551507
2.9607089767701975,-6.626213818635626,-149.09994892775302
4.7175245694360886,-9.89249504228386,-175.1561117328246
4.622213799769529,-10.118326249996615,-171.42584119833614
4.360465925639374,-10.700673030602571,-174.99347207683002
4.4220751440954285,-11.042803233925763,-172.66084430433938
2.7357524582012833,-9.248567464398555,-153.54040263205965
3.0707638126687504,-8.904572907396645,-148.97699100769185
3.4174554563582755,-8.541986034769957,-146.95437392588607
1.2579794925183034,-0.9094983505564157,1.13057626760909
1.4094984518293991,-0.6538477588254602,1.1245986847054832
1.3914784308609134,-0.6733784994382284,1.1586348603434444
1.4095621017215623,-0.6518924450543845,1.133970014981917
1.4320077917412408,-0.6029539904742355,1.1246336791247615
1.2390314481651068,-0.9375909763234119,1.1335572242345688
5.432099437294402,-11.946568977409932,-156.4983695871906
4.444293083016091,-11.695851697636085,-147.35161275175813
-1.8275914476596538,9.171307227862764,130.9308735752318
-1.0190203593560707,9.075073442631284,129.29116700506606
-0.23434437101598857,8.82321495166444,126.15824566378359
0.41270593223664515,8.984051836289428,126.25730535960743
0.8158042832169964,9.08592239237799,124.01257562075925
0.6731045447447814,9.367462317334258,123.46782537863865
0.5528342777167331,9.639544406212934,122.33679931063844
0.2765485304545697,9.90440102190157,120.64891481628692
-0.12929996194186483,10.023034809250246,118.6325461057239
-0.9501048227394944,9.981068952389887,116.60635139537759
-1.8097761018812095,9.925196084460582,116.38922372915304
-4.06551959324212,-3.024997765200642,7.0162469980047995
0.7041398070168431,0.06360454953594678,8.526915998868974
0.4615751039021739,0.22273253740239743,8.46528373618081
0.30836550933918017,0.14062617264436697,8.482787993840596
-4.06551959324212,-3.024997765200642,7.0162469980047995
0.09105420437199098,-0.06132692198236487,8.551197622370491
-0.07067749337559613,-0.32722664162278864,8.53985311221463
-0.008104539773307906,-0.3752464309704603,8.553581871542152
0.046369223614810884,-0.5218500130536908,8.526533528628256
0.1417248505759268,-0.6217143151074964,8.526376527892928
0.33695946795939513,-0.643598460888946,8.515780361749162
0.5509669146373779,-0.6268282712633064,8.5048867953827
0.8682219887059748,-0.29683637389667283,8.47672249502907
1.0932409517832384,-2.09727843262316,92.7857404465775
5.028528802457553,-1.4807198758904727,95.7509554858392
9.344425489512385,-0.9045477250080305,99.0766291737113
13.826391906686728,0.3523379739242136,102.17769183427343
18.412415790978997,1.3730254867366578,107.68565551957884
22.398363434982446,2.115762089768675,110.36094814388557
25.452801036382454,2.8172364911673164,109.82371089097751
28.24772057376444,3.523822551616019,110.7524051189082
30.7754053829799,3.6607860666988827,112.04326586422859
32.319779455486014,3.834784727926588,112.7716646374324
33.51212788242265,3.9755897451298954,113.02098257064858
34.597301695031234,4.165732677352745,114.57754130485374
36.00251256072488,4.763165608361094,117.7383693924086
37.8802525583643,5.523962359806947,121.94914548130983
40.413090806485464,6.384037132962542,127.52356688156517
76.43052220420773,14.277205995515137,241.4896145994246
80.56393525227767,16.44395180951119,256.4494169079092
81.57082416845437,17.46155057230342,256.4467077647976
75.44505520936299,18.58666887459338,243.58541377361283
77.37995505185768,20.57208204113346,249.98933841889985
43.40803555389052,11.245074541595937,137.56837269171078
59.36640029116778,15.366166673067127,186.64963184029
83.14800352605309,20.945129314583948,258.0840407513654
50.16870455129914,11.151660242776149,154.5125694615205
87.89012828715774,20.14728736655555,274.2525082513426
44.14449311250166,9.078311084441557,133.97632286739758
45.07318171963052,8.981060571064939,135.4514482619471
45.67535447515797,8.543884428489587,136.09302561320183
77.7608881415171,15.773778062978204,234.59603988967592
86.6768619774684,17.084921376189467,263.3005159523702
89.83234736659568,16.424507749604466,266.6893380640306
83.23916721631716,14.357097926677785,245.9473767234271
84.9756852847276,15.472994840491488,251.07834611168192
61.5706173486722,11.429868638788006,182.37847600371828
85.96976849867188,16.73890803114161,256.33973690555865
85.29641588963526,16.663395796749693,254.73314570328148
85.15209953546645,16.6603135753867,254.36999126682207
60.03802132652318,11.359716896839807,179.85050149198142
81.89751384394964,15.861048469228878,247.03075729658357
82.77451596541933,16.47063596338708,252.0602922636015
82.77452867144079,17.11585623390613,254.5171802527709
78.90246787614163,17.124559151264325,247.36290236046486
78.70271814452182,18.395292173882034,250.70375398689595
74.37721482151348,17.859865498955376,240.5690485261677
57.34079500697628,14.491329694482472,188.08870136185766
75.43180476120925,21.09466923107854,247.8534876778917
74.40944966999187,20.794684456809748,243.84292631033134
76.3229870542015,21.48220618574612,247.68739726241918
69.46914991531986,19.072841875524013,223.30398578371648
73.70603394932098,20.64149583816474,233.20931750314216
82.40425880339504,25.66145188102303,263.84983434289927
45.16079966924003,12.989739634518893,138.58902042511713
84.98359546993026,26.522823882581022,263.1954677721753
79.40226912514932,22.77410275600051,236.46368234922375
97.43126990128386,28.192110122061834,285.3561493203646
47.87944686722732,13.638972251469017,138.85482739169504
47.827197029336475,13.327912561411338,137.27820778936788
48.41013891252716,13.259698403769718,138.6296007196211
48.022437870024774,12.958755882294355,137.3987038022466
63.91083743661657,17.224719153585944,183.56137846086867
87.74124241243823,24.186650560538826,252.0106437024309
47.11925888325624,12.563002862337779,135.38489777873423
71.56331050941841,20.125694937153664,213.73872158521365
44.4445879369547,10.806627671588778,130.33270335222704
45.705739637583456,10.478876643634445,136.32123774411588
42.45867461004889,9.172511771067073,128.6111672374425
59.94595275522874,14.079595297844097,191.90024155092613
60.288971827239756,14.136384161657544,196.91260635308262
57.74420230562656,13.454526707134656,192.81193870495855
54.676197684026036,12.694360301542533,186.36086145969787
52.95204208619751,12.477551268103806,182.9541394934763
51.25839422472977,12.246450771941227,179.62275926635644
49.6365932899018,12.122960165529971,176.78794469147974
50.07857508497902,12.346828106604258,178.65028904642904
50.64608831335051,12.359080158978193,178.73705144496867
51.049933605430105,12.336984557810242,178.25873482957078
53.01100950864171,13.119567433135531,181.52023014490106
55.02297683522966,13.970836409507717,184.85222048738757
56.85131972892318,15.320170963158198,187.0979526859907
40.580984771522914,10.628204058427684,128.00532333289522
59.67038022281857,14.887562291594586,190.07366673660292
75.72990942632292,20.53790899647556,236.7695285988151
55.67970224987483,16.039061262403003,178.78625628069884
54.61727817318126,15.743928552570061,175.27195632697857
62.0408775658147,17.552729446301896,199.69120006320867
66.08211420871378,17.76116040430565,211.51630724555622
55.97291165852823,14.605655250380682,181.9990642763599
55.164314595668536,13.82931830473897,181.13664396858331
53.13751074412459,13.121301537847952,176.3917809485725
53.017233277716386,13.207522388459445,177.62919529502065
53.04521887635551,13.285179827750017,178.52913350461088
53.27912319391524,13.32835930854885,179.69643311213696
53.22485035841373,13.318214972248475,179.54120338140166
52.982061344229166,13.233771132707613,178.56420827455747
52.98983666957943,13.23522616264802,178.5905507451478
53.03870344270812,13.051885650149767,178.5749119265025
53.04143833567607,13.052362850655344,178.58534210491518
52.55345518742614,13.01742343428384,177.4640060024338
53.047371517677476,13.130754429115623,179.8867460413994
52.952809911886995,13.22556795757481,180.31244868412747
53.19703810103406,13.766479367630122,182.42424420304835
47.033615140556115,12.619435052110724,164.98782173900668
43.562314509042814,12.781868525906303,157.13632065273316
42.788342178352224,13.485886299475629,159.01938686667705
39.354135951398106,13.087009918726581,150.32191106011578
36.764042941282824,12.674278733487027,144.43351012941605
29.851928153987707,10.250451064855021,133.82481470527878
30.45746527828414,10.954674152968233,137.29621401537403
26.91733802914491,9.552718362894982,124.78792804941463
25.435074393881965,9.051039519914031,119.68495407558711
23.087430318870403,8.613732512226326,112.69634153179406
21.330663643500763,8.14896836299633,110.93805320414788
19.048832053407832,7.77738514480812,105.8187664198418
16.30502428809328,7.329799845550498,98.66684964281366
14.107251951103128,6.85497914013396,94.3340358978414
10.702295180502507,3.9988799202716057,73.08002115120001
8.778836376853722,3.258861964490192,68.67241026850974
6.756574411475218,2.3653505574747706,62.931931012672216
6.955960883774878,2.563411360599809,62.95771756400894
7.155588006708583,2.76171188474693,62.98422882563984
7.355470446930734,2.9602465655202073,63.01155392719433
7.555616742713765,3.159019079263301,63.03970029324449
7.75602830489432,3.3580330528273277,63.06858753981359
7.956704965530868,3.5572905408017284,63.09812812180217
8.157651579852056,3.75679615125078,63.12830718807274
8.358877020784565,3.9565584558038793,63.159159610732615
8.560390535309878,4.156586359840318,63.190719466835596
8.76220003583672,4.356887342324372,63.22300132294705
8.964312185719885,4.557467882729621,63.25600475016831
9.166732907011927,4.758334062641525,63.28972207364966
9.36946780072273,4.9594918673347586,63.32414359720557
9.572522425588923,5.160947297348679,63.35926046292349
9.775902459866407,5.362706403641209,63.3950659400266
9.979613754688273,5.56477528819522,63.431555563391555
10.183662238551108,5.7671600526578874,63.46872600612775
10.388053604399339,5.969866645728907,63.5065723509297
10.592792834607,6.172900637695165,63.54508450007542
10.797883769490454,6.376267164508764,63.58424458219258
11.00332968374314,6.579971531811147,63.62403252889946
11.209135710011507,6.784020040451351,63.66444409202089
11.415308213747272,6.988418697177075,63.70548379564967
11.621851494989299,7.193171940851327,63.747140792185505
11.828768622892797,7.3982842220414415,63.78939709926237
12.036063833767905,7.603761245096106,63.832244644022076
12.2437416233549,7.809608707018221,63.87567770277783
12.451800392640033,8.0158289354975,63.919651371282406
12.660248340333448,8.222426231139972,63.96418506147777
12.86917326842063,8.429443535665447,64.00979079309799
13.077810697005466,8.637054679420508,64.05203595406066
48.69630393759126,35.28290602486837,216.88347877929567
45.32577702820586,33.26724137021064,200.59510149110372
15.010212660205791,12.807863328961439,76.94272579147972
14.958486788068607,12.81033784183689,75.51662667589021
15.361843982255778,13.177922850441275,76.28217905878608
16.466566355333708,14.131321257972296,80.32660321491664
16.948225914158268,14.555444808901129,81.28646886763107
16.03023758067904,13.850660657927563,76.04578360437962
16.42486765851477,14.218829661499854,76.76890024182556
16.74076865777997,14.52768625651488,77.19300009974533
17.081249501991262,14.841758682873891,77.53070277337741
17.089490479884276,14.890635758328596,76.52165699879288
17.18891832165026,15.016097106359751,75.9296957187861
17.54374776215417,15.35133640097989,76.48715388889362
17.721646065377676,15.538325788846127,76.17194225114524
18.29981951767224,16.057994536500413,77.56386299624513
18.134503824196837,15.966854070627834,75.94558061929636
18.786628309761145,16.551985312099127,77.61625295447541
17.20160949378294,12.578048144965194,65.18876159737499
18.75118331514161,16.575816609408925,75.44944234154835
19.860065898652564,17.577018729539144,78.97314504025464
23.358881224236903,17.042227960320524,86.31308913465936
19.852714898398162,14.847882819005921,72.5687637804536
18.228321143993078,13.724149139003996,65.29150881102947
18.723488371843104,16.070297371717754,69.00922414849725
18.701895475637237,14.2048547733508,65.54736605938729
26.88466495309158,20.183160642081315,95.10171466744882
20.335794601165773,16.347530336209477,69.2791101862122
18.99019092561545,16.290405434461828,66.29038118494928
20.435672839943784,15.660591810855884,68.91603121417117
21.881338965227656,19.645083752660966,77.37733870869248
27.35676090861463,22.802395126179608,92.72826633732011
24.703868126520533,18.901217672238403,81.59138622625863
21.77497209712909,19.538589009044333,74.2356085377219
20.693782245755376,16.079724172800248,65.94139801652267
20.916996177424416,16.40225390666768,66.0608851619461
21.143764692725178,16.627194874835826,66.12450269875096
22.21935295382468,17.493750210501933,69.08281476277804
27.02976632724098,21.040921367231164,83.89475744354783
27.335939774257213,21.599374497249233,83.50748230850526
22.97350748554725,18.24101753646978,69.41117276884903
22.26357574871696,17.707719049903293,66.3600631913873
22.569913071671078,17.890389630460497,66.59658553795634
27.92642244103517,23.006665496937835,82.15349498878669
28.167390062085587,23.275821333111903,82.10210189425051
28.332940187702036,23.550042600079273,81.78812931601267
28.682681395634344,23.838052268153767,82.09278739945192
29.21474555455599,23.215325760018953,83.68371259951802
26.23315725522121,23.958541079032678,77.24199774371152
30.03504613802707,25.103041555096834,83.68922411310689
29.176866727769735,23.54945670366791,80.01427292396446
30.55830572327883,25.544617131956837,83.76962100587588
26.778517642393552,23.268983682498536,73.59503065154428
27.33413998906427,23.262854696733722,73.43883171704078
31.163149251848896,26.193904642104368,83.26150791127375
25.592836511701858,21.06006572395018,67.51941184648258
30.544335553211923,28.067039482265397,83.80180230238388
30.70359037256632,28.233512932155723,83.57937927122971
47.327351174430184,38.40521942849185,119.7046813728824
50.59773837111555,41.827301724997895,126.48676392322065
30.019960527602223,27.672957512474774,79.6352519200273
30.299368352020814,27.948466082250263,79.71210092336607
30.579018135474147,28.224252836030836,79.78833816277249
30.85929526346158,28.500681838049015,79.86501804067316
31.140667312768482,28.778154342113968,79.94328116602118
31.423363474653545,29.056844221062317,80.02359311258317
31.70739681090225,29.33667542090027,80.10573037345378
32.567034451186856,30.159798946005484,81.68609460758262
34.35851707071312,31.819062365969767,85.45080346386803
32.72731286214747,30.34077668847858,80.78810606213416
36.28515567758255,33.221669843291174,88.08247456514721
57.935309959350036,50.33626695592185,133.45484653019952
29.652634430679907,25.077916438100672,68.5944654294286
29.89005178489058,25.316503131221108,68.64555977266483
30.139063637813635,25.56336804450112,68.72443164582181
31.22382738083439,26.74060323628252,70.78453355734166
35.002643433503096,32.5669589143476,81.9575196447757
35.090393254749486,32.66165083943913,81.54797676463475
35.33919317378474,32.907912109669816,81.52598146193016
35.62390046511698,33.18860855335666,81.59007979524269
35.923581047224225,33.48423181710685,81.68985926950546
36.26675536661593,33.82161723561,81.89050213491838
36.8834444721154,34.41723521437531,82.71734625602123
32.340471343448804,27.758942303939683,69.28997885392671
32.6187439798814,28.03523438893836,69.4270803867976
32.86008318563226,28.271360279726828,69.47493128959469
63.4458663454249,54.73420733509823,131.69337130893123
38.267872819598075,35.804218092829316,82.93658000005534
42.55106184154336,39.467247563159404,91.14976464464705
33.78764773581288,29.11601814919608,69.54528485992125
38.651026664860545,36.183934566521266,82.01838948480894
38.93728384088325,36.46649091721558,82.07741081436615
34.63577369530515,30.048744512153913,69.99278822443813
39.58724159622355,37.10679377095008,82.36170264371194
39.87707856720687,37.39261484943428,82.42444207823438
40.171478403302636,37.68286134084153,82.4961028291655
40.471130197223026,37.97814801749109,82.57787839018246
40.68255372887571,38.18790386861214,82.47171502983262
40.89170599049772,38.396366781270544,82.3636564346646
36.479489478116015,31.88765537915961,70.6048192697037
36.71455262812112,32.12918450425218,70.62999374557783
42.053707784492055,39.53787900178399,83.14673228393315
42.36008175149759,39.84111793129306,83.23707602489526
