-10.388984491126857,27.185147334868763,134.18036665758214
-15.53043723426786,35.879481582066056,177.71200043347343
-4.06551959324212,-3.024997765200642,7.0162469980047995
-16.819387321416663,36.51942482485021,202.2920616710144
-15.9760115225256,33.206125493571484,197.47221585216704
-16.078214241789514,33.60411664288793,204.7095161587807
-15.242272671870385,32.366913287031096,198.5098500739845
-14.458199062455162,31.713415959301372,194.02768718704493
-8.555247484998235,21.85167859485093,137.6693147450821
-7.9782784259969315,21.414909247925376,134.14047781813107
-7.475230257246236,20.95602425869497,131.35965196886661
-7.115032173712186,20.544151645975344,129.81020332649683
-6.9042769112024125,20.318416357802146,128.49579876660704
6.57295952151218,-19.81195148447471,-125.2738389451095
6.4629808012173235,-19.76257122296346,-124.79985923050462
-6.673363345854217,20.446959038820786,128.83282732207718
-6.672287455037557,20.443149644686283,128.8105824735063
-6.717131925531953,20.509376036524436,128.97749909386621
-6.678297590845265,20.452514350341886,128.19612429089278
6.460163944751671,-19.66798880603156,-123.31106554475825
6.432019554673902,-19.696803143221825,-123.29886176192997
6.432090122258352,-19.69683010502973,-123.29911562498246
6.464613852305528,-19.702265793271113,-123.41316888467864
6.463658340851734,-19.69211017093862,-123.35576948704566
6.4638471202589365,-19.692427775426385,-123.35783505513069
6.526725960892705,-19.88031724398912,-124.3985315639585
6.452650708281291,-19.797386633489936,-123.98011950819446
6.423842808569621,-19.736663055405817,-123.5853717655076
6.5818407709550675,-20.0096041442315,-124.27026598581797
-7.137612588578189,21.601709144218788,131.52605243827924
-7.5553934804981076,21.80158653298151,132.56585185087837
-8.19517804838817,22.446855211226946,136.2442727583479
-4.06551959324212,-3.024997765200642,7.0162469980047995
-13.878819524120138,31.942282171332796,190.5130716958713
-8.658014883459009,21.311478784399657,138.91754307306735
-12.432089784110783,27.25551574158379,177.73149684656337
-11.099898141020066,25.71593672483546,174.4994974055153
-6.070204035587396,17.552684033086003,130.03955636342397
-4.881334478549732,15.805311319634116,122.7481136251534
-4.06551959324212,-3.024997765200642,7.0162469980047995
3.7079814846178696,-13.753186071664329,-112.67392691953911
1.6825526184980522,-11.452043941301211,-101.25650173464244
1.3462035062050701,-11.930812645462149,-96.31681300659653
-0.15073711529647907,-13.167066856152973,-107.48133212319613
-3.2213316867319253,-12.568377702753043,-115.72327358411445
-5.031981244820488,-12.489115772431283,-116.54662504264692
5.418316797251285,-4.695830093777478,-40.13932097215155
-4.06551959324212,-3.024997765200642,7.0162469980047995
8.34175571678583,12.674712466579455,112.63921079759434
12.005632346694053,12.275093422046671,110.82069236566072
14.011787290954096,12.222679982012746,111.26835525571474
15.325350532935058,11.553698681891948,106.73181338523432
16.293473659105317,11.351221900137933,103.75721897164475
16.766510782448492,11.00792073703737,98.90624604979917
24.31486046665538,17.181658644492117,150.1228894327784
24.89344203368468,17.31128394208624,147.82311485101593
26.2799181778164,18.037804716196224,150.13749131549673
28.72290357171365,19.25559469639898,155.8736267965039
27.486018344731352,19.552976259122524,146.94600962845539
26.18980786297326,19.121216108996414,139.06740642772954
24.34028690170457,18.37109660614783,128.25966246335312
23.343028599357538,18.165233473866436,121.79941956010141
22.10205632382171,17.905405437402106,114.56162309295713
0.9535997079283113,0.43417165230314525,0.535875737425893
0.5593024466724482,0.41151005057585865,0.41461887521185664
0.6856248729115146,0.49787264052534147,0.4623581741625001
0.7680933118681678,0.5055609571637522,0.4893307583054723
-4.06551959324212,-3.024997765200642,7.0162469980047995
0.5947062980285848,0.8806475531292973,0.5297283018820685
0.6376657280541407,0.6195939131715852,0.4728214522300493
0.6239188324147178,0.6285215172132493,0.4716670810142855
0.6231830811829148,0.6358439035028691,0.4730838976867105
0.6306470192123697,0.6312166691441253,0.4713523875697924
0.6166306414476487,0.6238958285159499,0.46560996079455713
0.5611701125791065,0.6693482514513253,0.4649155776086202
0.5470939283640721,0.646579590927943,0.45890279230722164
0.5486461891109463,0.6312233947214504,0.45355333415478427
0.542919825099073,0.6186008058815884,0.45107282969525614
0.5603758577175459,0.6332851401044276,0.4558254287311803
0.5801716094679371,0.6378261377362154,0.4608025836142198
0.5691962846954196,0.6428653847355301,0.4608600390266135
0.553634101192957,0.6467872030390047,0.4604040881501045
0.5562884936612595,0.6369150328265674,0.45744297851270727
0.5508133113189235,0.6357267994197354,0.45618593464517193
0.5532876563733167,0.6406061324630893,0.4577344120026497
0.5286629696356738,0.6067682988451928,0.4466733357285566
0.5398467114086875,0.6459417595826592,0.4562709197813014
0.5470804926973803,0.6240102888274793,0.4526848232487083
0.5616364131016629,0.6378974153254197,0.4598402850753611
0.5727137213218416,0.6373321635238138,0.4620073121209326
0.5657093432180972,0.6425742831242625,0.4621014565862523
0.5786790087384864,0.6329835324020939,0.46043993857834975
0.5880025206532746,0.6612190282047327,0.4703108563092323
0.5197898816283852,0.5666350628562351,0.43696799054047514
-51.80929923438915,-46.19656653396056,-252.11117256689624
-42.60348952008713,-35.70700282202769,-211.44657641961248
-4.06551959324212,-3.024997765200642,7.0162469980047995
75.92543209921787,70.12061731696465,422.2883655275305
-1.4503210796082342,-2.1807230589343716,-8.203835814260147
-1.4831760114023311,-2.110429306593086,-8.194009195890004
-1.5465028421743023,-2.0145816995556967,-8.174619329371223
-4.06551959324212,-3.024997765200642,7.0162469980047995
-0.7319674555570387,-2.0826472802923774,-8.279805390535758
-0.9064483836539924,-2.1459779849828315,-8.367109195001737
-0.7811909719062159,-2.1487241616745276,-8.192216720202508
-0.6123042877531909,-2.1828770475439043,-8.293816188864046
-0.5178719724368389,-2.1949197527586493,-8.322909327731555
-0.3974918270352577,-2.1729756422134434,-8.245162215682658
-0.2505512125906656,-2.144474174194619,-8.241799845605417
-0.08298644419724428,-2.1188142959305365,-8.41289999861622
0.0213230499084892,-2.101940893414577,-8.439543467411733
0.06649102726764422,-2.1085952054019894,-8.425208320296656
-4.06551959324212,-3.024997765200642,7.0162469980047995
0.17320739440746857,-2.0695762076954987,-8.245343401285238
0.3957558724200364,-2.0396356128329183,-8.363120272314445
0.5502129210795788,-1.9756963063300088,-8.411896825696095
0.6443567252520026,-1.9164667026313642,-8.31128383802589
0.7080997987507426,-1.9139052252698494,-8.374534235038679
0.7566792008221078,-1.9119987980504929,-8.412671858455779
0.7601931779665342,-1.937957142628909,-8.334155965693606
0.7770455838243299,-1.9703061514737379,-8.393409625516417
0.7451538691048671,-2.022357051808297,-8.318741848115083
0.7149162367521549,-2.094880852498272,-8.302233680874341
0.8643819034516538,-2.03809715692294,-8.315407921124075
0.8639832499171123,-2.122096250771009,-8.314330774513829
0.8780665979191726,-2.1545951194745405,-8.278066122846688
0.939384492222152,-2.156017505143015,-8.322075083934969
0.9196660602283657,-2.217291668893348,-8.309423487433783
1.0049097504267517,-2.192486057217138,-8.283681907516646
0.9942542822537953,-2.172173629338797,-8.206684928574877
-4.06551959324212,-3.024997765200642,7.0162469980047995
-6.957456441043555,34.6895187111143,202.64570847620558
-7.247990992009517,35.086660043711326,204.14021156378882
-7.338348366133031,35.32363846746241,203.2986768311509
-7.492743122150916,36.54370637886903,207.5750452905863
-7.590929224626593,37.98169671418844,213.49390187618317
-7.566592391668785,38.92860210553529,215.1761620528417
-7.49693599222188,39.615154853935536,215.64128819739688
-7.24777725359916,40.92260148637165,219.6736202517273
-6.834275366572636,41.48634283231252,219.61176306725946
-6.716212683470282,42.72624707799227,224.62321128427516
-6.440692149944091,43.020727901550806,224.32689320318346
-6.161418517402447,43.988018933820285,227.00598458219082
-5.795874426529634,43.945078314194525,224.60936953538965
-4.06551959324212,-3.024997765200642,7.0162469980047995
-5.390347509994666,44.709961508688274,224.6454236436937
-3.9363524290400473,46.57518294024853,221.8515966389823
-3.3020550067694394,47.29426123161516,222.0047803511713
-2.807889262176842,47.57853533016108,219.9994768483712
-2.395294013752169,48.08392160802631,219.64397777803595
-2.375247686721314,47.56558074167339,216.65670951693053
-2.5060124635558525,47.08026448981689,214.27478521771164
-4.06551959324212,-3.024997765200642,7.0162469980047995
-2.672746817615489,46.89461144333548,214.1544513629802
-3.463169552742832,45.268045913093886,210.24150653796957
-4.0941713815594305,43.91592548986423,206.31951098134786
-4.928370922185453,43.58505465250883,207.91304871511724
-5.682748951017719,42.33040421653569,204.7998260178151
-7.2606495454376505,42.87746887020878,211.16469758360705
-8.12666653100558,40.44463050056197,201.29318295140766
-9.308743428268208,39.94637828382441,202.08095000098842
-10.405094783622705,38.99212470517241,200.48079884945176
-11.560460307616657,38.29831252335714,201.1650281146175
-12.74714834254488,37.39191487151349,202.7219654149241
-13.60089639118309,36.0635028939462,202.0666940294586
-14.469079383664951,35.58092956246405,203.19438827614619
-15.152998461973379,35.356698057971435,206.04534892175937
-15.738401902721868,35.07336178475573,209.67594176807043
-16.277081166086308,34.50796534285408,210.15898315825052
-16.789154654285216,33.87908826031256,210.36811147280957
-17.40605283586335,33.63080718421884,214.14122860592855
-18.24417244788654,33.51058008557719,218.56619641239718
-18.643095579950916,32.88094296785673,219.15254260795808
-19.484371856727318,33.127944084886295,222.77333435250497
-19.705454400880875,32.77759310472881,221.29641691283703
-20.83807535401905,33.96235488547076,228.01544070446892
-21.80603882493833,35.0214277100436,232.46586852972518
-22.47659052107068,36.25691921338441,235.68889256749137
-23.4063969669308,37.52169507325687,239.1725742504428
-24.234644800457684,38.44962022106548,240.37892337194373
-25.03923458072042,39.82479348210459,244.07933034440285
-25.793145608197563,41.1018254314294,247.16234651724307
-26.053802682866003,41.82116515811391,246.94783369413614
-26.33211512495967,42.57180356194528,246.90462150613942
-26.409951136860318,42.68504130439829,246.2452045909345
-26.690574947191436,42.29540321780728,247.78086433573546
-26.875139973932406,41.59689994575733,247.91983345011118
-4.06551959324212,-3.024997765200642,7.0162469980047995
-27.140140662158686,40.96884161679872,250.35539054769114
-30.002825136513746,42.28908646187927,273.76793808435445
-30.56047547801413,42.21007754514463,278.2234228352853
-31.046946921255927,42.37316995071063,282.8416329615023
-4.06551959324212,-3.024997765200642,7.0162469980047995
-30.748776533368268,43.22859505610473,282.7747539919968
-31.408808782639518,44.99803546990822,289.48523044822923
-31.232568019348275,45.49993449973145,286.622305098238
-31.6396186131228,46.8574898968716,289.0410612551389
-31.684053309858232,47.83495077421095,289.62533666870354
-31.204310294296565,47.90913079989799,285.5807062394848
-31.684088102444992,48.82756244323591,289.77992083166424
-30.861446478516882,48.59483684274891,288.60676254008877
-30.510683578019986,48.51383392761777,289.36874299368776
-30.030507054738948,48.40182255183533,288.85700488956445
-29.556560884225693,48.29358017163016,288.3627400886302
-29.18328344133438,48.41277497556804,287.34326492860635
-28.855850948382653,48.58335447902283,286.08518342182566
-27.027194421586724,48.39060534793116,282.361289041744
-25.741295155460975,47.8550960151342,283.14702570906593
-24.49534672060082,46.20983191096502,276.2422493191479
-24.498712686578504,46.291630482605434,279.18485107573713
-23.944157789269052,46.12820948851175,279.8483287661812
-23.698133239519542,46.83709438726043,284.7566916804999
-22.822221693790826,46.703096952021795,284.21453690151026
-22.325334805514355,47.166329712859955,284.78552246293935
-21.735897938142987,47.42791760525859,284.0699797031067
-20.99175843418321,47.934534516112265,284.91167408004304
-20.144533666903165,48.230560488670825,284.5394536997295
-19.502606921694465,48.116821638197834,281.52714667439943
-19.373194576795978,49.21151569970774,285.75769088891116
-18.768878410817916,49.4035979494867,285.1608731038904
-18.07203059538327,49.094203120582605,282.2892457288961
-18.073234940162344,49.12476917978119,282.44639540207686
-18.04469165810949,49.08761290045084,282.19431595024173
-17.94909532789204,49.20585266270042,283.89592223782415
-17.850704941764477,48.95625545089651,282.5077794413989
-18.01703832039288,49.33322656897805,284.7466233927644
-18.34051926616294,49.28801831399997,283.33681393773657
-18.458868143363905,48.9027722850995,278.691804560445
-18.4318691327359,48.71839749117384,277.6011424673143
-19.03033317296608,49.33414602701157,280.47592246802776
-19.474877425892473,49.56368642472463,281.03641214909726
-19.687342245875517,49.66294861834137,281.54839906953293
-19.63275825217872,49.15637154130278,278.4126170722546
-19.453072713597184,48.79198997095374,277.32211456359784
-19.178240561849623,48.21649539950912,275.0113002945441
-19.133992519577376,48.079034517259025,274.44509350419406
-19.07386867592439,47.907072417084166,273.6839605318484
-18.770719873530265,47.448567865508885,271.97694422966987
-18.591850967299084,47.310666092756684,272.07926439892344
-18.846715064268523,47.08988048284299,270.89211009406176
-18.732824670298264,46.797695070426805,269.5902802124782
-18.55302840368125,46.68435772342854,268.9640166346872
-18.536673776564086,46.65979216389749,268.6873653132553
-18.47250595322052,46.51762658022898,267.693768770139
-18.51429869597088,46.66164634012288,268.30180439216656
-18.47417405898872,46.562344709071546,267.6933951146326
-4.06551959324212,-3.024997765200642,7.0162469980047995
-18.437181121542235,46.49199542901288,267.5079169134252
-18.096332384712536,45.47847750084784,263.627935042452
-18.196587273326152,45.636685751111756,264.8186630251957
-18.086517970907572,45.06475069675317,263.5863031356421
-17.833611906795166,44.59806411879439,262.13777545481406
-17.814473769561125,44.19537867583829,262.13709632259986
-17.75815766985684,43.71573257774799,261.65665680282075
-17.721693540744365,43.44326033770786,261.138268644797
-17.730495140896632,43.25111394033923,261.27470396996665
-17.779976543083,43.37911929762855,261.9107531324941
-17.666994198432732,43.320733824530265,259.95772360540826
-17.850126084834315,44.06167208247162,262.5528122140952
-17.466467129596346,43.88373563772859,259.0625582302422
-17.745817983807676,44.7437327706694,260.78683206629967
-17.97231266854954,45.09186454823357,261.5493228617923
-18.035506737890003,45.32493440788725,261.92949038382676
-18.088787692190113,45.45836211578135,262.6598386406973
-18.10212883665229,45.48912981245108,262.84229451858454
-18.241623698922634,45.64071169240838,262.59576322329605
-18.5383739312054,45.91717256807522,263.22026094118854
-18.622962268355234,46.30875196548952,264.31831229844033
-18.454959967330872,46.73892256469906,263.69914601970254
-18.246262686167018,47.29101745941699,263.431190933315
-18.564993267824097,48.018259717800404,265.43973094520686
-18.788224506085648,48.57932465809225,266.3721509951186
-18.967104416464146,48.85702238205371,265.6586360761724
-19.069469585454208,49.00449590662592,264.1716394558828
-18.925194239183927,48.95013354314549,262.39448575081894
-18.604819025605153,49.53087208232654,263.77238344761236
-18.41698146348423,49.52976683413649,263.81314195140976
-18.119818251661993,49.468238411597405,262.55943432554255
-17.636388009034054,48.92186848053725,258.69810591221545
-17.854050622840088,49.62812882507689,261.8574771778694
-17.874768918307883,50.33168839076287,265.67007746470205
-17.31807818380898,49.618339533551605,262.34794139350936
-17.30531322514488,50.03583122205109,265.6882323078568
-17.05999680045554,49.55275927313247,265.1468974087145
-17.00347321970198,49.75630071637155,267.77257380325904
-16.800281277401435,48.78202413346455,264.70381946162627
-17.064228207612395,48.702080213918066,266.563882586215
-17.11172164618268,48.97539702447672,268.1755907945603
-17.23908818777903,48.53898408641394,266.4850663600933
-17.421294598696704,48.39846312148419,265.90600760713653
-17.165276611024147,47.452570604260885,260.95652569263706
-17.201772998437594,47.42674902689329,261.2104926100326
-17.314642897016505,47.598101866245514,262.7376374931322
-17.304129821594334,47.54501564888557,262.59920249200627
-17.169165401423474,47.42183465781934,262.85487783453334
-17.173008415557153,47.47440765106968,263.22851715358246
-17.00484033306435,47.21621630323922,261.82299170965877
-16.609709921011426,47.33148458213474,262.51944977553813
-16.496489537974455,47.13738118508904,261.362902328369
-16.36664004522515,47.27234701557332,262.116657035419
-15.988189184383774,47.05031934342655,260.1452083345811
-15.899731204728061,47.333625116694606,261.89706731951816
-15.806858940705615,47.66533551560331,262.48941765309024
-15.616555666311452,47.9055285143591,262.71230917303075
-15.378558844256649,48.0095526039077,262.30015272041834
-15.235707021488611,48.21428278668383,263.4767986722343
-15.016691909626193,48.216264666887135,263.32621596172555
-15.01668985469214,48.21721081146131,263.3325000433788
-15.264315625597797,48.237201960687166,263.34965596711976
-15.265019448071051,48.23857703329735,263.3572233079872
-15.128428592067822,47.95708740063553,262.0582464143483
-15.29517742993192,48.424058409214645,265.10537266551324
-14.804990701516354,48.138355433922975,263.3543356767638
-14.851025312289668,47.87766257644484,262.0513493073667
-14.89815434187455,47.438954247825315,260.6502787631812
-15.46871065401964,48.02663307008353,265.686246307336
-16.16242552081669,49.28172895289792,274.6288434117773
-16.54782818904231,46.4109003747082,268.45093485263044
-16.350787902846335,46.43951869626296,268.46730958247565
-16.306052256706685,47.18137452460085,271.3161706440054
-16.078971107693643,47.41694237959064,270.8953114132741
-15.926288513696678,47.14783060535507,269.0682829388848
-15.708487104472104,46.839665045756554,265.23355746621297
-15.995646181161899,47.12594977108966,266.66184908879205
-16.070864230004773,46.0785569928951,260.5640407868589
-16.93084138490939,44.05779526108747,251.1406231113418
-17.110904564364816,42.849488862788775,247.85112720830278
-17.09089275886279,42.0794161075395,247.62102412980113
-17.40523535731166,42.257141161497884,252.6864487888371
-17.120095758905762,41.168942040550775,248.67705570326478
-16.591062363373318,40.52356922104046,245.99750128395726
-16.18877919499198,39.4925929863852,240.23605116780863
-15.77850807283621,38.43343489490666,234.32765951690908
-15.506150594153965,37.520603649761384,227.83917158983434
-15.354915911117713,37.11922964723295,224.88174468451322
-15.144644137987608,36.619797698071515,221.71584114820686
-14.793404943147593,35.6412077119065,214.92365170110395
-14.506770163756633,34.9139363642798,210.02173792677263
-14.138248204254255,33.54239856582259,201.4599130584248
-14.056914049937708,32.83432400629824,197.0573861412886
-4.06551959324212,-3.024997765200642,7.0162469980047995
-19.007097173237945,43.3563131683045,265.79198397959635
-19.189433032912863,42.45531874624694,260.3133072474594
-19.27032197384198,42.58158687926347,261.2705081765571
-19.712507449110085,43.50922363350505,268.0648629526526
-19.87439959247912,43.26238948216253,266.56096727409994
-20.142969048808826,43.352056328811564,267.04042221492267
-19.98386624651892,42.77141685161365,264.09303842570824
-20.430837310185012,43.31094220837423,267.724826198861
-20.79669267409834,43.68120913524862,270.41289850595496
-20.77689834134479,43.689389927946685,270.5686856130639
-20.738838677202935,43.65971371199508,270.48894719280145
-20.78188575379742,43.668119429928964,270.34948393570727
-20.741079656926807,43.52873843352291,269.5618172573528
-20.67474217409185,43.34212980216217,268.45863108569756
-21.025033169517062,43.15428055068501,268.3431733878924
-21.104830638510947,43.29722081279161,269.32018735360106
-21.260304874639047,43.44594933811957,270.7523256714475
-21.336263118234818,43.14659241098935,269.1875315400511
-21.47051247524851,43.18885649800515,270.2347110840715
-21.589671516315693,43.22611912155771,271.1414040157263
-21.74352154738336,43.14874138312883,271.30031127134856
-21.826247451386937,42.87172568756201,270.5553660011365
-21.951168320394753,43.09283873424052,272.0592217829555
-22.015560821801188,43.20593641705356,272.8522160665169
-22.018392438525957,43.216268429242305,272.92134163569557
-22.10777554319476,43.28725623682364,273.82976247896397
-22.198558534521837,43.29757349557599,274.0007442944382
-22.255389435976237,43.23293302394692,273.7094656298071
-4.06551959324212,-3.024997765200642,7.0162469980047995
-22.72814661899951,43.57247911841636,276.307165451519
-23.075992257536416,43.578270562950756,277.05489001222236
-23.221014630326582,43.485845874738615,277.0301181931258
-23.504913608213727,43.453744131932794,277.5809475586613
-23.73450294165927,43.31291905014043,277.45957642083806
-23.99365791839623,43.1052620112866,276.97920074804745
-24.12028359917572,42.59520551817166,274.70472840636813
-24.408491292297693,42.69471059738592,275.83215476089845
-24.468642223476394,42.73295926262318,276.2987797487569
-4.06551959324212,-3.024997765200642,7.0162469980047995
-24.416788380350322,42.64122258802932,275.4576164706837
-24.45439727102874,42.523970825858626,274.68179961844186
-24.569627832201128,42.55694325390082,275.07671540047073
-24.800380502107345,42.81287046520887,277.42553667712406
-25.03330784567745,43.059531270876604,279.8011316239959
-25.240187544880374,42.92886608454604,279.6538456202272
-25.351877340382227,42.60842751588573,278.4211465026564
-25.640635471651503,42.50341638520743,279.27627866361144
-25.752150525196587,42.09234463858536,278.2915728586107
-4.06551959324212,-3.024997765200642,7.0162469980047995
-26.532911459312068,42.75167312419552,284.0360434381755
-26.44758715283038,42.23848434974155,282.9027463926853
-26.442877983978967,42.11076668064955,282.79341428378984
-26.770307112263723,42.099109531603254,284.230187904876
-26.925297435405575,42.0655288856258,285.4594666763205
-27.056417308853987,41.792049683698465,285.10114243946583
-27.467227122942987,41.63984610965836,286.04247170219475
-27.888650516530102,41.35890530440894,285.64034106577856
-28.442341293660707,41.172503079991415,287.43294701597995
-29.3181745489092,41.06148550480708,288.86944707793884
-30.42302377907489,40.81878245590791,288.90644208652196
-31.58198540569486,40.75228196144366,290.11238384485404
-32.629048809880366,40.48472494832703,290.4925287221098
-33.72840256852051,40.47376534467447,292.9808721988967
-34.795528701556044,40.457796901395234,295.3521278261148
-35.36288210886024,39.92091660360478,292.9764010546726
-35.3890079639411,38.81538688911549,286.57534943254444
-70.52563984526165,74.4394884512985,569.3540686734219
-37.06281625849007,38.13719236176477,288.6807301293819
-37.96547602044726,37.290233404026814,288.63304277388625
-38.93461688024379,36.55686996798691,289.17220769218903
-39.48420380440669,36.116845541856456,288.1451890106319
-40.10280231228464,35.50064235578044,288.27071101527804
-40.458793375956034,34.86319160231701,284.4308028672087
-40.65756269076787,34.72274244367435,281.2100512306157
-41.43830394149728,35.97668906300651,285.89358696759894
-41.373306534769526,35.391119264270316,282.62284060721726
-42.26464016271025,35.84360301390464,286.8013823651464
-42.71702884280551,33.61547492464251,281.43350788247204
-44.22273458508856,32.730527814906175,282.56468409195423
-45.70586400632718,31.683522346179355,282.09262921684785
-0.15766413557297815,0.6075554431267873,8.603104241085719
-0.1970995750660996,0.564828843214113,8.611854248234186
-0.24006706332434843,0.5044566558174769,8.593271267479354
-0.27013053225515143,0.5286923484117685,8.602167605565112
-0.2910421062289747,0.5253877210280801,8.60306125320247
-0.308270917279665,0.5500581289852619,8.606578924750998
-0.320650369339664,0.5621975707036586,8.610252573353824
-0.32528910225661206,0.5464163876226467,8.605675257941884
-0.32424936058203946,0.5474308414421436,8.610778859864181
-0.3292895705985452,0.5204494604372346,8.59488856869692
-0.33645923083691787,0.5246853231344414,8.604577162206187
-52.893423635050866,28.644910410245547,276.394148678028
-53.17062343726989,28.692454974819622,278.1443239780592
-54.151511584983545,29.33750099689958,283.49873571371796
-54.44628352266525,29.34563960459321,283.3250812050635
-55.430190506201356,28.915560267415646,286.2801366468021
-56.65124024880086,29.00758326877539,290.65626886204814
-59.33536279109411,29.529592477287682,303.1900609633049
-59.96509470981224,24.822986111299635,293.531407907214
-59.415492467649734,24.77166609838708,291.4911134051945
-58.570139213859036,24.11946174369061,289.19234537651835
-0.4235750840704002,0.31234664696114955,8.618361200792544
-56.6803025534278,22.96650544294577,282.83396358093995
-4.06551959324212,-3.024997765200642,7.0162469980047995
-54.13642546794286,21.804776042756163,269.5659874667901
-49.754814549864896,18.81241172972952,243.7349335519657
-46.31537261538217,16.872516731735228,226.83112724113445
-42.65456702013847,15.105588308975722,208.483990563249
-38.45046459551674,12.15827966468704,185.68108731370353
-38.75191917715173,11.498900091646139,181.7868365128117
-33.791263375317364,9.259715022959663,154.13292955912175
-30.32475650032129,7.088827230032079,136.14460458533827
28.49463015918529,-5.577244606705481,-125.93494297169727
26.086130806147203,-4.0387163612758865,-113.83625011056716
-23.74955256671938,3.061042162350678,102.86659630556342
-22.2117267469991,2.3127575737576467,95.49461835804448
-20.968777636564038,1.5479192078040043,89.82136697736252
-19.330021909994475,-0.8839264477832313,86.60007222831072
-19.310730896130355,0.31669555439946706,82.77736135432315
-18.224317727508915,-1.9958158358954168,82.74101123873041
-4.06551959324212,-3.024997765200642,7.0162469980047995
-18.81283835118204,-2.3888726306775463,90.28230778819126
-19.943017242664464,-4.078240719093543,99.59333465676964
-19.36280382054975,-4.637557395954332,96.68136710514385
17.875407554497553,5.169245852474548,-88.81718804528134
17.55365205584134,5.37779403924912,-87.65557326601214
17.737457231766584,5.9059219116318475,-88.9576813582758
-4.06551959324212,-3.024997765200642,7.0162469980047995
-19.78842045120933,-4.898730039656362,96.9293483163853
-19.363670615557435,-6.793931759409098,98.3583869765905
-19.68253033791429,-8.031907166578069,99.39015659501034
-19.08146644298906,-7.67169000358194,96.86090520949465
-19.899405599875827,-8.249706043702036,101.11856589941303
-19.738430832986726,-8.694217891111775,101.71715571847504
-19.629201269931155,-9.19287594698856,102.40440753755108
-19.897775485627207,-9.999972479033302,105.19945080127297
-20.730670067338195,-11.081857648737111,111.29554668094364
-20.607621444135898,-11.740362300662182,115.41695231886455
-20.95245536772645,-12.264470527603352,122.53299148448933
-0.10924822554797599,-0.6771439092202621,8.556853829054907
-22.105581706247523,-13.375016481741149,139.0016931750914
-22.713008957044757,-13.669540736088848,147.47706672735333
-23.32432078317284,-14.31993627293999,158.19400557837997
-23.108990369342372,-14.521363426616578,161.01395623412012
-23.727160745256572,-15.296000261539616,167.92460944483148
-23.789387525525274,-15.746646562869339,170.1248294806153
-23.66478408943312,-16.51953737911425,172.893600507981
-4.06551959324212,-3.024997765200642,7.0162469980047995
-23.9036690849598,-17.2326950024321,175.72457327041872
-0.029902802860644895,-0.7740813110773878,0.4484320518265067
0.34947577736598096,-0.4074484247849299,0.38288857541292076
0.7223456233564026,-1.7791957491334087,0.769302467981826
0.578663934244394,-1.1474912745103896,-1.008289351751571
-24.517085444416768,-21.994972305129554,189.79804514196272
24.64403423003501,22.04834512696909,-193.14692164292902
36.48728976285684,29.79123949638633,-277.3047111186679
24.82928110049446,21.459048535206453,-199.18157993728872
25.560926506240943,21.693256738870616,-204.3258645506158
25.07220515330265,20.998796176883488,-197.9544271751779
33.57575560154038,28.333972408643277,-263.4993667903161
25.698909595576563,22.191392730978336,-201.3425544557707
25.812816127118268,22.612354668243565,-199.56190934586493
25.599471751631548,23.080199043410275,-197.26245278543576
24.850678864835512,23.1318835327479,-190.7950914808331
23.877525430332586,23.066039211101813,-181.68305800693867
23.076148598432567,22.823604249345482,-174.76264644542593
28.455563918006227,26.150064020458558,-204.6788146404416
27.53333329906136,25.763494493360266,-197.49789956774794
22.22776942905432,22.979230957335187,-168.728384502613
28.223164793449214,26.27007154583479,-203.89758063304834
-23.87176199983654,-24.27187996713499,182.8419331417234
-24.590863452196878,-24.722884199091883,189.98167452602357
-20.7988953193562,-11.596904439602902,146.63290301261077
-31.511208060744043,-30.16127034286769,243.9608419101021
2.07833586549008,0.9653700862444528,-8.334391407908628
1.9647066959441586,1.3629811904050189,-8.28203670192941
1.9148491789943711,1.4103859505473664,-8.299913107325365
2.0226994961684883,0.7659383225127323,-8.342112127186278
1.963648282331385,0.5161646438032708,-8.37696167097078
1.9987271675608858,0.9173728446362689,-8.326846598375365
1.9454799446430002,1.0421851254195824,-8.334848218212434
1.9567388668113581,0.9680920080439296,-8.330670247774592
1.922970236390732,1.082456739162817,-8.332453979175714
1.9345495253949871,0.8761320941658876,-8.344071792919722
1.9282582684788427,0.8485368730839882,-8.345215401296281
1.9280016078460271,0.9341120730187163,-8.350533174374416
1.9233829884928804,0.8856216543396872,-8.344511031159167
1.9150546898238436,0.8783972704520089,-8.359256586141
1.9069458277105116,0.9674004468729246,-8.369235125494377
1.9079428835622374,0.941775226982372,-8.373295914990791
1.9067730816951967,0.9571820354200049,-8.35805678790471
1.9044379519778503,1.0155886688639357,-8.36259687725674
1.8963981298839165,1.0686882912249769,-8.341618561075522
1.8960897336460656,1.107406451132095,-8.325981085446102
1.895403651955673,1.1116858624614128,-8.325645439276173
1.9053792777720753,1.0156858124280632,-8.33082413682035
1.8980876508345392,1.071227471089275,-8.307924401390663
1.9063783332218136,0.9289453659136525,-8.372342181977489
1.901776256171773,0.9728417656991916,-8.36999155268112
1.8910129731380647,0.8605768005592217,-8.36479350265982
1.8896862532393361,0.9678762355846259,-8.350111534362123
1.8890831006552247,0.9978647167869066,-8.36992395025708
1.875016403652309,0.8442638144067479,-8.366750095758132
1.8733747036676454,0.9031300358807727,-8.339221279656279
1.8715950160652963,0.8876778530731985,-8.364696699034862
1.856018203721614,0.7961783210075124,-8.39139461701808
1.8580038932503464,0.9964939855198159,-8.330180852520884
1.8600496500948744,0.9833898740917052,-8.35264229486025
1.8534519728864687,0.8714800575554629,-8.366823239900448
1.8543712635595424,1.0173159813651924,-8.349769738324028
1.841802986617832,1.1082112970575018,-8.363530273180812
1.846434636002803,0.993684826197308,-8.351637253400455
1.8454115164944371,0.9691969614195143,-8.353416962771684
1.839234224328049,1.0817424263711113,-8.368209860977009
1.843130657392867,1.0166611007503057,-8.345513143675642
1.8449171142245075,0.8942770779157606,-8.363394810194237
-4.06551959324212,-3.024997765200642,7.0162469980047995
1.8413028177482165,1.0212747204257895,-8.341311176390882
1.8431565861766717,1.040772552119342,-8.376853345011671
1.80510769715454,1.2286074879973319,-8.32186856858682
1.7691950173116395,1.3362780196244455,-8.32583834013784
1.7688032950494068,1.3371672598220194,-8.326083922138784
1.7698745167436682,1.333614631484177,-8.327412650416571
-4.06551959324212,-3.024997765200642,7.0162469980047995
-23.925603255304612,-32.48491168956117,250.9650729403584
-29.34607586952633,-38.09329840831631,299.58824254895165
-29.34607586952633,-38.09329840831631,299.58824254895165
-27.805224301955118,-36.871866632581025,289.3027306007223
-27.805224301955118,-36.871866632581025,289.3027306007223
-28.732937373537727,-37.510406506166476,293.9570267457896
-28.76927244361068,-37.553135693455744,294.2975919336784
-29.11381094441374,-37.18851040585731,294.88875882281036
-29.71455375074074,-37.44196978363438,295.7920445361689
-29.797429406548797,-37.37529904018474,295.6045590433461
-23.945832867900247,-31.69606256799759,243.4795920269395
-24.263674905430577,-31.746918570478343,244.5212628275239
-24.259592717308834,-31.467616442216222,242.8082982037729
-24.322982003789374,-31.252039905484242,241.17718832365495
-24.580333003969216,-31.31901415626263,242.45202676887075
-30.552305971426776,-36.14475806629587,288.5652372834135
-30.655548146418404,-35.61901892412001,284.085961171094
-30.25560933260768,-34.828809849489254,277.9165106673909
-30.119280700269236,-34.42745584925413,273.9697416094718
-29.228152874146176,-34.0938087224178,268.1415978868238
-29.91733740873014,-33.24929546440381,264.61983125691233
-29.713927249570563,-32.81552462082921,260.42748844875956
-29.548802280014293,-32.353413786030636,255.9263361971015
-29.541930702730728,-31.81743223463652,251.44598239576464
-29.61256649026361,-31.425338984058296,247.86400817686473
-29.329564013476045,-30.58233757655204,240.92928716625886
-29.264856287108827,-30.153583571058643,237.02331389110694
-29.10925175696038,-29.496908802740222,232.81342520836884
-28.9273137450579,-28.447038200262472,225.52974984068047
-29.010190683345602,-28.313286560382927,224.34116451237716
-28.609339530393452,-27.770913164186283,219.69701164440804
-24.808901533785278,-26.069924490586818,196.85598512246438
-25.092010848519177,-25.66098153585262,198.8393320652796
-24.748912569824302,-25.97514319144441,195.81857322109767
-28.260105286564905,-27.996205934177596,219.25207685668977
-29.047363948408577,-28.63376083385958,223.9974417107356
-25.216671459475503,-26.35999704533877,201.58254647757724
-24.54855489302414,-26.15099459279663,197.17952584193446
-28.586271506400045,-28.317990702451304,220.74626774006208
-28.52883173050137,-28.253586231082203,220.13771542712703
-28.487903108764495,-28.227754973779845,219.65397083468292
-28.488083881432978,-28.228099401799284,219.65569986575747
-28.545486051719433,-28.342554006821256,220.3610069769463
-28.533187939175995,-28.310046861011173,220.0958674728044
-28.437111893675713,-28.32756396079788,219.43686010008696
-28.48853626824909,-28.387954336611504,219.93139529066417
-28.369681739653082,-28.39827859889539,218.95888343050174
-28.384038972634627,-28.49278751591318,219.2303353783456
-28.146833294582844,-28.319516829640108,217.0471058874565
-28.134688368421383,-28.403960800206935,216.96791699579927
-28.055205689239223,-28.43267180684389,216.26962968269524
-27.936016340483004,-28.376980370618337,215.1886881018358
-27.923024077320672,-28.36130199659912,215.08305845601794
-27.858266005137992,-28.36269400660051,214.64306546509968
-27.835295263135972,-28.34173143187976,214.47140144263744
-27.835295263135972,-28.34173143187976,214.47140144263744
-27.713641810393764,-28.19640168019209,213.53641423703772
-27.692957612709417,-28.166450590177266,213.41977708447882
-27.927146575835017,-28.433853997308688,216.82228956168566
-28.05241268251749,-28.42146263910487,217.9539508354077
-27.958406669269678,-28.31931998720601,217.20342481788765
-28.071666398493058,-28.48219926898718,219.71284199496463
-27.946435067969393,-28.34289065540531,218.69021927096483
-27.905472843495343,-28.245696380738604,217.96131363641769
-27.971591415233608,-28.346544667513545,219.16927685945845
-27.91969242189295,-28.59098704424206,220.9923574651522
-27.639609562167024,-28.51489272346223,220.35637662257366
-27.098348904278296,-28.090744133095942,214.83608253469652
-26.386256721441097,-27.428043236509122,207.3274613429502
-26.157398535834147,-27.10741453149737,204.5929470300391
-25.78699186903747,-26.560669139848557,200.0180532862408
-25.314945328959965,-25.843284649460305,193.8994542914644
-25.05315173524591,-25.482190415092727,190.87559312659607
-24.976205507084334,-25.282241808942796,188.94667651915574
-24.953601239723053,-25.14212724548552,187.9221032823568
-24.588496795557536,-24.542287628343527,182.93053891689195
-24.677631951121572,-24.46385617069136,182.28495931306614
-24.542270717661705,-24.190110318517647,180.35000951973126
-24.48535738881667,-23.988158416173327,178.9011537458913
-24.4474433490108,-23.81024431548338,177.72567882446913
-24.445770885836296,-23.62052311130097,176.64098872627312
-24.29676016341145,-23.346830030205563,174.68349364062317
-24.163056489665912,-22.936130437657262,171.7378915385822
-24.210968115563745,-22.860243852854254,171.22563320134995
-24.211392098665716,-22.860834543131883,171.22883431425748
-24.086743379145993,-22.618454814379394,169.5178548365832
-24.03670132205675,-22.51136373851668,168.70825757917993
-24.036411268437384,-22.511238660683276,168.7065694737364
-23.9527857997174,-22.3374883711239,167.3607949146776
-23.960100815437105,-21.970153323632434,165.725400145172
-23.58051993304026,-21.157953300595036,160.8059695176406
-19.869767244289054,-15.228866841371245,123.7482749649266
19.673479409598006,13.8114621676542,-112.28281308918837
19.503602552246633,13.541131654771206,-110.77397554528174
19.54298092595485,13.570559060577498,-111.2918359878163
-4.06551959324212,-3.024997765200642,7.0162469980047995
-56.59053564381174,-44.0096101290777,334.21003603654566
-55.6564674148626,-45.88582408412154,335.4835654552087
-52.98020454052418,-43.322759072636686,317.19052870394466
-50.541207909989545,-42.39960548148669,303.1570018117138
-50.58128262848683,-42.88258328055932,303.7745688649176
-47.50767337192645,-41.060049941642966,286.1353749829133
-46.74148520299495,-40.413863765690856,281.25239645624646
-44.487921467645506,-39.40983087733381,271.52918888719745
-40.20638537160393,-37.1535273853317,252.08400164493438
-37.140856122280155,-35.7414190106887,238.57837748538887
-33.04880274926272,-30.697944922073923,210.62042888623844
-30.299646654194934,-29.17000858364983,199.23909790507545
-27.551003769754846,-28.103450552481206,189.90932667170904
-27.042953083976684,-32.14886052529194,206.7221112449949
-23.926172039459303,-27.739339786637036,186.51315552848988
-4.06551959324212,-3.024997765200642,7.0162469980047995
-19.44003343643846,-27.01446422866967,173.3505339371243
15.74236123317911,24.205765952302873,-160.72351029884737
-13.576146393870328,-27.999095131520576,173.8642738175738
-12.160947856117492,-25.910231368153035,167.85208596617585
-9.182956303182698,-28.719134444637312,176.94051822922077
6.43355798303265,26.1681376721293,-160.08638628012378
4.678719299987765,26.409811956011115,-161.54749268923894
-4.06551959324212,-3.024997765200642,7.0162469980047995
-2.285390189657316,-22.773110203210774,150.05097240794467
0.27325377819773916,-22.765515736084122,148.91915506432616
1.6533738976442307,-23.200748252115822,152.04993733043352
3.073915007472789,-23.522893676567417,154.5178608409181
4.33068368230243,-23.59479702338451,155.09953213392083
5.225300594394484,-22.991655775761025,152.14484552702453
6.295432836387515,-23.31763860598438,155.21544674463138
7.334943351315722,-23.236327409643856,156.2323067767157
8.454900630622102,-23.668149995425736,162.32272353986997
9.729126230712556,-24.14437677311047,169.46300000381913
10.495583481080805,-22.455225727596208,162.6359696337239
11.273304844631117,-21.793994691332607,162.34626666944857
12.533918164498585,-21.38273860998081,167.6767842285696
13.978347527855812,-21.082104169506678,174.60480755755094
15.876982657682026,-21.38736194120091,186.5944910474866
17.107162994651915,-20.784801107852967,191.40485365278158
19.082582951360543,-21.666650224747972,204.37073009742588
21.783056799266927,-21.40999037134191,208.13297383999907
23.099116054661536,-21.416345545299777,210.4025489618456
24.38384285312739,-21.52291386828761,213.25678636790434
24.972814964445355,-21.25567297231072,210.79377819959146
25.698973769325978,-21.319247623338914,211.1194039716118
-4.06551959324212,-3.024997765200642,7.0162469980047995
25.89044354669546,-21.160167740630396,208.493043665756
26.214489040700645,-20.702519954448928,202.62532873525421
27.08396174786994,-21.0801192329992,206.77939767168095
27.474211792487896,-21.169419460143995,208.96059319564134
27.74565821248475,-21.018675098895667,208.85285944807745
27.869583997806128,-20.729102885177095,207.46655357903353
28.486287116155662,-20.83870593287065,209.95026346796067
29.49270936789195,-21.30016063922976,215.2976128670248
29.29083256160298,-21.020555239391783,212.72401934311895
30.26455638992817,-21.48831112187317,217.21621938855617
29.94974754866637,-21.013079423944067,211.62665295546225
29.392237826892703,-20.419125813479727,204.1226696476088
29.864528662233365,-20.607158218146495,202.88559345319442
30.07835938177636,-20.58540955240379,200.0593520151468
30.382819805798185,-20.373785175878716,197.13026871363627
29.26223499884191,-19.381152272696273,187.07955119920237
30.16644266289724,-19.568407318460107,189.47900345092404
30.101890589797392,-19.056938524129762,184.51712241440757
30.824646275964543,-19.569924634057983,195.51988577114426
30.612161083823995,-18.92023047355656,190.05094835072973
-4.06551959324212,-3.024997765200642,7.0162469980047995
44.90240439021375,-27.081674187988632,272.0748440462514
46.77170161114616,-26.456341975233837,273.9499942508469
48.32241732425089,-26.39600158305969,279.531592059282
49.188094930434396,-25.98835638971094,281.399515202478
50.454716461778716,-25.77428270945302,285.29039666865015
52.54548102160897,-25.92471609172819,293.92298197318684
53.11462418767371,-25.26557030690266,295.4171091324015
54.96461939083308,-25.486396467748364,304.5743783800637
56.315785727576824,-25.68757408755635,310.2041318750533
55.80438814745431,-25.240128918414413,306.0949813562623
55.404272434597985,-25.00692374068034,303.76051797347856
55.33157160009269,-24.901682544170324,302.2002667075625
54.63212834393536,-24.563470169987106,297.90959092670096
55.84012114162857,-25.027611486416287,304.1995332006771
56.889209810716444,-25.413355953241037,308.7676422655416
56.06392965735908,-25.13323378924973,302.8701909843752
56.45528263303437,-25.38635911591787,304.8443445700921
57.66791538290098,-26.053454108863217,310.77798854945985
58.719240412071706,-26.63475979491812,315.7990711588364
58.46138226209886,-26.427527889820375,314.4326545599779
58.6850114875987,-26.524236325218784,315.67938984187913
58.884011914451534,-26.588495861602848,315.7914465400805
59.14656614655006,-27.14939904704411,317.8420290497001
58.988842758027744,-27.535607057212154,317.6454857103161
58.379826211052965,-27.89046964970058,316.5422559027095
58.11250557880232,-28.24573236504871,316.482388405049
58.05129273168593,-28.76060028723509,317.5463463907169
57.235066801136036,-29.079656480038008,315.67690941757746
57.780617906488224,-30.01934706368228,321.1677743429446
56.5219373856167,-30.338631900074628,317.7727859941122
55.962845806120924,-31.36115313747723,317.87361710668563
55.769697525868914,-32.73132522278823,322.4210154150225
44.556913888039404,-26.42883314546408,254.28227394560406
42.925595233714226,-26.341016473937746,250.00328888599384
40.64441966020632,-25.84306969946023,243.4745924090506
38.63360396904861,-25.51115896207839,238.16533283511717
38.596216190630656,-26.58586216076639,246.85798230416012
35.03275396808335,-25.810671289812372,235.7138450271707
33.03685499480279,-25.624481340918525,233.76715899986235
31.033474929350398,-25.370041074961257,230.7688865700029
28.986285284265517,-25.34835483629106,230.9338077951257
26.753858095074847,-25.179820726266563,229.6094794658252
24.689924433982057,-25.1650028130148,229.8005368371988
22.619230162690474,-25.173628998508416,229.99400525894143
20.375235449150598,-25.316441253829872,231.0702100677408
-4.06551959324212,-3.024997765200642,7.0162469980047995
-16.89437991498297,23.753601583958748,-216.32772611088137
-12.08352122582191,23.385576905734343,-213.9671131149672
-4.06551959324212,-3.024997765200642,7.0162469980047995
10.610513585910518,-24.499457107965203,224.86682870326052
5.730244728575719,-23.343406319636532,220.40265045350705
-3.0097410949852432,33.42563207575964,-323.395641068038
1.0422600301170646,-20.854291355190654,202.02728234704637
-0.7459185221104707,-20.237565661292265,198.70296190717073
1.9571106542456795,17.953095132140785,-177.98399357202314
3.1629509744711406,17.343914202972492,-175.59070867566794
9.582032915509364,29.045995692991426,-305.70674340851883
9.959320809087092,29.92615486991031,-312.3632620529363
5.750084628266521,15.826794721949495,-162.2424036205325
6.341059049575565,15.42789813228614,-157.2470930437249
6.867046064597165,15.178683239710196,-154.53933689223842
7.2267633084205665,15.031542964166563,-153.37404338591182
7.258774634152263,14.886393265453433,-152.15254015838659
7.2505761831689,14.820655642111268,-151.81861235932354
7.249987091060933,14.923017199827429,-153.00559162124952
7.102042151996219,15.050009396790266,-155.1485633503281
7.003105844950126,14.90051215418781,-156.99450519606685
6.848855364304277,14.27983578034311,-154.90138452572236
6.898347115669808,14.086604555972244,-158.24209150366198
6.7300757039898755,13.58339456280417,-154.3796642690432
6.743996058858647,13.167758995514086,-153.51345639432742
6.746880558373505,12.733600939583566,-152.4432640995408
6.885647958214164,12.473490875090258,-153.03497347221813
7.03616241596297,12.08964581359887,-152.85181800751982
7.430484219547434,11.833464431650237,-153.99643075153722
7.704500238740024,11.44783342273823,-153.07188876225848
8.024278622074672,11.190013308792718,-152.66976294277092
8.422703716767128,10.98062439655822,-153.58423489464036
8.727352754882576,10.593745139058207,-152.79155550502074
0.948309609676912,-0.5345082626736544,-8.744706604536262
1.6095607634815727,0.3690059614646086,-8.548534103083117
1.431831932282519,1.1008514221012715,-8.568007308513359
-4.06551959324212,-3.024997765200642,7.0162469980047995
1.6076541139364626,0.37033380625527434,-8.46223515972601
1.5663226632397025,0.7881819288574514,-8.429357314945548
26.084332266370687,22.70262667750283,-408.3676131884442
1.3711742048439128,-0.2832255902225685,-8.544293734736696
9.009200231475717,8.361660845565638,-146.1978142137976
21.35288828753905,16.249615218959395,-305.55628079897735
9.159551988808927,8.271048970466191,-147.52057205902796
25.88215837564539,19.467020506231766,-364.6256086888982
1.6368529275620447,0.3119353268165,-8.428557209474814
1.411189588542466,-0.32601004321003774,-8.49307966568805
9.402150553043263,7.901624316905897,-131.04564915810062
1.0065863828344936,-0.6137566547824558,-8.56953928953651
1.7401381984826565,0.21778879332582016,-8.458051778701389
1.6871965970484202,-0.01790593236464085,-8.46898374748987
-4.06551959324212,-3.024997765200642,7.0162469980047995
56.58370781496061,44.39969644006848,-588.9613798957896
33.58028348035127,25.271667127039976,-307.8241026970804
14.216570163177588,11.045402470186998,-126.30123670071445
12.842002616451072,9.833639310591147,-109.23664829218247
-4.06551959324212,-3.024997765200642,7.0162469980047995
70.43152492828064,47.539404940850034,-520.6734189918963
27.262024850663586,18.839331426176994,-189.89045233299248
27.70889434418018,19.338146154269438,-189.1888097581543
107.8312570665066,75.21670398804149,-723.8594442266209
74.50155180102163,50.818455785878605,-491.93624292332703
73.63899991237805,50.036898128280846,-484.52399551121084
28.787264812718778,19.93697409300864,-191.12586724087606
27.316395288032645,18.74104977949449,-182.42304703130566
27.268496647448977,18.722974700466715,-183.61456980948685
81.8495163808554,55.720983484268196,-554.1580052854425
28.06269786209273,19.699583110877754,-195.05392848424023
27.760282209147626,19.71500800987509,-197.38469180339956
108.9562842686381,77.00053427140456,-782.6438236503789
86.04557712255816,62.177122239633,-633.670130201913
57.48650076727162,42.798784742849136,-434.9380850642268
25.723711955484088,20.112795996708957,-198.06947169862812
25.802371128867307,20.496352217751923,-198.67977962869125
25.8293576062844,20.852865263986175,-198.9027366061706
26.335428850742424,21.404294066753284,-200.7309468584844
26.495867177619065,21.420060495514367,-199.56098780252086
26.58348715950274,21.472536236339263,-200.09894668275095
76.36381260390775,59.60599335751604,-564.7357057219416
75.77699551635129,57.3588905774029,-557.2454198692236
86.59370867676917,64.6922164133778,-638.3249184815984
73.68186365077075,53.5322630996011,-541.233503962192
27.75944411306824,20.244682039299924,-205.35981402747367
74.1251859438075,52.5394117417798,-544.9793943291622
77.64069981349937,54.61965049560009,-570.5114893593974
27.542579231939335,19.522780035061317,-205.6867104332646
27.445480915868213,19.425036408635787,-206.8338761895079
72.58715089672138,49.98350927490055,-542.1980702692782
72.60927144588655,49.99864580954089,-542.3695952305065
27.075847845578945,19.188389067848494,-205.4066737763052
87.85475012691448,61.72022622114095,-661.3406232093946
73.3886091872203,51.52696921046837,-553.6652811072645
85.79725976074782,60.93998275730337,-655.3838058334202
82.70438346244465,58.6523597316901,-630.8001934676877
86.45066656416374,61.248140590879984,-661.3648968409852
84.96300704409977,60.17783488859342,-650.6294861214611
78.76721238116227,56.005248230279825,-606.2723970046903
80.74426821912233,57.50040660006187,-626.7370051582127
83.55633716055985,59.25435641033357,-651.5895696048453
79.19355614559284,56.225931950506705,-623.878161362323
50.52464194066851,36.94183327701354,-405.27078114128517
26.637365359686232,19.719499985408078,-216.79385191041496
95.4889000830207,70.86921840672586,-774.2870797634868
90.28619991303754,67.64853618704967,-734.3558545476119
94.03745501512691,71.50643662089624,-768.9092581574769
90.55315688761569,69.95099404542447,-744.1882148701151
85.88386668728445,67.30960977831535,-707.7597236113842
86.1620335955203,67.99009736055767,-713.4428359053495
87.54057283458367,69.76885831084107,-725.1549092043963
90.49020687490517,72.72091655446667,-754.9301779143735
25.785297176511342,21.44139580044363,-220.02706111906912
25.72348285947234,21.484720010403578,-219.6216011673114
25.385298141333383,21.471411086284032,-218.1869497636778
25.42651270787684,21.805304262982343,-220.02628158389155
25.06622312480563,21.901149176628103,-219.3520014624948
24.889276308728867,22.10042667162633,-219.6799856228146
24.515580115535233,22.183616484916527,-218.66510077426938
24.252006976979935,22.369990753679996,-218.67019338888693
24.373892156699036,22.70525759526713,-220.23836407307243
23.97633254284981,22.72002896607556,-219.20075499853402
23.877944059897597,22.73988509155198,-219.45917688900929
23.92012728462461,22.98573072211521,-221.6800393465672
23.517272401452434,23.0473948787382,-220.96431669095028
23.49312665671155,23.270066924227876,-221.99409593068003
23.275622505183797,23.25096637242525,-221.61904425593474
22.678107306915024,23.145673083558776,-219.7484513089956
21.965573363515432,23.060895810158193,-217.55774792918285
21.928292378141954,23.554993146164364,-220.97246002565606
21.41512350946044,23.298464421103645,-218.3706366919793
21.349749094405205,23.503053816223254,-220.31849472710343
20.935874064485585,23.57947708717091,-221.1545859036801
21.0237643879764,23.86293046917306,-224.10741192738618
20.76565315940589,23.750451764398644,-223.0942842285532
20.513266866461645,23.666787757708008,-222.30803948811942
20.340141202181137,23.553229719979516,-223.0414699108474
20.178235083603706,23.478149788415962,-223.88210787384702
19.892348704488583,22.97621057864588,-221.8070575445509
20.00634067515873,23.005717912134866,-224.42421645327713
19.80338880852014,22.802273508222957,-224.1224365476196
19.659349488570083,22.669016039543667,-224.5604993621697
19.73603282094208,22.47344944282493,-224.27674897584535
19.864198704968206,22.354947805225713,-224.76964140536901
19.84302554169925,22.14725576034085,-224.44472944118664
19.836660330914146,22.131485172952303,-224.38388168046524
19.77173440942297,22.194001503382463,-225.4566839632322
19.633269847154295,22.2307492615157,-225.8081625085571
19.12504201107791,22.10412984343753,-223.40832916947164
19.038725508942875,22.066225220142712,-222.28924437819612
19.033997348688985,22.56252633828617,-223.81308572424484
18.72019341133392,22.671633731953253,-222.77930460822446
18.368370502698223,22.544560933445883,-219.96351068178907
18.49800849042096,22.754484079062955,-221.93267182337627
18.223467427885108,22.44731468578816,-219.9019906401933
18.3482368470212,22.304860190771528,-219.69572271002215
18.25583014909657,21.986012212348573,-218.2685921332077
18.552453842235533,22.002353444227275,-220.04243924038866
18.647189591797023,21.623702037216283,-219.63227307489151
18.446406675205285,21.169121091946845,-218.5461761503227
18.56599159047825,20.89220009587088,-219.29630960976883
18.597769122924458,20.508624149528657,-219.26543980173489
18.625803006881988,20.15484557332437,-218.87117126979697
18.63352685648962,19.834854960581907,-217.61172409542
18.866325948468333,19.586365672464066,-218.59408060486922
19.096522660055058,19.32253735086837,-219.710189820616
71.45464734666702,69.93711654739043,-811.0555662488734
76.93084057973762,72.79724260785041,-871.7996521790243
60.43420310480502,56.06073656498119,-691.3315857226673
18.160722326868445,16.865838052213565,-211.81763540151107
69.5893560259576,63.00226239942311,-803.5887456780084
18.42689878933289,16.55334095571998,-217.85391205585185
79.59729777363515,71.62019121959949,-940.2021823220183
81.5472867610041,72.68769719933715,-969.133586524026
82.27999032432643,72.96439446174305,-984.7656629016652
17.82947872410744,15.373490487705226,-215.83481906516488
17.85819500642448,15.39038301846346,-216.18025847506357
79.54517075076609,69.11704870939418,-950.1809317087723
70.64136733545072,60.21566746255586,-827.231976728074
68.4056096764517,58.84152360612671,-806.102990684893
83.47897694285405,73.5845004834218,-994.5044565069044
87.10105048844932,77.85946969853256,-1051.8895321774396
83.00865708039179,75.87633346021813,-1016.117582847945
78.73369849278659,73.46801221316251,-976.4422185496531
55.49426136946541,51.37079425894331,-684.5797942727379
85.71172694048113,82.64823460728803,-1075.7148430549998
85.72762992231542,82.65539495103108,-1075.8464025372164
16.96309072838483,16.046277732623786,-214.68883015834908
16.80426101712154,15.907826463831196,-214.6456466715102
16.8351862275979,15.93665461356782,-215.03107056658132
16.841213490967807,15.942729092464862,-215.11092208752515
16.830904177138517,15.930634280545283,-214.98806739307156
71.09362246529228,67.73783960848985,-897.8894673856848
13.31069448228154,12.190188318689561,-170.2154071710931
16.636139297789942,15.553191358477925,-215.1526705576768
69.026348498947,62.52800405871313,-874.1126285656923
16.70414633352623,14.965909882911646,-215.13606132412443
50.0237254306157,43.11678770061003,-630.9946836955748
16.719671704996802,14.740376882402726,-215.48958269177058
46.16798279905914,39.76469566435618,-582.332614162741
68.08192176551395,59.18934165925794,-863.7252466603488
16.850887343510998,14.366330730708778,-215.36676515369228
16.867663910604964,14.355032440809136,-215.2617416323222
30.28507711741721,25.25288595178872,-382.86299604798603
46.86527212388478,39.41286728628909,-590.9816961900974
13.110548167668828,11.40590114439514,-173.01958498260504
13.169680050127404,11.444488336296228,-173.633284959636
42.97689568052836,35.29874806421796,-542.7816170710887
42.92911804493468,35.26476767414128,-542.193694274203
42.11376239719162,35.84636084045564,-540.6398882120382
36.77864528488428,30.331571625541923,-463.8250159794186
36.300508476998814,29.921788162568323,-457.89578387578536
52.18235676248222,42.82375802254084,-656.9290842572893
52.47882352710144,43.85083794970676,-665.1023371106617
68.39417179931277,57.876702993403455,-867.1710972255203
68.56590938749098,57.985330081147964,-869.1073381586242
68.28792709504778,57.79264380381484,-865.6318099943808
289.3043849726288,254.4357831152704,-3743.1327932257886
24.953137960432944,20.88103468990588,-317.0550033527786
71.73011667017711,61.765436974080124,-911.5077399932726
50.11028684043133,42.7203470816411,-633.1163769324435
69.3214970201335,60.833253410889114,-881.3350148683
68.29247432101283,60.44476948166862,-870.9971048515662
82.65314774531375,75.60792474658376,-1058.523965178082
99.7111564679934,93.639219408352,-1281.9014362078917
17.031092673492807,15.552860544298804,-217.6217393737634
16.941903374389355,15.689462278117883,-217.34922841870014
16.785967297719225,15.685145322954261,-214.76976622527818
16.848205226459754,15.754846293479721,-215.61779997863644
16.8190193494937,15.857955686793948,-215.13491391534802
16.83137534467686,15.881475887692654,-213.2085943229749
16.894016338664745,15.799668704019433,-212.15236525493583
17.50988406138329,15.935768640951798,-213.09640960004037
68.85690314828614,60.441158728933885,-803.9576427146778
18.42546403158923,15.724951468627026,-210.31465772210174
45.60105500098358,35.87945295510389,-488.60800166883564
20.121818170825133,15.392337520621474,-209.85569494865743
0.8067002855930144,-0.6100405238314972,-8.565140673144352
1.7549015308292435,-0.0655607336333998,-8.436643725876007
1.4388057937636016,-0.4276970245322279,-8.488901804462124
1.9252074529332184,0.27076978751329595,-8.394994854016044
1.241236136168055,-0.5513927350928547,-8.52186843975429
1.3384988877909136,-0.5122114383189016,-8.5062113680788
1.3868010242022484,-0.47655279055939176,-8.491444733688933
1.9549170567077512,0.4898624963043567,-8.377754578353233
1.3683488303327582,-0.4905116849982397,-8.494313171784764
1.3568807452556215,-0.5010060744378554,-8.496309387059318
1.2857749835284846,-0.5479727217089622,-8.517600100001063
1.283230907091917,-0.5490826283608515,-8.517782421815577
1.2806199344158848,-0.5512277585574308,-8.503370390438691
1.951255138415232,0.36315020348676214,-8.396053618133728
1.802303014086752,-0.09396427090269505,-8.45560095467478
1.2977450036793412,-0.5401599044337594,-8.502305312905253
1.2636629927567942,-0.5560592758727063,-8.514107688253414
1.5215668273045115,-0.4164585242325106,-8.471363728005924
1.9549013389852836,0.3749910400487728,-8.412160292115914
1.9569563418823643,0.4481277394288746,-8.388067742785676
1.9592607911982434,0.4582907156375625,-8.389233518118544
1.9577826960787046,0.47788111057226057,-8.385394500095925
1.9587784393970373,0.5045755219252225,-8.410799258371744
1.7189238517016434,-0.1965738901407366,-8.46065002734458
1.953964381686092,0.41892979465575725,-8.376155775087541
1.9292355738678804,0.21636932816025403,-8.40036850438575
1.8176089284417811,-0.10591327612372134,-8.42722848706747
1.960301316706844,0.44717407054018754,-8.388398086866992
1.9523362566111198,0.3449610543955314,-8.38629156866059
1.9575250548576546,0.39149745070460235,-8.386272894480511
1.955341881581511,0.36750223531598897,-8.386942189793936
-21.622273367227947,-14.194662236589611,196.1261970131548
-21.631911691655812,-14.308667084237738,196.52946453215023
-21.604866092451797,-14.415485871306247,196.7879128299341
-21.716874163744315,-14.512764427690847,197.7182155753285
-21.717684781717455,-14.51334956786547,197.72515561872387
-21.840861933161268,-14.581875969323487,198.68035209455005
-21.86855898015744,-14.577240110759405,198.61587154959966
-21.970395990881762,-14.613594989955176,199.15086476151203
-22.065157490200864,-14.649280157025455,199.67018364544407
-22.02678259508504,-14.674467285860967,199.09606093318357
-21.92248228231033,-14.651825068853814,197.88674909281104
-21.90956650641745,-14.586520625986442,197.27946061299494
-22.25869914642431,-14.780477572424545,199.79569497219617
-22.347502690896874,-14.897778868950626,199.08243234141258
-22.47241403812989,-15.033962888977362,198.62603737265752
-22.617691923859017,-15.152162027462522,197.9745499903222
-22.66985627287339,-15.217555018302477,196.5610680572315
-22.093057324295245,-14.970061554346758,190.36086463839374
-21.651235023477533,-15.23561698705654,186.94961547392754
-21.533087435877796,-15.834263437011884,187.3826444610568
-21.869707390839316,-16.883194990034333,193.6994989782851
-21.737191513592,-17.19215147101527,195.58357784915108
-21.53890634542346,-17.287329519185608,196.29241136815048
-22.482771517642774,-14.61789314793833,184.45943943151994
-22.496489134022642,-14.502720572437456,183.50101041703945
-22.215297471908208,-14.251467557717785,179.99262483306993
-22.635647976181847,-14.65474751114203,184.2643681664009
-22.562448835948764,-14.585514429924757,183.60963173381165
-22.47289488186083,-14.505395727485382,182.82291094421913
-22.547082169321403,-14.48301462658064,182.3379455614582
-22.62826545034778,-14.520372692878825,182.86031373945286
-22.46206399482971,-14.535967068314815,182.5691773670544
-22.70799456052394,-14.520798687683406,182.43617593100922
-22.916278868375727,-14.681229354069881,183.15032865888114
-22.964904727577068,-14.70017856022172,183.44337237108772
-23.006984096109704,-14.635197686358394,181.44720184770088
-23.06278023985998,-14.581564938816292,179.64410769614435
-23.169651792422414,-14.563101585429107,177.7824903981374
-23.337994098209652,-14.608572067629222,176.76291641032392
-23.45961335544154,-14.705124867115455,175.44190134652604
-23.65236221148668,-14.927713732504563,174.75482851219564
-23.89138920636854,-15.745762458516968,177.31766466488676
-23.653862932393125,-15.734884486397204,178.94615040298441
-24.652731677144534,-17.23793091286506,188.65328818618684
-24.014001726095568,-17.057521136882592,188.7767806602845
-24.198180233412465,-17.49498419132305,193.37072168604112
-4.06551959324212,-3.024997765200642,7.0162469980047995
-24.08528682831495,-17.892778025796954,197.6823521724458
-23.998978670381145,-18.625922839015324,203.86608144943662
-23.672178950106744,-18.74601736003271,202.28298714391585
-23.7474477833471,-18.960097574386516,204.16040415628225
-24.015226689839253,-19.287444163350887,206.30343467842243
-24.217277652716504,-19.57862595058571,208.099360171865
-24.19944146736958,-19.7366140049408,208.15611270859628
-24.10669588271873,-19.776777242825244,207.02600240528798
-23.89724893742794,-19.65762857795622,204.47980868930375
-24.14021754818973,-19.893435170975,205.50086021445486
-23.970947857505408,-19.80697480861198,203.75867856576807
-24.37096711870665,-20.316399538531858,205.57928253423893
-24.325450072127612,-20.3867747093894,204.1834345219069
-24.782856594498824,-20.781578814961787,206.24260492664575
-24.76128607183873,-20.784064994381986,204.69320325277036
-24.935114485968356,-21.043317182352062,205.10842152686382
-25.09042027991063,-21.306442338435062,205.51140802122222
-24.9985864087367,-21.31802383440642,203.49918343272395
-25.036368926464267,-21.45759686834281,202.60560118649454
-25.026580733167492,-21.510026418009833,201.96619788109027
-25.060540627288592,-21.558029928522313,201.80950282911863
-25.15679607002337,-21.767498669716282,202.67129813128258
-25.15679607002337,-21.767498669716282,202.67129813128258
-24.802002382632935,-20.758260430636515,194.5953871400185
-24.950054532458417,-20.919609150991565,195.7827973247943
-24.93992850727357,-20.768234308221906,194.39444723527157
-24.869257618032396,-20.860798384937905,195.09791044961477
-24.975482505016622,-20.940051880779468,195.94920075209265
-25.1036116540857,-21.147679406974003,197.15821052063473
-25.236929196863613,-21.546622670982664,200.0083598582814
-25.49405283881952,-22.082351707001745,204.23734278444542
-25.758209816053764,-22.50997559788496,206.9355328743432
-25.60138294021237,-22.39498708848125,205.52742436856374
-25.615479331380083,-22.67813912940501,207.0274481037009
-25.740724309095345,-23.026698396796636,209.07688268569837
-25.779270998533473,-23.235798775457972,209.85617796437248
-25.895350733988597,-23.563572125311538,211.55392023888746
-25.953898215232247,-23.744770498385424,211.21332819314335
-26.002226144689253,-23.92891230172866,210.77257482406608
-25.840550519267577,-23.916842863338218,208.91548244681934
-25.8775010800083,-24.100051577474535,208.78831797844043
-25.779422231705684,-24.174164635520363,207.36525151399837
-25.616437058580598,-24.04260228866776,204.76782602506364
-25.659219148194925,-24.18494231153328,204.97058567935335
-25.743724262818155,-24.311567763417667,205.35222251828645
-25.775145713247305,-24.375669474350996,205.32663054759556
-25.84979493595591,-24.628898633446646,207.46109943545838
-25.943813859618135,-24.879582243786118,208.9905316818139
-26.037790641543037,-25.066032844806987,210.50016479051195
-26.79870934886514,-25.930409341495253,217.4974234301921
-27.243405189932766,-26.56730857000486,222.1600186154989
-27.529826049753098,-27.10953130578824,226.86386128898314
-28.009632938705657,-27.711261926410675,231.7430784383259
-28.48993378880587,-28.470694843444498,237.1873185275502
-29.656330560526147,-29.702731321745162,247.3727350384939
-29.866757021759852,-29.98166793988274,249.14693133438294
-29.896207462952333,-30.039155852086342,249.55088205297992
-29.832173206886154,-30.11281322633281,250.36054882578156
-29.77548776149252,-30.059295273088207,249.9289837726066
-29.52635671059054,-29.81878808120503,247.84956408417986
-29.80590966221179,-30.19270218627512,250.4207405102265
-29.612415856942064,-30.063067602208122,249.16894749808606
-29.98446826808769,-30.477353566875188,252.55233587133685
-30.050765326315776,-30.57570542202547,253.2935345890846
-30.340360721786276,-30.87911712320966,255.60294439127605
-30.594995586107885,-31.14248678171683,257.65446468616227
-30.904853565835843,-31.487955557357807,260.0908553162801
-31.22497458768372,-31.854449014050907,262.67698544193433
-31.53709474542478,-32.11161523183704,264.896673955771
-31.7362797522365,-32.53926774170825,267.71495384041305
-31.581028159084685,-32.57604955828213,267.09192067868594
-31.34891121955083,-32.542283363242674,265.969633720154
-31.133231942404077,-32.607703719969,265.6883960723636
-30.676827463980793,-32.42381743452114,263.40268883139083
-30.83316544924855,-32.76862787461091,265.83042752637937
-30.703670228795986,-32.76338360873594,264.92299980751613
-30.950889433556895,-33.09302980710015,267.3202256775848
-31.060005114537073,-33.424397336047235,268.63400824329364
-31.522310517595795,-34.11641658347684,272.93933144463796
-33.50599252177186,-35.46420524670714,283.4539995656441
-33.73448784269118,-34.445492012339436,276.4057551574958
-33.94944522338614,-34.096505927818974,273.89113848159974
-32.822355288161425,-33.212035953497676,266.3278965423493
33.298395738943185,29.999514614280756,-234.5930001210057
0.7292861010713071,0.13771942697384293,-0.4516716747367234
0.7271338415121795,-0.30012103558431197,-0.47426461134887016
-4.06551959324212,-3.024997765200642,7.0162469980047995
0.04531211825279595,-0.017289985356658984,-0.0872280415107481
0.6259401323652678,-1.382145540297615,1.1214406600335123
0.6220066828290575,-1.3857151038587383,1.1175528183718624
0.6737818666153914,-1.3670724836339982,1.121334394182493
0.5790441077606667,-1.404098614612138,1.1224401222276394
0.4989680375367768,-0.24238329287389795,-0.38172950166627384
0.14773153598593858,-0.06849758182600547,-0.18430417584106237
0.39152314704068447,-0.18840696354453024,-0.3316476353619437
0.4041268707252537,-0.1980218932011644,-0.338547597285211
0.769677684780468,-1.3130980223500177,1.125342860469706
0.7155064551598744,-1.334005548975977,1.1223234154098394
0.35334529691051203,-1.473541944604614,1.0985780283298403
0.7037508984969028,-1.345001540492329,1.1219439228236356
0.6291704360505465,-1.3807072560351106,1.120713882140297
0.636592335974424,-1.3741095856003462,1.1238505159468288
1.1455488751788365,-1.0088610612109894,1.1425221486621135
0.9887674234090881,-1.1638992412086535,1.1318451674850352
0.6261134874477442,-1.383120423478451,1.1197800139184875
0.8662011950333941,-1.2546292366447482,1.1250919904287462
0.9682246122987324,-1.1721661168332076,1.137145162428784
0.9327459025254825,-1.2016659684465392,1.1228173462671338
1.0260502039326203,-1.1263381616872608,1.1390550103157813
0.8301920546457168,-1.2773808814596126,1.1138646752970096
0.8205864350255753,-1.2769664226495883,1.1146504808044395
54.53549073262852,48.68487813576596,-371.54411665229316
1.0815252325716025,0.8856822955732037,-0.6292428837225932
0.641840156059526,0.18736076467278723,-0.41341608931416574
-0.28170679631440276,-0.13083302809344735,8.636818107481957
-0.6636275077915795,0.12184297829836405,8.589438130556754
-0.2974821432100651,-0.10115894473025436,8.56784364707748
-0.7358318499892682,0.13832580593560664,8.58100558673414
-0.558317944475651,0.07344144909829924,8.58125341661751
-0.39836073046468873,-0.03246040170050434,8.623925547756063
-0.5504303085421697,0.0717184718247453,8.580263192481485
-0.49047396490591716,0.03676037590297883,8.587284363814346
-0.010611981012476958,-1.387682430831262,8.50161514026684
-0.7338984209043413,0.13836455839004075,8.570874987645558
0.07011013356922716,-0.9356687739868677,8.560640289573394
-0.031613457669600366,-0.5136372643573417,8.63463543702537
0.02705061230235579,-0.6396432852648627,8.535873909045007
-0.7090476087858898,0.12444951720786397,8.571084322627302
-0.21624581804487003,-0.19051322928398032,8.51501942926301
-0.7600479166251289,0.1518781528341925,8.580627894219445
-0.8185095181523574,0.16759620765568528,8.589327783533237
0.00046331256349103856,-0.6575546780916316,8.596006122312367
-0.34733806542099505,-1.768810936885814,8.453405391025672
-1.973419486284519,-0.218745169717357,8.394273631238791
1.005945033797448,0.19178418892650875,-0.5369755397101029
1.0922409061078884,0.6534463615573469,-0.6110907011344233
0.9777538427461676,0.12002709734260478,-0.5214664491215573
1.1062718737136057,0.24469817953196543,-0.5667793471917828
0.7299526653328104,0.18326831250100245,-0.44336155653855247
0.7452902600449849,0.18625122853971687,-0.4486272456879247
0.014470254573871258,0.008024960424912464,-0.03734445735172404
1.1527445837023498,0.4109483145128729,-0.5861956305646777
37.258018319288524,32.51041958793006,-251.85312723307413
1.1104433927953832,0.41405711931090167,-0.573702663608439
0.03932564051008326,-0.9021837873082268,8.590095722189519
1.0622643558594098,0.3076944770864668,-0.5612185034298799
1.2394446067078517,0.5552014397901892,-0.6295076305566287
-0.06265893429840326,-1.4140241467483319,8.513519808889045
1.1520195518516363,-1.0008515127611515,1.1437905662952443
0.03515418815762531,-0.7197644095623144,8.603980987976984
-0.11938607812592812,-0.3477793764046473,8.59614237120999
1.5041462777577617,-0.2964227821487189,1.1609616088963668
-0.05228803215350655,-0.4497111165834819,8.546735509561511
0.07474155616105878,-1.017986402857677,8.548236500233697
0.06699227430586056,-1.0206040201965572,8.568748727359567
0.07306883141861287,-1.1277903768800566,8.5709256641479
0.04127584673963919,-1.291095881249874,8.528664144661814
0.03117862933681271,-0.6212289883737344,8.52876986661389
0.05833398278617875,-0.7423518793563642,8.569988127936226
0.0494418871363607,-0.6926627844889836,8.562920617600035
0.07816938847905858,-1.0549010086886659,8.524873812016176
-0.027888244029577167,-0.5765319846741067,8.729678209658513
-0.4601262846341748,-1.9170382865576912,8.414554970180088
-0.04553342868371439,-1.4452497104742934,8.58138219604358
-0.3085298090434409,-1.8008190992340285,8.469871612305328
-0.27640578662046633,-1.7709934727889902,8.479698422106102
-0.0007921097470718627,-1.352180791127978,8.543378509558046
-0.0008010836105836658,-1.3522061738776654,8.543386531887057
-0.0009549045248155603,-1.3526213854192444,8.543344519138797
0.012323669356975708,-1.2983798669185396,8.56699079064715
0.013158384677271763,-1.2946442470411608,8.572982595756752
0.013160148738778837,-1.2945726919534037,8.573156223975058
0.031517196404841255,-1.2373251314035616,8.577224601907782
0.03169480743315591,-1.2366259624588178,8.577297185162983
0.03366380982751416,-1.2175583215070742,8.603020991346247
0.022561391114832956,-1.2704849598576864,8.575500589405115
-0.02154188264779331,-1.398057851247907,8.557516223031879
-0.016604092169083533,-1.3733058496645267,8.60086567821753
-0.016604092169083533,-1.3733058496645267,8.60086567821753
-0.016604092169083533,-1.3733058496645267,8.60086567821753
-0.016628164204879885,-1.3733996512978117,8.600732623854654
-0.016724774033994864,-1.3738783614699808,8.599762779016496
-0.016724774033994864,-1.3738783614699808,8.599762779016496
-0.016730570836311458,-1.3740885658634032,8.599456244879521
-0.016933342164996305,-1.3751093959057217,8.597878352464475
-0.002388015734412368,-1.374233100450159,8.463973656309193
-0.06920610135272792,-1.5081256404508623,8.522051114421743
-0.15133040512469284,-1.634678439451991,8.471066620256318
-0.5280093414302413,-1.9526128774170226,8.390762375435513
12.264846556340718,12.809471838256256,-97.9231000980026
0.05902166772479657,1.6208648403685633,1.13655660947187
0.0508208361903924,0.15138002659185215,-8.839251960272774
-5.737930222650688,1.0995122617386353,35.79262368624898
0.26820108993978775,1.5511069417936552,-1.1085540642206977
-0.059006161721991135,1.5138393267397312,-1.1199591873532404
0.4533032497287854,1.486689776014543,-1.105004133292509
4.952948271457951,-2.966629397081114,-60.17458784189142
2.43256255298588,-0.43442862707871005,-29.74371812508378
2.316136134211691,0.37794244832543833,-31.09071602022216
1.821036574797132,1.3334996852567655,-32.220833734616384
1.6926213567964137,2.3480151548566455,-33.40559119844922
1.7144967369055917,2.8201055183448895,-34.08709115255388
3.8708809226605227,7.815321768187502,-83.55384559686864
1.2068013364472052,0.9637404345216705,1.2009111371082222
-1.2037536652083054,-0.2805394922746527,9.01226505667855
-1.260842578374145,-0.5761239499083677,9.118809774091527
-4.06551959324212,-3.024997765200642,7.0162469980047995
9.517295478761845,4.526929499675762,-47.06610159249258
9.540676483378652,4.535767384852867,-47.15764692873279
9.51540281677786,4.524274091488878,-47.052585321206365
9.532478582336976,4.5298008383785175,-47.11782106520179
9.517233697644249,4.521791948579358,-47.04920416604396
9.497908605131009,4.512402344570112,-46.96446604015523
9.497690041348223,4.512286656317673,-46.96354934582687
9.497253084343793,4.512021703571376,-46.961488554573236
9.500169680793675,4.514211407052694,-46.972304050654024
9.50321054305578,4.516569428161822,-46.98436411033542
9.503035567007705,4.516412986662332,-46.98278501279209
9.503479521347456,4.516589456198344,-46.98374732498397
9.499486334546852,4.514325843409066,-46.96627836130674
9.49608111945855,4.512001660809139,-46.95040229914523
9.495357043888282,4.510676890592501,-46.939494930287516
9.495682068454611,4.51256433164698,-46.951653567534024
9.502363650648697,4.514762169666152,-46.97778201567278
9.509554995880071,4.517055663279717,-47.005823964446655
9.509352037452445,4.516958127450744,-47.00490437656299
9.509169970841498,4.516951378891162,-47.00415624490931
9.508994963936928,4.516886340833898,-47.003901197868224
9.508674658246052,4.516785557533563,-47.00305049948313
9.493748579816183,4.512903181879094,-46.94567417284982
9.484522182122644,4.51074354459452,-46.910191751447435
9.488311983628016,4.511750876217874,-46.92418729358114
9.466099273592699,4.50129025354963,-46.83523190573034
9.464641533968544,4.499414874170361,-46.828765062155185
9.460171610981027,4.4984349429266475,-46.81168000376013
9.46175194461281,4.498219169453875,-46.815426615044764
9.463093092067993,4.498045906727886,-46.81820634111266
9.464468667976869,4.498797931534351,-46.82443249275674
9.466116810733034,4.499433729295631,-46.83145059455343
9.475359355537037,4.5037135116104405,-46.86927761105618
9.48068067569609,4.5063662886560945,-46.89116788475504
9.520573005991746,4.53158424434313,-47.084083543852195
9.556240579514878,4.555061571091048,-47.258173087576814
9.552406308573385,4.554975655982131,-47.24470656383184
9.547011634773853,4.5539176870015154,-47.22348740948967
9.555630510783347,4.548117564027111,-47.23210475818305
9.536584234058259,4.530272417890116,-47.126882661617174
9.538135347451904,4.529749740077529,-47.13073972107832
9.53899208687551,4.5291778530958515,-47.132210930392276
9.538406507147535,4.528952869748957,-47.12911729290143
9.537892116938593,4.528793329927543,-47.12636479319553
9.536431580561194,4.527705231206332,-47.11854807385863
9.53470563173338,4.526424580547578,-47.10930626318128
9.534852427629325,4.526557497223911,-47.110146011132414
9.534960619467281,4.5266212966599895,-47.11076482178458
9.534685379170853,4.526438578076721,-47.109294254084936
9.534486290698927,4.526332531736316,-47.10816259989088
9.536700553821005,4.527331702280036,-47.116841567228136
9.537546608903401,4.527704889853286,-47.11912992426605
9.537784498953485,4.52767325056444,-47.12018221733552
9.538563506723525,4.528103949560434,-47.123843858379416
9.539062807071568,4.528692707930429,-47.12714282918124
9.539264649368013,4.528945313264636,-47.128863151073695
9.539170626870103,4.528919281475283,-47.128507333751784
9.539151062443537,4.528918898630894,-47.12843539807177
9.539199062870788,4.528956367386537,-47.128439973489634
9.538685275397654,4.528673714341407,-47.12579702376086
9.538652267444819,4.528631336154342,-47.12550284400157
9.538285133368344,4.528266879052659,-47.12384840930259
9.536812296472382,4.527531402059124,-47.11741247213697
9.536760496551937,4.527523701961123,-47.11721692696585
9.536036491485282,4.527319570030702,-47.1130836331558
9.535479018189884,4.527118681955245,-47.10975345081789
9.535430214109871,4.527100385978599,-47.10956801166679
9.535429234440658,4.527098561535656,-47.10956555199753
9.535455555952247,4.5271080121116185,-47.10969605755153
9.535455555952247,4.5271080121116185,-47.10969605755153
9.535423461275705,4.527095563276716,-47.10954432007547
9.535436146723008,4.527099331917095,-47.10961895243578
9.535436146723008,4.527099331917095,-47.10961895243578
9.535441554961434,4.527104985504217,-47.10962713478148
9.535432848371158,4.52710003891025,-47.109605337703734
9.535432848371158,4.52710003891025,-47.109605337703734
9.53540367619585,4.527089825144396,-47.10946364778082
9.535419014025099,4.527095366587569,-47.109552533605466
9.535419014025099,4.527095366587569,-47.109552533605466
9.535419014025099,4.527095366587569,-47.109552533605466
9.535419014025099,4.527095366587569,-47.109552533605466
9.535419014025099,4.527095366587569,-47.109552533605466
9.535419014025099,4.527095366587569,-47.109552533605466
9.535419014025099,4.527095366587569,-47.109552533605466
9.535419014025099,4.527095366587569,-47.109552533605466
9.535419014025099,4.527095366587569,-47.109552533605466
9.535419014025099,4.527095366587569,-47.109552533605466
9.535419014025099,4.527095366587569,-47.109552533605466
9.535419014025099,4.527095366587569,-47.109552533605466
9.54107260408609,4.5286221344551345,-47.13132206335064
9.54580726199502,4.529834403221105,-47.14936947798375
9.54580726199502,4.529834403221105,-47.14936947798375
9.545724561410394,4.529804015242199,-47.14925547499771
9.545488882351725,4.52978871882128,-47.14859993085469
9.546791054912202,4.530152968056206,-47.155062061859304
9.546791054912202,4.530152968056206,-47.155062061859304
9.546791054912202,4.530152968056206,-47.155062061859304
9.546791054912202,4.530152968056206,-47.155062061859304
9.546791054912202,4.530152968056206,-47.155062061859304
9.546791054912202,4.530152968056206,-47.155062061859304
9.546791054912202,4.530152968056206,-47.155062061859304
9.546791054912202,4.530152968056206,-47.155062061859304
9.546791054912202,4.530152968056206,-47.155062061859304
9.546791054912202,4.530152968056206,-47.155062061859304
9.546791054912202,4.530152968056206,-47.155062061859304
9.546791054912202,4.530152968056206,-47.155062061859304
9.546791054912202,4.530152968056206,-47.155062061859304
9.546791054912202,4.530152968056206,-47.155062061859304
9.546791054912202,4.530152968056206,-47.155062061859304
9.546791054912202,4.530152968056206,-47.155062061859304
9.546791054912202,4.530152968056206,-47.155062061859304
9.546791054912202,4.530152968056206,-47.155062061859304
9.546791054912202,4.530152968056206,-47.155062061859304
9.546791054912202,4.530152968056206,-47.155062061859304
9.546791054912202,4.530152968056206,-47.155062061859304
9.546791054912202,4.530152968056206,-47.155062061859304
9.546791054912202,4.530152968056206,-47.155062061859304
9.546791054912202,4.530152968056206,-47.155062061859304
9.546791054912202,4.530152968056206,-47.155062061859304
9.546791054912202,4.530152968056206,-47.155062061859304
9.546791054912202,4.530152968056206,-47.155062061859304
9.546791054912202,4.530152968056206,-47.155062061859304
9.546791054912202,4.530152968056206,-47.155062061859304
9.546791054912202,4.530152968056206,-47.155062061859304
9.546791054912202,4.530152968056206,-47.155062061859304
9.546791054912202,4.530152968056206,-47.155062061859304
9.546791054912202,4.530152968056206,-47.155062061859304
9.546791054912202,4.530152968056206,-47.155062061859304
9.546791054912202,4.530152968056206,-47.155062061859304
9.546791054912202,4.530152968056206,-47.155062061859304
9.546791054912202,4.530152968056206,-47.155062061859304
9.546791054912202,4.530152968056206,-47.155062061859304
9.546791054912202,4.530152968056206,-47.155062061859304
9.546791054912202,4.530152968056206,-47.155062061859304
9.546791054912202,4.530152968056206,-47.155062061859304
9.546791054912202,4.530152968056206,-47.155062061859304
9.546791054912202,4.530152968056206,-47.155062061859304
9.546791054912202,4.530152968056206,-47.155062061859304
9.546791054912202,4.530152968056206,-47.155062061859304
9.546791054912202,4.530152968056206,-47.155062061859304
9.546791054912202,4.530152968056206,-47.155062061859304
9.546791054912202,4.530152968056206,-47.155062061859304
9.546791054912202,4.530152968056206,-47.155062061859304
9.546791054912202,4.530152968056206,-47.155062061859304
9.546791054912202,4.530152968056206,-47.155062061859304
9.546791054912202,4.530152968056206,-47.155062061859304
9.546791054912202,4.530152968056206,-47.155062061859304
9.546791054912202,4.530152968056206,-47.155062061859304
9.546791054912202,4.530152968056206,-47.155062061859304
9.546791054912202,4.530152968056206,-47.155062061859304
9.546791054912202,4.530152968056206,-47.155062061859304
9.546791054912202,4.530152968056206,-47.155062061859304
9.546791054912202,4.530152968056206,-47.155062061859304
9.546791054912202,4.530152968056206,-47.155062061859304
9.546791054912202,4.530152968056206,-47.155062061859304
9.546791054912202,4.530152968056206,-47.155062061859304
9.546791054912202,4.530152968056206,-47.155062061859304
9.546791054912202,4.530152968056206,-47.155062061859304
9.546791054912202,4.530152968056206,-47.155062061859304
9.546791054912202,4.530152968056206,-47.155062061859304
9.546791054912202,4.530152968056206,-47.155062061859304
9.546791054912202,4.530152968056206,-47.155062061859304
9.546791054912202,4.530152968056206,-47.155062061859304
9.546791054912202,4.530152968056206,-47.155062061859304
9.546791054912202,4.530152968056206,-47.155062061859304
9.546791054912202,4.530152968056206,-47.155062061859304
9.546791054912202,4.530152968056206,-47.155062061859304
9.546791054912202,4.530152968056206,-47.155062061859304
9.546791054912202,4.530152968056206,-47.155062061859304
9.546791054912202,4.530152968056206,-47.155062061859304
9.546060855535663,4.529921509928837,-47.15066022136902
9.545428261377902,4.529652059853896,-47.14657945168563
9.545428261377902,4.529652059853896,-47.14657945168563
9.545428261377902,4.529652059853896,-47.14657945168563
9.545428261377902,4.529652059853896,-47.14657945168563
9.545428261377902,4.529652059853896,-47.14657945168563
9.545428261377902,4.529652059853896,-47.14657945168563
9.545428261377902,4.529652059853896,-47.14657945168563
9.545237686304954,4.5294670477000585,-47.14534112958702
9.545175361975655,4.529384484881903,-47.14483997169877
9.545175361975655,4.529384484881903,-47.14483997169877
9.545175361975655,4.529384484881903,-47.14483997169877
9.545175361975655,4.529384484881903,-47.14483997169877
9.545175361975655,4.529384484881903,-47.14483997169877
9.545175361975655,4.529384484881903,-47.14483997169877
