10.099778732734089,-16.984553459599763,-75.04551921268157
0.2422481070237027,1.2289393976935568,8.56836936500456
-0.35419683077139963,0.591814627236091,8.8107534095943
-0.35418073176983944,0.5918101458330125,8.810701421412928
-4.06551959324212,-3.024997765200642,7.0162469980047995
11.586616281693255,-17.960153729310566,-86.18801993584218
11.586652034457284,-17.96028225116068,-86.18840186614418
11.587174571772428,-17.960611974384722,-86.1894029108279
11.587174571772428,-17.960611974384722,-86.1894029108279
11.587174571772428,-17.960611974384722,-86.1894029108279
11.586957773231637,-17.960241864614833,-86.1876587123148
11.586957773231637,-17.960241864614833,-86.1876587123148
11.586938841763844,-17.96022005734434,-86.18758011888961
11.58694429455155,-17.9602285890541,-86.1876235265112
11.588307767350686,-17.961813135374925,-86.19558972000749
11.587425638331473,-17.96027322028911,-86.18926607653508
11.653991577002978,-18.02033504027261,-86.54240726626604
11.654053227910328,-18.02037547080788,-86.54268715246735
11.653880143518194,-18.019823469060576,-86.54015069361206
11.653275034764267,-18.019257157264143,-86.53679486245704
11.652234323964061,-18.01789761403653,-86.52998537791343
11.64660983685568,-18.02873043685208,-86.54831464049433
11.64663947889226,-18.02839031773829,-86.5476661921728
11.567836664669308,-17.931328042470213,-86.11730398343339
11.541194169845664,-17.897461565213057,-85.97209810630598
11.585773318045321,-17.92518089730187,-86.22850759019455
11.57302988570495,-17.921699608696176,-86.15267017823867
11.578537949385993,-17.930509361885075,-86.19042372263687
11.579159061541677,-17.93121795362637,-86.19294017221353
11.577697405236487,-17.929465910270324,-86.18499129207589
11.576808804004935,-17.928271178731876,-86.18014749346183
11.576087375970433,-17.92766415777363,-86.17567846464217
11.576841261455733,-17.92836052110322,-86.18079498317128
11.578580024360388,-17.931446917251073,-86.19195491411142
11.579780315945886,-17.93337372543457,-86.20095191076165
11.579841897974077,-17.933359546861865,-86.20105782286132
11.578950941401843,-17.932113064106197,-86.1952752005396
11.57757707567691,-17.929712796485703,-86.18384682682385
11.569496271254437,-17.938054908909397,-86.14003857653663
11.568619291255102,-17.93593205264196,-86.13212587942552
11.569286324758274,-17.936987989819198,-86.13648367326356
11.570980230170225,-17.93943710505799,-86.14745214050582
11.571471167001144,-17.93978443796729,-86.1489579551963
11.56840561630554,-17.93400227911502,-86.1225745165628
11.565723830720275,-17.929890730113033,-86.10456596956105
11.560949036057846,-17.91856918887977,-86.05454482032594
11.562028717242528,-17.91978751454397,-86.05952527844822
11.574002237936472,-17.945499210168535,-86.17320435617346
11.573238950814472,-17.943562500896697,-86.16517220438554
11.57217480188878,-17.942471511621807,-86.15957287485686
11.552639794389576,-17.91715821294734,-86.0402384539307
11.595062716967005,-17.892504544805963,-85.89613699588801
11.217583257460914,-17.566420198960195,-83.92296344180498
11.246986071888998,-17.975696414561504,-84.67512790965856
0.14049739081519974,1.421255951783723,8.446067837391277
10.756362697394039,-18.309716310856512,-85.97618689459229
0.15192807300226863,1.278218387896586,8.468500886354684
-10.580874703433208,17.904185266530206,87.01929646633482
10.237208046010938,-16.682657507922688,-83.42802048362384
-10.31867060936088,16.0894121974205,83.87941427929496
-10.021126855127331,14.908399705773041,80.87594387883983
-9.781377853680645,14.037082746128068,79.37368222386176
-9.620436010338596,13.183485270242997,77.64977544349341
-9.439900228097981,12.296121280692242,75.3224335286501
-10.870635336912411,15.094432165047758,84.55762061620426
-10.645103257869279,14.519474019737478,82.84608634526967
-10.438352938431285,14.08717081503132,82.2370389352359
-10.295049343870271,13.575844643495774,81.982412814534
-9.884124506787398,12.851797187510776,80.62407589439708
-6.88474980426089,8.196192864949813,62.53044673942803
-6.863727643877579,8.125525607128651,62.67528762633134
-6.839161730350365,8.081876577380633,62.679214120508014
-6.84825616581644,8.221367129521642,64.05393300133983
-6.785973663389489,8.258275897791465,64.50449993735614
-6.770255261744791,8.123245905643387,64.70890871333485
-6.818910250854875,8.09471240433459,65.18239559974896
-6.7703211742248035,7.9486355022357715,64.76162950096192
-6.934324321707342,7.975047477010003,65.08775271901325
-6.936397891680742,7.919857035520061,64.58175496040437
-6.929519515005614,7.878037938042413,64.03049433137566
-6.920277770971269,7.848533876287553,63.82504223309363
-6.924255405531179,7.858064275261539,63.89992092019566
-6.9320275933351985,7.8832556618209795,64.07311540916783
-6.939653340241089,7.898094833115669,64.18995675979505
-6.940593166317562,7.898056327867276,64.19493576935832
-6.934906172605282,7.885127075601005,64.10409110558669
-6.933050744809308,7.882379712431145,64.08606391757024
-6.9157270121820975,7.908886291640301,64.25394733487016
-6.937086325049155,7.898443348384753,64.12913267285757
-6.912406319323285,7.900491008690634,64.12315482615166
-6.8978073950750165,7.895314180739837,64.18489187448915
-6.909050765116294,7.894562930736814,64.1147829695762
-6.91667508956334,7.890992916559565,64.08160526291184
-6.9166523935468,7.891406684140747,64.08900200770707
-6.914885749237039,7.887917927210614,64.0656025346359
-4.06551959324212,-3.024997765200642,7.0162469980047995
-6.9151043934753655,7.888138914524585,64.06745025945123
-6.9165808174826715,7.891834511418751,64.09213949957912
-6.915892433398716,7.891327970591058,64.08699364937
-6.918691875432937,7.907250992767427,64.21811359821092
-6.922537411195074,7.913919856763099,64.26572437864863
-6.922583414866897,7.913956379237002,64.266036397579
-6.923735030606854,7.916231382136387,64.26696261325966
-6.926477944936963,7.921480415016022,64.24654573567683
-6.910998582945284,7.928546481691841,64.1501433465752
-6.904369984903893,7.93927703801447,64.08056293415136
-6.9082340175095585,7.945431932255458,64.11849356782513
-6.909612883992217,7.949791010757062,64.14179323350419
-6.89169862755702,7.905962307772172,63.82170021197639
-6.919962903515885,7.935532727456688,63.90375385145198
-6.91913241867161,7.943225339158298,63.96729678162866
-6.917904208116805,7.941516398197907,63.950828685526496
-6.919580187774545,7.944221702044679,63.95965784823832
-6.9086013483614845,7.942235151394315,63.93676201997403
-6.9155400031578695,7.956782058842256,64.03917884022039
-6.876016003466401,7.951949437347183,64.10781344895027
-6.881171708662408,7.958472011305099,64.16333283800991
-6.896630869734992,7.9641597275231675,64.18738133028272
-6.895972178820572,7.961979694147948,64.15379391734228
-6.879496701219258,7.966585922023058,64.06029574993455
-6.855785471783255,7.921575771533733,63.6881064676078
-6.888244160451211,7.978531612389793,63.859327219054684
-6.925023147086344,7.991403961443565,64.05763454847165
-6.925508896732621,7.991598327770083,64.062879302106
-6.92579694903017,7.991935868727247,64.06472923998183
-6.92886990781812,7.997172555823835,64.09692617991972
-6.9339563170422265,8.00663530780936,64.16197148684135
-6.913362504429996,8.011103385142823,64.19288825990267
-6.916167954883837,8.013128462529407,64.21006281027884
-6.909710613684538,7.989993924002987,64.16848140998945
-6.90872196160045,7.989888759093899,64.16646946501879
-6.907851526742832,7.989366710169952,64.15866600637199
-6.851275652455471,7.965765906127465,64.07290531008991
-6.846427391846672,7.953695970300211,64.0611643232081
-6.853193710108515,7.925633369031918,64.04117380420521
-6.86093216221631,7.88216590662803,63.823882837818125
-6.74963170998291,7.703634580525112,63.197107656460574
-6.788458528830945,7.531800752688862,62.89194128587737
-9.212959951100782,10.97386735723874,77.8630777668264
-6.8495646978231175,6.8725166499221535,60.87153502272637
-6.952013616400354,6.580811922882107,60.469068329428595
-7.060922718970435,6.208824837600068,60.01360902896429
-7.183306782874276,5.804842791338065,59.4935738454912
-7.251326600818598,5.40853828013791,58.519667731123
-7.476328311158718,4.896512250339295,57.898017124838496
-7.6529175197382635,4.387593874569297,56.968091369622215
-0.7264574555028906,-0.4565127664553901,8.485588163293812
-0.9706821970881927,-0.5782088358441025,8.461765957621452
-8.507563458864414,2.4796321534268784,54.55534881709846
-0.7300540126858374,-0.6430083731046257,8.406410274596329
-0.8561258533384086,-0.7656920526325507,8.39593011749653
-1.1411569539575561,-0.898130756811049,8.324298131307245
-0.9135935164410788,-0.8774065293383906,8.379860611032521
-0.9020996008657167,-0.9231620168477102,8.347583372455523
-0.9198101799265447,-0.9543055762145776,8.36115362317262
-0.9708249529960805,-1.000418739597985,8.322468709878763
-9.433489925573129,-0.49216578548052486,53.75176066641051
-9.458370510475037,-0.6579119077532221,53.742622899608186
-9.423650146198753,-0.8033648876329216,53.630195179980824
-9.422496547266478,-0.858832641400901,53.75584481340294
-9.35328727587497,-0.9111318791540115,53.5549333529129
-9.29045357608777,-0.952007906791541,53.34126521010003
-9.169501633428128,-1.0630788165922294,53.22604302074286
-9.12464321154443,-1.220909971518294,53.33382498867287
-0.9747828383623618,-1.1649562002856106,8.275264565357066
-0.7504632565244326,-1.117819454087228,8.352334443840052
-0.7525668941969657,-1.1672110605924892,8.333364617492395
-9.092162709142697,-2.44617453667179,53.72475785175563
9.418140338067179,2.922480954599862,-53.761926286496816
0.4367314244113098,1.3385591242607784,-0.640726630873549
9.43304808994035,4.215529678004374,-53.82631853911152
0.550703349884813,1.4774031689012743,1.1379112869124919
10.455009523113223,4.417003200512064,-61.24332331021975
10.342093513599771,4.969829204344527,-60.953868636020154
9.089681186865675,6.485835238949077,-53.53942711957648
9.886185960125887,5.978522480459807,-61.0926376192376
8.515345812806405,7.3358977646332235,-54.462506175004464
8.119667480474334,7.57091191235129,-54.8645848406213
7.555048545967621,7.834877455616581,-55.47939408342499
7.004323968674933,8.037592208098033,-55.66901296355352
6.563219565193026,8.401984334655037,-56.79151913604839
6.059481462084385,8.878652387768197,-57.772617044975924
5.567260897792991,9.323823738270804,-58.00113493270597
-5.116652614113015,2.456213427039904,16.071035571332132
-4.598408956721339,-10.544342414967238,59.62397851776404
-4.136860981580372,-10.878813889528452,59.37034480232987
-3.8939272890699352,-11.295187380747787,59.956972757779454
-3.7184951138479705,-11.594134397241838,60.40632336707139
-3.6127363327545803,-11.841783826524765,60.805402547126775
-3.626881177865816,-12.094606101133099,61.4094105963044
-3.6867595471801735,-12.152557008490385,61.469598235170785
-3.733140296796596,-12.163377827303966,61.40395213070989
-3.8663046857205545,-12.153983574628679,61.51567393695439
-4.0078441927475215,-12.11394427061013,61.42792192707771
-4.14631593144633,-12.080210064343948,61.483305093792026
-4.367199891572536,-11.92219133186795,60.84943080994529
-4.497009347012391,-11.80377999009327,60.446158360298014
-4.619983145809513,-11.765685927599655,60.36842897932418
-4.697067847542696,-11.774778938245817,60.38958861768111
-4.727593557681021,-11.693648964986622,60.14033556436722
-4.7489807655624245,-11.663990330983077,60.53855556092019
-4.731816616208105,-11.654130748388102,61.22737323688336
-4.647367797891408,-11.519135336959954,61.42636694295176
-4.615829298263992,-11.457094463083896,62.0853604426647
-4.539617642313446,-11.354510966810844,62.62246073930392
-4.5625023007060515,-11.232497440484003,63.234241713770665
-4.525516702333596,-11.068421663530408,63.456559452297796
-4.509482929013523,-10.958581912478023,63.77963669624739
-4.5059011039929535,-10.95532803901768,64.3337866225446
-4.529633906939559,-10.869629073280946,64.10096539342288
-4.547895986338122,-10.915020284726843,64.38970876289191
-4.5779955550787275,-11.025599560421906,64.85109739762862
-4.557524358439585,-11.115346574716217,65.06761185772348
-4.518161128623358,-11.157735959261515,64.87283791685327
-4.524991983328331,-11.351504195557792,65.67549952991845
-4.469581824736166,-11.514465083996825,66.1695419252502
-4.387438065816263,-11.509041132253376,65.9981069926359
-4.335846494771681,-11.560027682226146,66.40613937383854
-4.288802181714126,-11.515495868182583,66.48220929913701
-4.279090190314482,-11.497027075878105,66.91708219216909
-4.208054306553355,-11.3350343000308,66.58222083332377
-4.288434746284324,-11.434016305105942,67.70999543306414
-4.293354799830188,-11.386529395780023,67.86182195149887
-4.2686550181398015,-11.27586731282387,67.5956326569329
-4.375433640938645,-11.380326150167443,68.43845529238645
-4.40434331989981,-11.455198688594333,68.82543480872559
-4.455724471386269,-11.598274904955675,69.22584343154669
5.098316203615048,10.478066071348312,-72.82445113805383
4.645999110142466,11.944571020357579,-70.76926692004939
5.058573877041651,10.513498993700969,-72.34230511051315
0.003521698162921977,0.8152201446466706,-0.4738356779982951
0.2621658575878025,0.7307717165492313,-0.45999589096291743
5.063326862990313,10.564033228155505,-72.50151172993488
-0.025862145330684178,0.9714353999049483,-0.5237995465727445
4.68821209428876,12.113971705468698,-70.79281388365158
-4.619715157350779,-11.957296664049577,69.11437683077015
4.81762412289079,12.224050153134733,-70.38099872948644
5.3788344797116165,11.056114309955401,-72.98345210631196
5.43897106061318,11.00204821865171,-72.29408342402232
0.051874136594124085,1.0286591235702345,-0.5335883165931141
-0.03568537315603208,1.17667144472708,-0.5859199186919829
5.408075207186565,12.320261845139022,-70.5374241485173
-5.44157877840593,-12.158460445264284,69.96856694270913
5.658842869883407,12.340089785723675,-71.38347964002826
-5.583878794233676,-12.150309674879862,70.32713715062357
-5.674526888069466,-12.194674881958584,70.69496653159989
-1.7091038735852127,-0.8407311108258175,8.46412727951026
-5.674220381581866,-12.021084694926047,69.68963306818348
-5.755294085189426,-12.093318186169816,70.17854765797927
-5.8048233056454555,-12.03368951753025,69.89648693301164
-5.85654669838724,-12.033611631756502,69.92971338049968
-5.93616162269048,-12.04917570359425,70.13956670754195
-5.957884043047868,-11.90383517394461,69.31595170405959
-6.144454206243914,-11.952445602503506,69.8765348940589
-6.275400463727011,-11.906661994821633,69.8757542803123
-6.35549588768925,-11.843365550430741,69.59948047152837
-6.523972904341178,-11.780890931239398,69.70139636838738
-6.624179041668295,-11.624700381148504,69.35324856446363
-6.817129493951188,-11.619532091135177,70.07591705246632
-7.011026585549205,-11.393944999521684,69.7937090782874
-4.06551959324212,-3.024997765200642,7.0162469980047995
-7.186540765601046,-11.208791414498291,69.62073159042973
-7.601929367695889,-10.579653192120151,67.723107515049
-7.780933398620089,-10.419659969331034,67.43347953520484
-7.939104267946066,-10.400170066300195,67.62188700251296
-8.137231626383677,-10.300497283814936,67.29422447698636
-8.298237468848958,-10.273243696357008,67.31000391354475
-8.420900149787327,-10.35350760499771,67.8363934183019
-8.376200362924846,-10.32453655064336,67.6504391985243
-8.460706515126292,-10.3459094079979,68.08113586274018
-8.445878030053635,-10.320905817989257,67.9684588544805
-8.417309819439183,-10.329270450482534,67.83583337910027
-8.454051167782291,-10.360821847730795,68.07092101608279
-8.432314943814703,-10.3591777012255,67.94282776703493
-4.06551959324212,-3.024997765200642,7.0162469980047995
-8.429728597143948,-10.368308894768862,67.89361546982755
-8.504229131028236,-10.416479141665139,68.22708008720565
-8.553658149606218,-10.426480772505766,68.44641396233186
-8.643002048265469,-10.43379511088623,68.85070391275555
-8.610023246314991,-10.342297369624783,68.52480250690236
-8.644269245690886,-10.351180939204248,68.80174861391188
-8.673982058420675,-10.356320969040485,68.99978654190289
-8.701447281746603,-10.310371014640193,69.07829914538218
-8.769837629730143,-10.305138215328006,69.45013643873256
-4.06551959324212,-3.024997765200642,7.0162469980047995
-8.776224430324609,-10.114798886417478,68.8306404911791
-8.933085605109195,-9.724765528663145,68.717319975774
-9.138582566618336,-9.567063702907923,69.42923724579619
-9.402060318731035,-9.27033372391969,69.75768942780353
-9.671638310868998,-8.933959043912497,69.70543141094579
-9.99812697018928,-8.759078322271012,70.49499175550955
-9.821419040882937,-8.080154253673156,66.45972552091278
-9.865921577930035,-7.807539621655739,65.41856542126817
-10.070745170113522,-7.702769705836987,65.81757402047727
10.476846628266834,7.644684636129279,-67.0710897784192
1.7345733907305196,-0.27417878620586666,-8.29977141433046
11.010249348394494,5.617930343560089,-67.51135423645476
10.94985455569255,5.402172543592359,-66.48441881185653
11.096934571068575,5.2452499677715485,-66.66722119614919
11.133938566407211,4.969626133163568,-66.16279293816994
0.6611488561880691,-0.3323403512564336,-8.404256376978331
10.629970941045235,4.217085170500038,-62.22787613313055
0.6604954464410395,-0.39483835100131587,-8.353904727180112
0.7082165609937351,-0.4377272161071876,-8.426292521390687
10.002360865173111,3.355977846969988,-57.13684960209445
1.3177422130377625,-0.582593301292867,-8.270594633667368
-4.06551959324212,-3.024997765200642,7.0162469980047995
19.64849582372174,2.5382928977480064,-147.614671417449
19.946092242248742,1.916777465492928,-151.0799136103884
19.894714124657536,1.785412684318731,-151.38129029077825
19.74731018527527,1.649476634204007,-151.33078157664983
20.034707392981062,1.5238654584739473,-153.61190958578948
20.02378394744633,1.4081186700321138,-153.46629763597664
20.32887369107424,1.2284002008605155,-155.6059380252093
20.22329563231429,1.0198504594667488,-155.01315724148168
20.34023307890955,0.8069740846989341,-155.5392460263929
20.544031777342816,0.5442947440141827,-156.86398504921354
20.67932513346477,0.28595406243110943,-157.44292664998116
20.607889210217618,-0.021370109379712402,-156.25180887726498
20.74325213265711,-0.5359038469059085,-157.49127289207925
20.93139486867885,-1.505845748145268,-159.17751600621892
20.687644417369476,-2.2829784278845326,-156.51091558065656
20.4579977333196,-3.174835407555667,-154.40823877199736
20.519566484573776,-4.104991222394274,-153.99815378745035
-0.03649132192365188,-0.27471054566602154,8.599084134856973
19.28202017342365,-5.52301548794057,-142.47010594591097
18.784127452892328,-6.002483197572842,-137.32527561498893
17.39472146307058,-6.005809870655371,-123.98503079378641
16.878647089846602,-6.528092083821548,-119.62909341815917
16.46330287894455,-6.806546983324618,-115.11248216046587
15.929051095955584,-7.266570817585386,-111.69424455416376
15.78847510467448,-7.5566634906754935,-110.04243892736557
15.527799275548292,-7.704218659796907,-107.47494805074666
15.489811818955781,-7.986977883396986,-106.67683403915338
-4.06551959324212,-3.024997765200642,7.0162469980047995
-0.24521817267499862,-0.14470575993084192,8.602501825791295
-0.2467454844445387,-0.059568351587897264,8.602271174901109
-0.296974526416395,-0.0661976889856462,8.614141090901382
-0.315599518281822,-0.03101667593982282,8.61087436854431
-0.33815106676646456,0.00361100365007604,8.609406747409901
-0.2877661456636821,0.09711927126501815,8.599470204231443
-0.38902763935197776,0.07126721255340641,8.62726126884067
-0.40122685704481387,0.08573156203273831,8.605618910242706
-0.419187244116887,0.12377972165191972,8.611041801119681
-0.4467906516479803,0.13116897352990237,8.611942811714881
-0.4798518333510242,0.13167159487248703,8.60822583748106
-0.48418649683569887,0.15535306498240078,8.60626949339758
-0.4864628275276138,0.17056501940530344,8.603947827546747
-0.47266132369283176,0.19485767796355039,8.60565052532221
-0.485555516419154,0.20090805345229562,8.598263623673851
-0.47083421058733294,0.23145124735427575,8.599864091776396
-0.47618217380770905,0.23902993015517976,8.598609371624601
-0.474478649226938,0.2557032062658463,8.59777274867555
-0.47755181833524435,0.271614513201206,8.591611127957067
-0.5184081328204759,0.2757982005066395,8.594202372325894
-0.521905188710136,0.29607149244111736,8.58343856519579
-0.5328820438233922,0.31518689377439085,8.591495252077625
-0.5507770924845514,0.3331694207372179,8.591541969581197
-0.5476993157509057,0.3472437942055819,8.58811151333749
-0.5170660490083372,0.37444514445476773,8.589594076676029
-0.5439052010417134,0.3699434446827133,8.592941583846839
-0.5460286439135712,0.37810044811654653,8.588279705966093
-0.5418897352471336,0.3882663712217259,8.587969851558489
-0.5339827352967135,0.40089140138036533,8.587662231264432
-0.5453068102802724,0.4009594918218126,8.581624078457635
-0.5539787584008738,0.3987784393344812,8.58786991897599
-0.5498051930187987,0.398732755413433,8.58299917867115
-0.5633182361430397,0.38577496304445136,8.588523651300761
-0.5634288567407552,0.3800798774931085,8.587932203969368
-0.5720106595891511,0.36826055022040655,8.588332388262623
-0.5733981941320717,0.3626760355321151,8.587215579365745
-0.5771467269492228,0.3575331633647471,8.587231887909832
-0.5864963612892483,0.34845387952491547,8.587939827321982
-0.5839564493475191,0.3465200005427001,8.587217985590772
-0.594183806529511,0.336842997583998,8.587366062282282
-0.5712412721009427,0.3506816638709312,8.589292898724358
-0.5622929275905204,0.36295925715198984,8.58984923024046
-0.5759056720845003,0.3611915838816168,8.58902643867119
-0.577051326418462,0.3676790486825355,8.58887423389932
-0.5755003708343978,0.37583867462572285,8.586388877909542
-0.5692683325600552,0.3824125868724458,8.587628163645325
-0.5837844386359144,0.3800141351874284,8.588085748624438
-0.5845188991313486,0.3886689851490976,8.588415180438975
-0.6004714186301773,0.3838634222675207,8.587149922560975
-0.5925374695349248,0.39374170035701983,8.58824753917452
-0.61879135670389,0.39170129235936757,8.586445240166867
-0.6388439897462462,0.39283625579944603,8.585630213929893
-0.6792599820950342,0.3789714954364079,8.581660658497293
-0.6791807712994774,0.38988318652079434,8.581206960757816
-0.689746566883985,0.38699868645644614,8.580336676406997
-0.6907544728466789,0.39301599918364166,8.589879987808187
-0.6922073239981844,0.3875129299528648,8.580329364749439
-0.6926557368199039,0.39015075017452544,8.580473266597727
-0.6922559268299918,0.39039832997161733,8.580388903321301
-0.6921126817270113,0.39071923527486274,8.580269130625632
-0.6622417529665191,0.410909462114093,8.582919328798804
-0.6630431038473382,0.40919033167373164,8.582708092090169
-0.6605450449753144,0.4107469177276776,8.582473868167066
-0.6661137941233627,0.4056876863483308,8.582415899219244
-0.6637655719948148,0.4072194807762888,8.582532612316646
-0.6646848350658048,0.40380612224488793,8.582547583368981
-0.6687801524457437,0.39851876576810386,8.581813388968662
-0.6418527084581885,0.4171611453883165,8.593460804428215
-0.631408475953234,0.42291485843161053,8.595103587836967
-0.6684091837509933,0.3927758663776195,8.582126236235405
-0.65309992609717,0.40203224788908526,8.583228602225116
-0.651916567995112,0.39957636131819413,8.582638458944608
-0.6435000133330839,0.4048188507763746,8.583002055930026
-0.6560275981699211,0.3953915208376589,8.58299413582805
-0.6559477124260021,0.3954428785413593,8.582978389006913
-0.6639029464096036,0.39020121887740883,8.583171913749043
-0.6378693303986374,0.4089026906994183,8.583748485245906
-0.6400714087270101,0.40754634369183235,8.583792822131903
-0.6381504886722573,0.4086951921302755,8.58387040471023
-0.6285632959916139,0.4129904767849461,8.583944439156957
-0.6293103709803807,0.41241365964724824,8.583933776416641
-0.6478072246128844,0.401598254358258,8.583195078435162
-0.6679320858806773,0.3885371332623988,8.58152200645993
-0.6439428348484394,0.40475277491809475,8.583041963600346
-0.653175150488157,0.3951097964969094,8.587335945816081
-0.6315065028029246,0.40997245708448193,8.591960223403404
-0.6303601953643079,0.4093045683863769,8.587507160216013
-0.6344743875055,0.405916701980496,8.583769005530693
-0.6432359744410054,0.4048181078314942,8.58856978793398
-0.6414681934563644,0.40480997123420037,8.584292881476998
-0.6560706100562264,0.39224198702693147,8.583064833979284
-0.6477224140136777,0.3999876392569149,8.590395744548038
-0.618447249815167,0.42311172877035236,8.596356096681875
-0.6105892433878432,0.427886335449207,8.593995621855296
-0.6065668672679362,0.42958390880855063,8.590041683355258
-0.6454259927495481,0.4007428404897529,8.58616591846758
-0.6287250297961685,0.41403365891700783,8.591477671248336
-0.5570285527393847,0.4680736139649926,8.60509672521707
-0.508812216170402,0.5053760931159261,8.581748094638813
-0.4779808305105798,0.5082353595008935,8.531130015007882
-0.5282776327900162,0.4714596394244337,8.575375945255004
-0.6288983110473342,0.39185665356692123,8.577081599572466
-0.7040642962079411,0.34298993313332343,8.574870816503767
-0.7438086369161839,0.31627589352758645,8.57051185869225
-0.8541534473287148,0.259001493102469,8.55822272230253
23.11841351112726,-22.208124279601456,-130.77942878101285
22.63255313458019,-21.412688152819126,-126.82345445174876
-0.8375921494385582,0.243832012910313,8.521794018322083
-0.9596453469668741,0.1914697936502809,8.532077650093475
-0.8067263771976504,0.25753568075451033,8.549615793877475
0.7858566397371761,-1.329648115788344,1.1836884377956636
-4.06551959324212,-3.024997765200642,7.0162469980047995
-0.8640636132477786,0.2036936693274275,8.568702751894275
1.1436631033709963,-1.101072527958199,1.181188475378598
0.6743716603314179,-0.643522731754874,-0.5054994802994085
1.3786299067072367,-0.7562902581427379,1.1865671915900828
1.4043902294080701,-0.7087381543167345,1.1866419844937328
1.4117628448947128,-0.7049475591645861,1.1883458195032628
1.4928923894725823,-0.5132524276801921,1.1892058130347087
1.505319413687391,-0.45397944961698017,1.187876585951857
1.3760628506297348,-0.7972534549224788,1.1953566211886468
1.4370768948333434,-0.6671109163329234,1.183936807687965
1.470070912020885,-0.5843136562824542,1.1851423605646951
1.4235424550361324,-0.6813763977309247,1.1859706991573766
1.417143745568295,-0.6970013056927047,1.1855529723128062
-4.06551959324212,-3.024997765200642,7.0162469980047995
1.4355985724984843,-0.655355610032337,1.1857420965824086
1.4633887318176828,-0.587151947987152,1.1867521792702187
1.4483422426521775,-0.6455602512288542,1.1960991565181818
1.436772504265308,-0.6702749800662319,1.1881869648173542
1.4214558154132924,-0.7074646361612401,1.1882382776699163
1.4196633946694452,-0.7123292078734275,1.1891029740222618
1.4156781343314053,-0.7216604995779018,1.1892834767328697
1.5022840058870344,-0.509460342897194,1.202038806752
1.5108018975024637,-0.45771776790368773,1.203024200363872
-4.06551959324212,-3.024997765200642,7.0162469980047995
29.806164454496084,-12.357742008457597,-121.02816882533757
30.87499135361602,-12.318416981357478,-120.70405615705727
31.55554831617321,-12.345867920969958,-120.95877877548043
32.15133028548739,-12.371144157749587,-121.08959943320778
32.79327479502273,-12.451717282058064,-121.76283944638963
33.37822380202958,-12.496585420153988,-122.09293982446664
33.964665447745375,-12.48735539220645,-121.94209159533669
34.64541105352114,-12.527949098473295,-122.28256714541166
35.15216112037312,-12.4866740466167,-121.85226435582615
35.888010579394305,-12.484039091574319,-122.07114764878003
36.61878675945072,-12.481946449804228,-122.39074962411934
36.707398783448255,-12.203957484293706,-120.31860753026459
36.731324699154094,-11.758341727259621,-118.26904877561381
38.082573949963745,-11.840707769592944,-120.29051657008185
38.045350556717906,-11.37691245675532,-118.04742730548354
38.134600321197304,-10.979402651476438,-116.11398315642025
39.523193755185,-11.116419437315775,-118.40711754357645
39.70798681399314,-11.045940642885478,-117.66775321617368
39.957425511230866,-11.049938481493163,-117.56546006724513
40.240957558066754,-11.122730436036655,-117.15303783569102
-42.48279394039399,11.776601577268696,123.26517414691664
-42.83496764443959,11.88470133707039,123.53835602989437
-43.13664000275702,11.95130845679777,124.1858715270555
-43.182772669863084,11.954869628483895,124.38160642298286
-42.8438628114064,11.861789364394598,123.3729969308668
-42.29623636753087,11.620778433877845,122.0872740064457
-41.94556103137164,11.355606377434128,121.31367860292848
-41.671978572626365,11.130517067422637,120.68263695962692
-42.03503417750041,11.006097543770402,122.02509780133046
-42.569923319911695,10.900291988018399,123.36632115067204
-42.57586989470253,10.731657519919205,123.20407878095845
-42.53474783522534,10.622473036213504,122.61882094034394
-42.77075751428504,10.676607472649746,123.0441472932368
-42.79617884908841,10.715422869035962,122.87664642727624
-43.418041170728145,10.917955193401383,124.16448546927181
42.2531863385061,-10.560986788823246,-119.77006575840394
42.972571268154155,-10.627432829961144,-120.5142547917449
43.96643802076169,-10.76561282901143,-122.15191226979158
45.029733612259626,-10.935880024011325,-123.90173855892188
46.3641750809957,-11.160939360667191,-126.27567346509542
46.776522612235475,-11.259182415012193,-125.97692812971387
-50.230624501250226,12.092147914595412,134.05441479271448
-52.34390771372893,12.556867085771945,137.90430377078908
-53.90018829047316,12.936334612865226,140.54053719694306
-55.724308243911025,13.38614366027021,143.7771724633222
-57.276891230583274,13.725451155110335,146.31756020958244
-0.540695079143658,0.5520843260944149,0.4298088636622254
-58.098372778068615,14.043614770584433,146.41267114826266
-1.0355393027306918,0.5735865920292726,0.5533171499923012
-0.968846584128637,0.653940166641737,0.5548569457927661
-1.05843892083677,0.5449630531014646,0.55856282084601
-0.9087015871213203,0.5902563634027779,0.5234329702099942
-1.05118758995543,0.5531863191070101,0.5575296213446821
-1.0999919447126623,0.5546363576489488,0.5700991550394987
-1.0346582425145836,0.49093709401587804,0.5451047184108732
-1.0873890457053919,0.4777443036511671,0.5533215707758282
-1.1165714210416768,0.5094615400002295,0.5640188035153048
-1.0960872068180743,0.5071015413521927,0.560940837418575
-1.112789325735314,0.5325894092214333,0.5702827163760635
-1.0969686699625143,0.5487461296203012,0.5665737918298216
-1.0522024166128263,0.4507706783740951,0.5436389030280606
-1.1261038707784083,0.5269194421925046,0.5701511598882105
-0.6759232554147353,0.20057900320228417,0.40703019936883417
-1.1217270304454876,0.5215895705684028,0.5713239484375199
-1.1175517947689337,0.5154576191567302,0.569608377899456
-1.0594604849236986,0.449240319284962,0.5455240694105893
-1.1131508876270586,0.5162103122766138,0.5657587763135775
-1.100543284138171,0.4871002439733789,0.5587641650343207
-1.0507264031954524,0.4974177173861242,0.5491882463173927
-1.0565146749972887,0.41738196616883944,0.5372822509727038
-1.038520137375479,0.419036344495869,0.5370106497348943
-0.9841187476093005,0.34287941973202907,0.513695632979923
-1.0753246314638023,0.44918768277753507,0.545687500360031
-1.0403085397295087,0.36903579410703263,0.5284507034156488
-1.0902489043961752,0.44661588176803296,0.5490215742519352
-1.0391160501852024,0.41541687361582974,0.535304867219725
-1.1205203735562648,0.3457489003287778,0.5464169420880031
-1.104838831809896,0.495747749196153,0.5621926703385841
-1.0260180547837336,0.3965052051244931,0.5307492702807317
-1.0946240355271708,0.44264389437701007,0.5496173935972093
-1.063940596619502,0.4522004007649956,0.5464249276177374
-1.0092609819557188,0.4705181815042674,0.5307783065955525
-1.0481046788280868,0.46448603912888575,0.5397552948131034
-1.0517522360478073,0.43445638818146953,0.5371994686391852
-0.818852701623985,0.11926509996050363,0.44592254378145535
-1.1535744307540394,0.4345082662930829,0.5627575303032414
-0.7665612789039192,0.14168122287334822,0.4270928860897318
-70.08349930778354,18.15576813934868,164.41529457176074
-0.9214939226464176,0.17032367956442412,0.4759687612393088
-1.2019120556771752,0.33037446349975014,0.5725363926799845
-0.8648622615204676,0.2109970664130236,0.46715670044519547
-0.8851914879936524,0.09200672185916005,0.4722170070768524
-68.09154520123215,17.03350772957538,156.24320948837038
-69.95916600770944,17.44980940100973,159.72473109000657
-70.72131153008974,17.565305327802555,161.2211564032998
-70.18746557483975,17.45209204803237,159.73133269545417
-70.12117586359295,17.43723088353391,159.7111890956434
-69.48935036475646,17.35402485868821,158.12389211105446
-1.074441688347768,0.39387514486706815,0.5379032326026257
-70.04368254001344,17.3588487452653,159.45890519049092
-70.8361297508167,17.595468481502312,161.59971941740304
-80.38488685721723,19.550296377818615,184.63808470511847
-81.98247704013293,20.22708444673095,190.04388038552182
-69.70337173120569,17.326598253648797,159.7565361252984
-1.5447267564221818,0.31989110570881185,-1.2611259747272485
-0.9667975431402658,0.06188304851248235,0.49126854012050347
-1.157927669733502,0.3013602246520122,0.5510285674624487
-70.2589232752568,17.26828349423665,160.19925628961641
-1.0328008572342595,0.1524202705713321,0.5097631981612646
-69.4597866415519,17.093256407426328,159.19875757520595
-1.1632791821207942,0.3201282326186309,0.5546692761213895
-1.0354509480393594,0.43688353970558114,0.5327325907208766
-1.0550024529476267,0.40017852839648455,0.5378860726128498
-1.0632038241948318,0.43459177458046,0.5433198339763318
-1.1735974683202273,0.36164194723398446,0.566604904137438
-73.73397852448637,15.599834812759347,174.88327429746207
-66.66109121144356,12.27043810727105,161.4761215614307
-59.233944897968236,10.471757188647468,146.26128480895514
-65.66209774311696,10.535548941443428,162.92910306694893
-1.1685678698847908,0.38216855525709886,0.5685120200969157
-1.0866296257531396,0.2517781684233303,0.5376598745009331
-50.03726091381968,9.048240275399994,139.68949747511252
-48.30609612245284,9.00652484948735,139.80694266292846
-46.228710313319624,8.959951810037778,139.20150793564682
-54.58895011651684,10.001790845688578,164.28214947717686
-45.07953417388442,9.567915713547471,145.92458203343435
-41.82410747933892,9.352025413962266,140.58786354291846
-40.974337474024836,9.722672423289774,143.1751988858954
-39.19455670299471,9.877098025630959,141.80948136179327
-38.602447363079726,10.244499507277704,143.17280273773528
-37.70795369108766,10.392978185754043,142.71680697591677
-36.905746213729785,10.764887460718182,141.73860457047485
-45.36146379376437,12.647747521720362,167.51759906642823
-36.607541862347134,11.4143222430596,139.6646587107011
-37.42996853696263,11.636491338032274,141.12048738172504
-46.61633361158811,13.351612841942977,165.97874646408815
-38.3794186894751,11.969127064969534,139.181510795966
-38.817741173371324,12.163923424864944,136.9307006208181
-39.92127380760619,12.29884346720704,137.10765367959186
-47.35126010174256,13.143698986232616,151.89927148565235
-41.53728642566631,12.23760707998436,134.6567850201947
-41.87575757596251,12.042199217056265,132.08517765937384
-49.15415269910506,12.832906651453554,145.97719577555128
-40.50033549030132,11.446839282588211,122.49278642309963
-44.531507612550776,11.027385882259976,127.99531881278428
-39.44834303558924,10.318725201755676,116.22016972954948
-39.588653406381724,9.827377646831529,115.6124843581681
-39.115911243102516,9.175502981779951,113.70991530922473
-40.62571237844702,9.074700791712408,118.04027007200533
-21.381398029045613,-2.5936210854388695,58.029724410105274
-0.37639823767005576,0.3865856302369884,0.36741556364081734
-41.5920314759152,8.28872611157685,120.10454252882461
-0.651910545837058,0.5561073601127031,0.46994834651902845
-0.6390900206605526,0.6191413507192137,0.48820125994358143
-42.51770421750287,6.300735889091133,119.3067506092283
-48.41604446510193,5.565465566788436,130.80931937940974
-0.654009556907501,0.5611191198027314,0.4814128077848471
0.9647555718374687,0.20071402224852303,-0.5108539090767054
-43.512379078603956,3.6261156010475726,112.43229950577197
-43.11806573498262,2.7670732764300823,107.97422837519434
-45.66216643609207,1.9272424479727386,109.54570923237416
-0.7377122586052361,0.3390946365382759,0.4365075517979917
0.8964749898823903,0.3155304378577991,-0.4812372151289325
0.9298109923677884,0.2027082728785706,-0.48068387715273947
-0.7223934686895036,0.3872262872506872,0.4573956854305159
-31.093286347463998,-3.177082233787004,64.85522422304275
-33.57665376298624,-3.0538382734746654,70.21804921300208
-44.4023780759044,-5.964738836748708,91.41249228764889
-57.34967638128609,-10.07672708601293,116.33282179299847
-1936.5419992065974,-430.21403587120665,3936.32592265624
-1.2734227680683325,0.1000878464715202,0.5738091924798797
-0.9657001553256588,0.040928695015994214,0.4786414634703394
-89.652922515219,-25.740259435153316,179.44661190667185
-88.3699588708172,-26.116294346576762,177.2990218733991
-80.26656755948255,-21.62124530391944,160.45632846920637
-81.25557280606438,-21.015093219847753,162.412283235332
-1.3092444069535052,0.06481522293106248,0.5812221350767435
-73.42881995086496,-20.445335361128848,154.6460795094969
-1.252586220182791,0.006675044413788829,0.5612425564133133
-0.6097092520078053,1.630513707745063,-1.1694555662352575
-0.8876550877546068,1.4725104241669316,-1.1819380202276322
-96.78669034840186,-35.98592876995735,253.2270393120448
0.7832848167060217,0.4781072338785475,-0.48225955919866226
0.7683008679663043,0.30932540134464853,-0.4568773044347207
0.6392720554410133,0.23357035162119183,-0.39814076678862426
0.5519154451231143,0.2201787429554612,-0.3813653236567991
0.6527498415122672,0.2679465428081323,-0.42139411555511236
9.2278223829167,3.467962592228784,-30.43713253015069
0.5628288553351906,0.28830122251174395,-0.3860087961648648
6.993159251546961,4.190170262405817,-24.2978168508912
7.554776841745108,2.8071492102480855,-27.1608896458453
-1.2995406769582707,-0.39283152349677053,1.0278878609396602
-1.3466725306345446,0.06590362890095582,1.0098507612279022
5.921988117663441,3.710167095967787,-22.14926845127475
-1.9338368137893869,0.1456872866997079,8.636811282036675
-1.343163792405789,0.026623677983399673,1.0131634958503324
5.593121739853071,3.5568841270743126,-21.490235866538935
-1.3151613208227104,-0.24511178365431321,1.0015956415018656
5.489829536855094,3.515934707349702,-21.28075347455424
5.463961347157615,3.496399841645201,-21.22970101507631
-4.06551959324212,-3.024997765200642,7.0162469980047995
16.720531251846094,6.09903340368136,-64.751692508066
16.678798691284097,6.016428097972264,-64.38579850324996
16.68951351423688,6.019054579038564,-64.51400399394068
16.724421357567515,6.03227812686206,-64.61236671304651
16.764620300803646,6.0566749440383525,-64.76059630753593
16.75771016476243,6.0605578167895455,-64.75643593849226
16.74854139225149,6.056649270404927,-64.7255787018339
16.7441122013377,6.054801589849016,-64.70768765864509
16.7331047906444,6.050171630709182,-64.66740167869455
16.725046133184073,6.0455413120311015,-64.63416963902894
16.731625039316434,6.045998057162704,-64.65179291947778
16.670855916949165,6.015002723311465,-64.37015937836605
16.67265290685063,6.013656276553818,-64.36357142439579
16.677028529545815,6.01506675363819,-64.38504128838079
16.673969108284993,6.015425444586669,-64.40404014330281
16.62932656483359,6.0060303238143575,-64.29820981381125
16.64224425678177,6.011800789817875,-64.3186197225508
16.64943308622181,6.014523641893213,-64.3526545455166
16.64997077639679,6.014744071765876,-64.35642751363048
16.659861418301418,6.019031266590065,-64.39714486397733
16.661651973032477,6.019719546597153,-64.40453079954449
16.662812807608553,6.016522001870255,-64.40161294156417
16.657489760763756,6.013515748757673,-64.38232566783591
16.634955797845993,6.0031923736043415,-64.31802135509628
16.659866741273042,5.9976563983146844,-64.41611593956158
16.66348212254548,5.996332510210081,-64.4294374032883
16.649324675363335,5.990262507527483,-64.36949474718378
16.6441739999152,5.987319572167112,-64.35440976049148
16.639628325533984,5.985023243748288,-64.34029079238726
16.65985057251451,5.991166553996332,-64.41369028160786
16.642939169459478,5.980946708126493,-64.34626388378288
16.656398199085107,5.9877443932087635,-64.40367279315478
16.660865874576256,5.987244637536326,-64.41613905073876
16.673556176917003,5.992655308755117,-64.47611411002468
16.67306592384886,6.015516982339133,-64.50622648677108
16.720538209023356,6.045880245892696,-64.80003405081501
16.634470520002886,6.113458717873403,-64.88408844155754
16.789963846140527,6.188882306831581,-65.3956240097328
16.77780093670755,6.280736996940652,-65.54637939965843
16.823152273524823,6.332235590862779,-65.63754802934186
16.680767774474035,6.3843205759619455,-65.04563625523154
16.43363282227672,6.475719193489295,-64.24604274494082
16.363869009200005,6.503737382309238,-63.96542947426049
16.218813471062752,6.510938501490113,-63.42620784290331
16.165934957002253,6.611771105560957,-63.53758268136276
16.3817724020332,6.817068707008453,-64.84138304131875
16.392891068190504,6.930229434881248,-65.13386312936616
16.41819647977761,7.015241914682894,-65.55617635822296
16.435582970401754,7.023758342717472,-65.58481232136955
16.493585797840446,7.082934389611905,-65.9119164171551
16.652089011782827,7.1990775619309355,-66.34689206029272
16.86857143596279,7.413081516253156,-67.30713221096886
16.97179958160356,7.528507285652907,-67.29855520235687
17.019619140605457,7.641483449820532,-67.35671460997503
17.126120960574198,7.849343475597533,-67.73959202451971
17.159730796787912,8.029759706534668,-67.9108796141796
17.14910253296331,8.261743864425393,-68.10269771282707
17.32872071014603,8.689204900191402,-68.60799417104388
17.282764294897614,9.277360482926483,-68.44231204655536
17.19348046208625,9.893226190698972,-67.93828943459764
-4.06551959324212,-3.024997765200642,7.0162469980047995
17.097484179009406,10.636557746705073,-67.4178956001117
16.963794073873952,12.196552074585988,-67.31914975883367
16.738877408966086,13.07248879776185,-67.53057149873564
16.66365655566635,13.983095751831373,-68.1452696240062
15.829351394670418,14.611567196742925,-66.9643564648023
14.84991530619992,15.301532403835406,-66.09873185539323
13.738001003019146,15.950436461630638,-65.18640486469837
-12.785041579676367,-16.945472932783918,65.97469416969413
-44.20870185488807,-71.07905125927643,266.7519262045967
-10.67363832570014,-18.821262932388944,67.01019860394537
-9.750931945848137,-19.841004772973054,68.8136582386274
-8.119170931172222,-20.01703434014296,67.55340194265736
-4.06551959324212,-3.024997765200642,7.0162469980047995
-6.552262767255557,-20.408082186744895,67.65540562792197
-3.882806457420738,-19.961224520323043,65.40160614428963
-2.649747379808507,-20.250124044803428,66.398207332456
-1.7336176092093203,-21.213674452827675,69.58442377546609
0.6638109712401639,-2.9285156804831707,8.016561734449194
0.06742885090959483,-20.047186818518277,64.48974606225407
-0.5756757483660291,19.527220234678627,-61.72970666255144
0.0443973927858612,-1.5955620942020061,-1.191193171787399
0.34238696447847644,-0.8428746907081835,0.49151679574933493
0.04811391900120638,-1.5859621422483225,-1.193403796428966
0.09928626257205429,-1.540234717289071,-1.1937051005197876
0.20201643019134233,-1.580852692865305,-1.1967752349341603
0.27381525316721583,-1.581222965997049,-1.2089543052897476
0.6559781403867962,-1.4866619308654117,-1.1974911535858404
0.6204815332538223,-1.4925482887484807,-1.1992262315794262
0.7253866077548184,1.592085821186885,-8.347810930684822
1.1896720645588423,-1.1623865435095595,-1.1855658008560803
0.6867437403003674,1.5676723371218344,-8.441833953436696
0.676178319243585,1.5681276215994093,-8.289185486699344
0.6071670437235421,1.5589195889009007,-8.500877428885786
1.1737981895431677,-1.1826141138190573,-1.1923617320567736
1.1978326700594588,-1.1521056256244928,-1.1895753110286686
0.17649794204136468,-1.5950123666351161,-1.1970318694568884
0.7869544631488568,-1.4277503177144215,-1.2034237378122503
0.5217476151111974,-1.5320191867592687,-1.199210228964397
0.7835574362919395,-1.4322412713782515,-1.2027484796891743
1.5181861324503187,-0.6917009143160952,-1.1827741059701178
1.5352183872771898,-0.6670659703357648,-1.1607062214061084
0.6444146166215245,1.4401988686185094,-8.466078133117529
0.6590992549861022,1.4066679313912362,-8.375992354216487
-4.06551959324212,-3.024997765200642,7.0162469980047995
1.0464182574455951,0.49402224545096146,-0.5830210709187844
1.2160835645541772,1.1046800674624433,1.1750474722304876
1.1962747793730408,1.1316079975513829,1.1777364139017379
1.2406527519225037,1.0768123469809092,1.1723342631268319
1.2781124551584047,1.0300984410818164,1.1694884601819822
1.274065024804718,1.0352260175703472,1.169474930484539
1.3795587673055882,0.9120062256115742,1.1631093222300766
1.2694440952140453,1.0419743381996827,1.1695534522134796
1.2540991723532768,1.0601466321191002,1.1705166402284222
1.4477167511913378,0.8095344053783579,1.1587229410015178
1.4982828294503825,0.7061854124815284,1.153369884246203
1.6232122044051922,0.29336839100073797,1.134030407826431
1.6101271319147232,-0.28660883470842263,1.0800630995947273
1.579940654929205,-0.3616258225893973,1.0831497596341095
1.5678145555166896,-0.4337254889205396,1.0710955235924202
1.341849043255802,-2.4553527783404787,8.150552371877353
1.3292132601665572,-2.4774038704129646,8.147647528439899
1.3247362956217812,-2.4253190925911157,8.01976861889538
1.29646010344253,-2.4994431116956624,8.148171921110485
1.3184771231683168,-2.4339149245148013,8.172378791821085
1.29325512308008,-2.467956167204203,8.161699971627021
1.5558257760719763,0.5702994646434353,1.1495675391610622
1.640546216816079,0.13033467355474151,1.1087357330721015
1.6406889712342105,0.12339969516651614,1.1090172513852428
1.4129566459016694,0.869257617329074,1.1673319645131168
1.4365592873885966,0.7982607853671854,1.1460973739436506
1.415698710443334,0.8420390128544004,1.156974709114464
1.488014513738386,0.722000608875905,1.1597667807580232
1.6371934680646678,0.010637766345672914,1.1056019275990454
1.5876224701320065,-0.35675706499160054,1.095766511500912
1.4955272530323178,0.6795292013374086,1.1518055523614326
1.4687504917234993,0.7372577801446177,1.1632879574939243
-5.826517126581194,105.95157656825043,-392.4164400434694
0.622580282729437,1.0191251210239334,-8.540405790746702
1.2077162161764539,2.267312145363572,-8.241747498992739
1.2725063305024553,2.160715834690991,-8.2417836853513
1.222887951143748,2.454741412939809,-8.18188774327217
1.381062816578945,2.1392886863018243,-8.234532169628496
1.3496497610847997,2.3677644617563147,-8.071644715144114
1.3356500380782703,2.4935163295253675,-8.161274833618691
1.3886182487860232,2.4469233920386766,-8.1368502664377
-4.06551959324212,-3.024997765200642,7.0162469980047995
0.4615875707578427,-2.265495629549529,8.264801085830529
1.423139076945409,-0.8050115168806298,1.0981794177997792
-4.06551959324212,-3.024997765200642,7.0162469980047995
0.2972327619370962,-2.2924341134593598,8.30397022936816
0.24984648680965774,-2.2798168592920027,8.29507841374935
1.3654959381390066,-0.8678337797889644,1.1070533682535943
0.2639748890245201,-2.1174819914064402,8.374071439885089
0.2459701824775513,-2.1477959771639865,8.262549694150108
0.2195306100982273,-2.1729931150623476,8.341112099868443
0.21221486258911426,-2.148529440352306,8.335448547724301
1.5110700819460026,-0.5790846605308616,1.1251111099446944
0.19539211695470382,-2.156684914178772,8.339514809518345
0.16017986109842045,-2.226405205796765,8.328440723651415
0.17155580188967487,-2.1797581137566704,8.30957878410016
0.21800174734077843,-2.038268565635486,8.297786690554057
0.20916189442987973,-2.0571389593425895,8.299244028572131
0.16091604413838145,-2.1819200409021033,8.33485165430173
0.18594440979819404,-2.1036852464182068,8.402273651138955
1.6083915378036686,-0.11628638141075026,1.15075988266941
1.6169419207434412,-0.009510989909437346,1.1463975474124455
1.6158444581568003,-0.03819690723882677,1.1514811458762018
1.6196562662954017,-0.1731588416513258,1.1413275341800164
1.6105928486537466,0.032704205437649375,1.1560511969109692
1.6110195903685993,-0.0953297540315468,1.150256001324459
1.611455994450337,0.11264461016510528,1.1527765718903824
1.6186835717654806,0.03402081721130399,1.1492393223017665
1.5258207144940772,0.4960695329742694,1.1792648643152626
1.5200658075690914,0.5114627141540499,1.1800638728488853
1.5133877444093349,0.5464498206460853,1.180286325665623
1.5278525633740105,0.506574516353187,1.1791363460003073
1.4097041736149172,0.7489073955678649,1.187420287620771
1.503335094376724,0.5698806075983854,1.181345054510873
1.5344650627005176,0.48234203471782855,1.1787896140912386
1.533474176324504,0.48407218183942,1.1791689209474014
1.4933336614238721,0.573591103061587,1.1835027502330095
1.516968008981721,0.5119784187415934,1.178257659075918
1.5224014294956747,-0.5381572591955643,1.1198859995763057
0.21857196086399222,1.5428001995642446,1.2087681913803074
1.5438481308528675,0.435711884482601,1.1793825914566114
1.6130616047559545,0.04932929192969998,1.1564834068545895
0.011416943239785612,-1.9839006293911876,8.38366765834595
-0.012900913595134275,-1.973232740715987,8.385933488100232
-0.007432389320090393,-1.8785055070463008,8.377591042238747
13.418145720837467,19.454562181123435,-87.99395520307293
-0.6195008864074809,-2.4848835409019787,8.234882443823786
1.2982607327541582,0.31448737439055113,-8.537792882435246
16.93888493842593,18.371372361788218,-104.31894837150251
2.1049642832039237,0.6152740236976808,-8.270445025425307
1.9644255042912004,0.38179046351215584,-8.41678963341083
1.971780995407076,0.3390052993724013,-8.450841861347815
2.0856589402925287,0.40010009207308395,-8.460539252192465
2.1164877193171447,0.414232939451368,-8.377114368097281
1.782451880270128,0.12183263124710317,-8.475849657182756
1.9418450192152008,0.22833147378913854,-8.429974396581024
1.6873072309344335,0.0726736510036802,-8.471420292431217
1.5050700070932477,0.026008692901191986,-8.477306746548676
2.0553632931503016,0.37454009475424743,-8.38394117184836
2.0309663530493496,0.3572909990548356,-8.419178935585787
1.9492776499873075,0.2927086810990439,-8.43721062235819
18.012382350291517,16.26620257748806,-109.41543796443649
1.932827353092963,0.28470159502983156,-8.384621733982147
1.8864158390448416,0.2536896209410329,-8.43707041773002
2.006345923708108,0.3491147910410584,-8.411373498060959
1.8804018707480157,0.23620774002058545,-8.444399168199093
2.0050791561744816,0.3310281435192415,-8.376468350670393
-4.06551959324212,-3.024997765200642,7.0162469980047995
1.9603935977278397,0.27923622587500674,-8.411225607268943
2.0184676878959795,0.30159058228249297,-8.42105160090532
1.982107290084387,0.25145995251594466,-8.42319666467086
2.1964453624103784,0.49814340056907846,-8.371071614913616
1.9798119497180862,0.20442088009238885,-8.375073377024435
2.188940409320602,0.4467636236414533,-8.368508863301368
2.056036400836267,0.2304224061185734,-8.437959913640576
2.0182544633888724,0.1686491317112118,-8.39612750160026
18.648226346637237,13.819501269317227,-112.91362425102666
18.642945242532697,13.662016808304013,-112.81014704135565
18.63807919790274,13.496724157191052,-112.81594226629724
1.938167470392866,0.0648735875612997,-8.426029030784601
2.053000176485301,0.15926709201718547,-8.397557424163448
1.9760260402203995,0.06243595432924133,-8.386071603226414
16.264627288910226,12.558099710653746,-96.91635441697322
1.9587651378348796,-0.021811530199719455,-8.443569677929176
-0.2186334057543379,-1.273926279781526,8.516324992636047
0.8483009166688842,-0.015205416560908635,-0.4842754933905509
-1.1389905486086642,-0.20280109091988982,0.5712224492270651
-4.06551959324212,-3.024997765200642,7.0162469980047995
1.531973413434686,-0.4064369715133151,-8.482987791921811
2.4478119488036914,0.494604412630597,-8.342260692177772
2.3811477335658546,0.17530063644142987,-8.293212517154062
2.1115712030278186,-0.28185482918592536,-8.418573064711687
2.313950689554567,-0.08529060711846095,-8.367502640623536
-16.32958479084208,-6.87493802809489,89.71515036691433
-15.930142051013586,-6.403038392732974,87.13064211556451
-15.476734011340767,-5.908366953196105,84.36661101113442
-14.819327480554797,-5.3702720078130275,80.47379751255032
-14.425733004455484,-4.998434656103322,78.0453725313012
-14.120268106121392,-4.721038840168556,76.60204803991428
-14.348321022506621,-4.622022012666394,78.30383982074781
-13.99574967516715,-4.199306876208387,75.97277888583999
-13.618349579121016,-3.7122352585754848,73.52487008746732
-13.253726316187855,-3.309134293287405,71.02696102160475
-12.933606292593531,-2.8641071635337925,68.84633620800514
-12.740506363311907,-2.5180418256738326,67.19426117895945
-12.479084334493757,-2.2042430507590667,65.39430298675295
-12.419362572330636,-1.9672249936775008,64.37685225455535
-12.515893274844897,-1.8214257661206081,63.75060172848885
-12.479971167069099,-1.6636623397833452,62.78456894616677
-4.06551959324212,-3.024997765200642,7.0162469980047995
2.672432090553045,-0.15573857551495993,-8.245983169755243
2.6784573789310593,-0.2889325600726673,-8.22849494209553
2.727283429745891,0.08569207985716414,-8.238357606491178
2.7135543301034026,0.18487309230923396,-8.210417133433594
2.7259585877502044,0.0069585548675148235,-8.22207208931238
2.727390262414893,0.10448826261729621,-8.232600158793705
2.7239758879893743,-0.07942937340339706,-8.244429610827646
2.731051721910771,0.06028812406387317,-8.231294520661484
2.7096702951086846,0.19735181484003783,-8.227495215507805
2.6097075165417616,0.4911900499178946,-8.26468423422725
2.549310135261599,0.5943013413359258,-8.273743983066208
2.739246569999906,-0.18326115948761834,-8.229615313854007
2.6849296134628378,0.31797595891021563,-8.23541376164177
-4.06551959324212,-3.024997765200642,7.0162469980047995
2.6816080775734092,0.3452297915105701,-8.238205193969597
2.6947389514437643,0.3156788943494486,-8.242864194581706
2.4970788411392086,0.663339567790945,-8.274448034683905
2.6447152228959547,0.438415731676836,-8.25301110369126
2.6859472564164437,0.34801200119920506,-8.236750957691726
2.697686743105829,0.29659689157134794,-8.210837191335271
2.7203389749129547,0.24080806574419433,-8.205516637559267
2.5235096770536276,0.6469053778407008,-8.267825539675343
25.483740898232444,-0.8706993392085284,-116.36743144307917
2.7478085433114816,0.2219732957110209,-8.2213068501942
2.7700828184746484,0.14887152018381886,-8.212281008398309
2.668672317683098,0.458967179841191,-8.241934276396448
-4.06551959324212,-3.024997765200642,7.0162469980047995
2.7113317251455777,0.3836238796518935,-8.230938392911337
2.787362153724072,0.23888750332069766,-8.21299515943197
2.7188060711545905,0.44582486733957327,-8.227015284286836
2.793902940918928,0.250653175229843,-8.210721358843953
2.804602215757159,0.21279158646524018,-8.196969087082582
2.829181385743083,0.08748126421533829,-8.197127356680918
2.8287547901450822,0.06614232226220416,-8.17989528702157
2.833019267573484,0.05214865638006059,-8.19439967176188
2.8333966820819607,0.062029653851745206,-8.196816356649656
2.8287524815781944,0.08265187343368467,-8.19617903438994
2.8284452529859725,0.06597396124288264,-8.18023062003298
2.8288115898531334,0.06228564273276787,-8.180110341269815
2.8287569138111652,0.05982029997047983,-8.18013600530292
2.8336133170209323,0.050160098194010024,-8.196652186529827
2.832357687402244,-0.012146023521139478,-8.184654153597906
2.8346898353690793,0.03427370419177137,-8.19632590819272
2.835567779013481,-0.01594877067248722,-8.183933607549239
2.8386963276100023,0.007157059771456464,-8.19504150418089
2.8367251953923778,-0.0305449105068024,-8.183471547970502
2.8396908919908657,-0.028954026852410344,-8.19698695813049
2.8431076269969364,-0.08960944221231026,-8.192644124942833
2.8420102520769843,-0.06434341136725691,-8.190708859329654
2.8456865380641645,-0.0768034579656036,-8.19236820044737
2.8489522440701287,-0.15169190297320354,-8.209753921705186
2.8388647403956773,-0.16863367397047155,-8.184529671707864
2.842356682095783,-0.19019835563576257,-8.20551137387325
2.8465922267748827,-0.17749929669437917,-8.199968388010408
2.84301277221581,-0.1783710402177658,-8.194890971575713
2.8430201377910276,-0.1784977794595649,-8.194876581654311
2.849843944105194,-0.16968900505382079,-8.207875109646963
2.8498107990270185,-0.1790189444801175,-8.210171681211232
2.8422657995789873,-0.19524676058091747,-8.194696060153294
2.8419310991087747,-0.19917119719783502,-8.194201615539502
2.844026649584178,-0.18840002905757391,-8.193681782736112
2.8427468865772383,-0.1933654040051191,-8.194042143409007
2.8494486841117737,-0.18604439948966509,-8.204280993281017
2.58648751445247,0.6944286562449219,-8.257869529104406
2.6348267317018914,0.6410345541116975,-8.255075131738359
2.5496584729541003,0.7357191522793493,-8.26545607948933
2.4992623536103986,0.7885710867547058,-8.272900429718002
2.7438125194472933,0.469047986377755,-8.237847964267575
2.837878159081423,0.17031932467214697,-8.174934762351267
2.851507155658378,0.10636830302012953,-8.188664780741766
2.62457925112313,0.6646904279007687,-8.24940841482449
2.8260682832852018,0.29032602959778514,-8.236802224771182
-25.276611567792745,0.11367156136214719,108.86464143465255
2.8580896819892767,0.1200938272749337,-8.17760154833256
-58.689401615219154,-0.5113697627997029,253.54582849369714
2.8142466509611213,0.37411238755504816,-8.19073490764655
2.8755814986288697,0.21474084762959483,-8.192661612475177
2.871626280822656,0.3001985594352662,-8.180276413891727
2.9279617045814073,0.07143560818102815,-8.161607804080214
2.9419467394967938,0.12900266101898333,-8.15952324778727
2.6969132210171645,0.7937243884113737,-8.173042666505083
2.962123726675562,0.34714653198586365,-8.147002284671089
-27.87811456469274,-1.822712152930759,110.59497348983305
-28.473676349712825,-2.158507770278322,111.66413248232347
3.0409226008314074,-0.027902019734385244,-8.121730543946025
3.067840922410933,0.16123367487271978,-8.108309185684224
3.091574724534905,0.29848988361715423,-8.098577054373298
3.1185862888731672,0.3114440836156377,-8.066471038743915
3.1135547235029364,0.5907992281263417,-8.066210774020686
3.1201320609963816,0.6542087792902633,-8.057402895356285
-34.106078891618054,-6.067117233455899,121.45510062461818
-1.0645053970419203,-0.2853415112503234,0.5532348252344889
-1.1394515864859935,-0.33317718534519736,0.5723943024873519
-32.12413689480831,-6.23009537492728,112.1258720220113
-32.39544166848922,-6.411103134457577,112.34196182188742
-1.0205656023063503,-0.2227741400032433,0.534445382410608
-4.06551959324212,-3.024997765200642,7.0162469980047995
-1.0440470395292833,-0.2988046478787012,0.5476668917254585
-1.0335577521157704,-0.26981467332187253,0.54048741504179
-1.0246887085996101,-0.3159374122294076,0.5297370124156398
-1.0268560425837305,-0.3406975174087512,0.5467185973471479
-1.0395860640614953,-0.4168318024773094,0.5430420419253229
-1.0075255543261932,-0.37603623517359147,0.5428032237290095
-4.06551959324212,-3.024997765200642,7.0162469980047995
-1.0105335740205397,-0.40370469036097156,0.5465395738298834
-0.9433446363712679,-0.47181330326723847,0.5246652362453567
-0.9673160284961109,-0.5428596893813381,0.5389259291335761
-0.8743502018923777,-0.46887360956437624,0.5050574003929055
-0.8130015798441641,-0.40508315976900333,0.4750801848896569
-0.9454873050425715,-0.4855339231256752,0.526519964671279
-0.9831818845392845,-0.37176395387136,0.5353334047396388
-0.9198281553346664,-0.14402267096334073,0.49961464766595287
-0.7785623589925665,-0.09343260828609717,0.43775003413399305
-0.8939174729285433,0.01025663124686724,0.47734068319564305
-0.8012951598417362,0.0380976680754459,0.4606410100810645
-0.7842445444580136,0.014781529328432874,0.44938141483159416
-0.6226317936560276,0.02798212719199837,0.39453304569479697
-0.48967919949395855,0.04125591166194513,0.34137101598231523
-4.06551959324212,-3.024997765200642,7.0162469980047995
-0.5995001860302471,0.03495950048976999,0.3835804408180684
-0.46885423865030884,0.06334817905750892,0.3436440347081735
-0.8111976229172371,0.04290800752197957,0.46076261760371146
-0.6995766659504309,0.04541354251661519,0.4262603093098818
-0.7114520689391952,0.03842553321239554,0.42700355068419815
-4.06551959324212,-3.024997765200642,7.0162469980047995
-230.2918571875619,-48.457019977112125,643.2843311598615
-74.68952048350323,-15.630699304079098,206.25335435886745
0.1731364491468029,-9.389990250784667,1.561291180922894
-1.1332253313300371,-1.0044223109373203,1.0313471902931985
-0.20724791330597864,-1.5286824436291317,1.1217605587025021
-0.3363488480868984,-9.381862783706387,1.5659106709969073
-83.68326421068286,-15.744772565552626,214.41644012165713
-1.0801261114399592,-1.0673543258325013,1.0352483405435493
65.90590020841361,11.844722985290801,-165.11562237900552
-1.0261284033071905,-1.1216449918212577,1.0350982681333016
-1.0588228566772862,-1.0872499106534348,1.030817063192375
-1.3698889610131382,0.6506639841067989,1.0323834499788915
105.28739827459808,18.22083167677362,-248.96967603097357
99.90737360205992,16.632987652996476,-235.32203115285705
100.02588149759748,16.477790556581922,-234.0321494197898
-0.18662990014182465,9.550630651962015,-1.0791847146227809
-99.74897393133733,-16.359008943122987,231.7555378297446
-100.50300162226004,-16.45741390053325,232.79423741871398
-98.46991993502309,-16.06480917632555,227.54958439771636
-97.93286534994122,-15.86830264266095,225.72729345419538
-440.15785330473517,-70.05163281275907,1001.0589482686975
-95.18992794578962,-15.024952394452457,217.58042187375182
-94.08541781635145,-14.818161269830874,214.45953243816282
-92.70279865305713,-14.572211486483189,210.2521784997135
-92.23894308357097,-14.462097248831663,208.19478044199303
-92.054761085577,-14.360215758952977,206.9592122592223
-100.78490320199857,-16.249468518729348,224.75951508227234
-95.27170808892133,-14.720983889432976,212.0219014381926
-96.43922123187842,-14.99533706043825,213.9061271471023
-96.48678138607936,-14.896496117266963,213.24607627729472
-96.14384568759083,-14.766318923432673,212.0092482191052
-95.03264927154449,-14.411262531662453,209.07790087187922
-94.03693949029889,-14.127733875423536,206.52946756111714
-92.37937233104795,-13.729661773949493,202.65006799841862
-103.63180645851693,-15.76934371865897,226.11936657680147
-102.91488175359086,-15.553722959345452,224.50997099479972
-102.69462066389588,-15.497665081055647,223.95855807676938
-90.00111345786881,-13.053135288882965,196.93855031586116
-101.8911061954768,-15.301828312596342,221.7560162649088
-102.06540199826375,-15.253859358309832,222.12196493825397
-89.82589404431447,-12.919804062978502,196.32970164958738
-228.17920569817068,-32.866108695516246,494.1905969491805
-102.15292449791784,-15.087051198687151,222.30048458388882
-102.199213760871,-15.09084476497944,222.3722099073427
-89.12607665541941,-12.69757705847798,194.86039266453028
-89.15025191108411,-12.70169019074992,194.91288121258424
-89.04367735827519,-12.678740773538701,194.67576717182422
-89.0423321368751,-12.677823408057073,194.6675381779005
-89.12519684888137,-12.689688475475297,194.7973807137577
-88.81796301689806,-12.634057618142844,194.04011327478585
-88.71331748795724,-12.608060933008955,193.81603604768475
-100.33852143757143,-14.786868736389707,218.15482313757784
-101.48530116379618,-14.86403770336682,220.4440463079263
-88.48723694130864,-12.510492185498432,192.8879495166948
-102.25104920453822,-14.840326313848195,221.8381235651134
-88.25624673057902,-12.3494092066577,192.2559608510364
-104.77250825518384,-15.112686988199835,227.0479594740619
-105.79940223873345,-15.104820888690387,229.21358561265643
-107.31896826137397,-15.380309608606927,232.4887070693236
-109.61899451932257,-15.650324249577874,237.4041289187533
-111.95511393095998,-16.131490599590514,242.40564165930064
-87.9035304913415,-12.599005330379468,191.1270343811102
-348.69138350666213,-49.37855649405056,750.2395414083402
-115.81550232398378,-17.06082219548171,250.73044371701903
-116.6576529605329,-17.324055475494045,252.56010091314374
-1.1709441168547228,1.0208961267509442,-1.220651025534535
-1.2141114611487827,0.9869837909671378,-1.2104194054775186
-1.2215749275518764,0.9793561187007748,-1.21111621169053
-1.2215783700398073,0.9793538179987833,-1.2111152101386018
-1.2054187267786778,0.9991529189960944,-1.2098247873410297
-1.2925547260053636,0.8929202537310075,-1.218482793290888
-1.2142924859319675,0.9743637644281974,-1.2223992627830143
-1.2142854608690938,0.9743687240567577,-1.222397895948804
-115.0905122309027,-17.05167610505516,249.3422485690441
-114.95240137755628,-17.00734905910778,249.04728237514587
-114.29551314031772,-16.942772918750883,247.62878196105467
-114.33044784678302,-16.97293641895823,247.70800647852343
-114.33241413269548,-16.972961146790873,247.71211240189027
-114.2594023333989,-16.892606268734735,247.61097415220897
-86.86621760435222,-12.564849131972949,189.0075246326793
-114.95110414463117,-16.83250688667993,248.94981974801343
-114.94797286543965,-16.832234208798074,248.94333611904878
-114.17957692588907,-16.618649044611466,247.2788296169547
-114.1815033051069,-16.618809011249724,247.28282884058677
-114.18641953067552,-16.6192520418726,247.29296072241843
-114.17384767196566,-16.61721062162749,247.26613309838422
-113.65901616753565,-16.445086596621564,246.15439917175266
-113.66208119880297,-16.445276538956346,246.160888438043
-113.73319361055366,-16.44855120594362,246.30907638553828
-113.72938203646268,-16.44824442251173,246.30115388304978
-112.02447050973473,-16.401532297112492,242.59570819525229
-109.93227137026614,-16.526704114148238,238.2549855238126
-138.33860500307046,-20.716455857691287,299.45161467653935
-109.15835849353981,-16.81865415635387,236.91315844139888
-105.0738261497738,-16.466529727307577,228.65817291520418
-105.6957800889319,-16.792718111586773,230.4282438698194
-445.91738271294173,-70.02224366198011,972.9864577146686
-110.40155932041992,-18.759410759458877,242.55104646041562
-109.64681984013995,-18.55072468050974,241.53245769800733
-112.29242395860864,-18.649959950084646,249.73573617981938
-108.65612859544132,-18.052715076346466,244.05750046663692
-110.8319240596514,-18.59668764763432,251.24757524136163
-113.43442887357507,-19.103333717326418,258.9015285857478
-113.71299371087532,-19.233698939068574,259.84678879150266
-113.0704279066048,-19.157846179578126,257.8334819449047
-113.05685708773886,-19.099135705259204,257.9975599913773
-112.12203183885019,-19.098353573547598,254.86728714602452
-112.00611272097088,-19.08889288116481,253.95828168816394
-98.51445001821116,-15.605685803719236,223.12526512421636
-103.80255997483776,-16.320344726770013,232.11021121830174
-97.42563169708473,-14.751468295566132,214.93368454011227
-83.9191897658296,-11.934510977831772,183.73674422764145
-0.8970822345684583,1.2794729933300106,-1.2158748436708933
-1.0679728966141409,1.135098749228311,-1.232500333362102
-1.5631730180431702,0.2896572115975161,-1.2644607633844571
-139.82231158805683,-24.94360845120683,300.98436040414543
-1.1699160578845254,-1.2692199284157484,-1.2358119560977672
-124.43604031097095,-28.055823831171338,267.4843713717028
0.5027679638949977,-1.4687777130633715,1.1794016574230388
-76.3428341805998,-17.113891061550703,165.1009392647843
-74.94251863664803,-16.846699722085464,162.1214064050973
-75.77839671134414,-17.05095119279151,163.9041777907742
-75.68202113898651,-16.999800386259263,163.70201852725722
-76.22719791689231,-17.13716966890693,164.86118771344286
-76.22649760881903,-17.137259041800956,164.85989148267817
-76.22649760881903,-17.137259041800956,164.85989148267817
-4.06551959324212,-3.024997765200642,7.0162469980047995
274.8503194335302,61.99486969160171,-555.7349374289197
274.91221214723686,62.00820461753984,-555.8593667001256
274.9199057409846,62.008105159545025,-555.8754284336768
262.83819987494,59.3715603677128,-531.3498070804991
263.06442308816736,59.42395012675966,-531.8093733514368
262.79596438860705,59.36091345992975,-531.2645998979356
178.05317497973508,40.35131898702799,-363.07483754304724
-4.06551959324212,-3.024997765200642,7.0162469980047995
-38.590209051581496,-32.64801458194457,113.06648654312484
-22.793167680789328,-20.58419430080364,72.18520842836058
-21.816773742933425,-21.42445380913281,75.61697537994502
-18.75452514929069,-19.951997142037605,71.17278788726605
16.892696678338215,19.59276278209181,-70.07689591065218
-16.77296385308183,-21.402118551337335,79.50843202756472
-16.772984072051567,-23.30785804126873,89.14556732870574
-16.490441552624784,-25.102718773723094,98.72963838377456
-4.06551959324212,-3.024997765200642,7.0162469980047995
-14.429396159049723,-23.356593341435783,94.02838965871094
-11.390761180870076,-21.25887146732207,91.40832916152567
-10.730408881512362,-21.018328864284356,93.21096786402906
-10.20236201365105,-21.048301506384885,96.1733463278671
-9.580358295584926,-20.47978164680403,95.25731180984242
-9.211546787191207,-20.197655781917188,94.98673415327853
-9.182219391618291,-20.181667137236484,95.28464943666137
-8.980935042987394,-19.944979346820997,94.31638324510172
-9.085188365398471,-20.041149935846814,94.95506231478619
-9.290927714423578,-19.959859561705354,94.93324945280538
-9.59833187945211,-19.995318372475978,95.64275726311162
-9.75098692770285,-19.7355992139179,94.93713002705479
-9.860732158031285,-19.399236758843564,93.94582792760069
-16.691114855056473,-27.914134573737737,145.90978472498028
-16.854988101016605,-27.33255271091832,144.1839925342239
-16.048718858237876,-25.550050688829142,135.7321840055228
-16.00361017164171,-24.94029992377701,133.72429607215355
-15.74603237441752,-23.854360283188594,129.42781391729858
-15.877588528904106,-23.597244566520587,129.50525468449354
-15.651163408265987,-23.029985019397138,128.046447936613
-15.69429480167414,-22.873586330578622,128.42884003201684
-15.802853976110852,-22.991388691069698,130.07365528987916
-15.902868007993952,-23.219395018730527,131.64763480251503
-15.986786597439803,-23.353971353872385,132.1657181885462
-15.99033236392718,-23.5194637999134,132.2190441740895
-15.999044591689671,-23.643369387533102,132.29507463965678
-16.08821112322811,-23.954460387982092,133.7195903417535
-16.248964376378495,-24.287119513958096,135.29853417048355
-16.112180412497143,-24.01962548737214,134.31400861575628
-16.225566729936347,-24.021821732088437,134.9689082027031
-16.28600658364327,-23.927041554111366,135.61703417969375
-16.64996797016549,-24.291735339523857,138.434545653536
-16.51517787184678,-23.91990280057415,137.78059557794725
-16.653292768599474,-23.99684102239134,139.32458904135916
-16.58212561664697,-23.820771829257385,139.24710949988912
-16.33091489978784,-23.315413187042473,136.65990306050492
-16.413523630749935,-23.46648860041786,137.64994794460716
-16.527930973014747,-23.6188611002699,139.067791523554
-16.279479694736615,-23.081255430947795,136.642746018238
-16.265660998360953,-22.892015951565376,136.76170915759448
-16.225550109162953,-22.544867168935458,136.4638437359786
-16.077910086344666,-22.116100785947435,135.63514174008554
-15.494328172353987,-21.077080502373295,131.1982256283498
-15.482871341360426,-20.928939218076007,131.84582114881064
-15.413745020218958,-20.63748437963487,131.370772546627
-15.462424271948265,-20.642466979791276,132.1931553789529
-15.79251799666885,-21.252224194011283,136.17674652827023
-15.787328743097405,-21.369713506272173,136.81018460132614
-15.861135053061476,-21.57832866403801,138.15003913021707
-15.95540266384169,-21.84250100865763,139.73307016480922
-10.384360985720113,-16.504499176159417,96.75253154057405
-10.42612673022708,-16.64752336054607,97.63777671125139
-10.31907997564338,-16.636443511205826,97.48183936983396
-10.308561896144361,-16.628301486259566,97.40318769199158
-10.322098682772317,-16.733337096814882,97.63966336220517
-10.34113669467562,-16.783815008425346,97.70114803717902
-10.374865252471006,-16.835982918757747,97.54460781519931
-16.108660647562314,-22.603016999657566,141.25241497742664
-16.17632572482518,-22.807949364957103,141.83472753713272
-16.261426518502823,-22.91150759664263,142.41477676090537
-16.269574843494535,-22.93484598821929,142.54997573734332
-16.327360108648893,-22.901217407143154,143.03220951492463
-10.512703249454528,-17.032859609578914,97.99001009794758
-16.3749141426201,-22.838109730858452,143.40514091382175
-16.373931213041224,-22.83617642485671,143.544911480566
-16.303714125072275,-22.734493946608715,142.92553638636105
-16.252302352103005,-22.661439419394256,142.43556875756192
-16.252316815424457,-22.661457653294892,142.43567928681176
-16.25240693389148,-22.66128815980229,142.43530504692941
-16.25234612789404,-22.661236497846772,142.43491273488775
-16.25136335442039,-22.659758745175466,142.42583976490528
-16.21741803344012,-22.621281558772793,142.16619935286158
-16.18650959825679,-22.571806339784853,141.81239691963174
-18.741861361579613,-26.254822555376176,164.35033093911633
-15.913635211534363,-22.229349001198067,139.39668982981252
-16.04255917061079,-22.46851619602749,140.50026530576184
-16.08108182015286,-22.512304182928,140.38853793303713
-15.807852863672794,-22.110288902837663,137.62244580666018
-15.791865134091369,-22.133372063983177,137.6084357161344
-15.999476790551949,-22.406807648743996,139.12438393612402
-15.97252803211652,-22.285316663228947,138.04114003558303
-15.824980766941367,-21.914890713235792,135.45225769167996
-15.737165040146419,-21.74960983946785,134.3758658163609
-15.48204671513797,-21.15658609299234,130.87759831491636
-15.535393592282409,-21.030998501642607,130.3556777822477
-15.61389436672302,-20.93708002391059,129.99919831810456
-15.53647812341876,-20.75393398759728,128.89381499567233
-15.385019716276416,-20.553065356793287,127.55102905908842
-15.51539310989967,-20.67171073218841,128.22312300841287
-15.58655240824036,-20.770151219034734,128.86084477092732
-15.500170668677065,-20.631960131608796,128.01289112098718
-15.542967488639869,-20.689981757191553,128.33034748908992
-15.653843428733685,-20.806248060738508,129.05711824900834
-15.4945549168103,-20.53973340602654,127.43180886799117
-15.494776877302849,-20.539825771343068,127.43288354785086
-15.66538508556413,-20.82944462654241,129.00106992574655
-15.469441973124864,-20.57950380549861,127.4521567198374
-15.540329949204082,-20.680216200035858,128.0432725149325
-15.639134004186234,-20.77658812050365,128.64516325575164
-15.640962896693692,-20.779074910090532,128.6591688670878
-15.651099628112316,-20.79374935884371,128.7439668079392
-15.584545308604634,-20.68418029374984,128.05614656626534
