-117.38160858758795,-95.50766819230644,-146.07156310093612
-2.000242465338554,1.2238382645313288,-1.1458308585243149
-68.46934200016953,-57.66437082371752,-86.08054472778747
-68.36288264111968,-58.056715974601126,-86.46855253486713
-68.85162406156091,-58.41002732956651,-87.18717969478824
-65.13924041740371,-55.135731590311,-82.6062998965547
-68.79392749100747,-58.06293352437226,-87.08923033398497
-69.06344551148288,-58.17795701148635,-87.36270489953134
-68.9918853298435,-57.80663250800873,-86.95837017300387
-69.16484498669665,-57.826023728050494,-87.18429239146761
-68.72580216633236,-57.1791396813274,-86.63176015062338
-67.20808825641375,-55.77894062863402,-84.7101506341868
-68.05344692259443,-56.28817774772282,-85.78256679770118
-134.0129690179743,-110.45072764413881,-167.32149634175693
-120.85624412889922,-99.12481653114014,-150.4238306154215
-51.22302428260973,-36.90262750330962,-62.72365541308025
-67.44702650834657,-54.75621339464328,-83.76875568655318
-88.57685405670401,-68.82296016026287,-107.5041636135678
-2.8850901384030117,0.9761259539361741,-2.8268740108492807
-68.50284166118993,-54.33353434838762,-83.10296850699824
-120.11877477794478,-93.95033986713638,-142.94495306102777
-132.8018761483305,-103.77433902327961,-156.49701804160898
-71.66044650807342,-55.53021455470889,-83.39821988835214
-75.09459401288684,-57.51223172986256,-86.57263904251847
-73.2543713732317,-55.665426302351285,-83.62961783225686
-76.55832330849549,-57.24516384677157,-86.15316356891863
-81.3276869821595,-59.32004198451269,-89.42800904789567
-0.30620495709030626,-0.12050228119775634,-0.3013944855355526
-0.4357519865951528,-0.1066525362651655,-0.39753440047391997
-0.6424437428282734,-0.09511395225192261,-0.5467276717605815
-0.34926655714459465,-0.12004084250370925,-0.3261369264914606
-3052.455525184476,-2203.3334147418427,-3178.3217001012736
-0.8083764309808847,2.2593942059296865,1.2160900862369555
-0.42324362886473976,2.329443804576448,1.1352554322085493
-0.32242369901034784,-0.10997256871962666,-0.30430163543343325
-0.6583177662041315,-0.052395808774863606,-0.5459192954826935
-69.74885380345896,-42.884064680190164,-72.97511500438796
-1.723947339770302,0.6452864554816369,-1.6555540461942517
-138.13702894191934,-94.34978715637791,-147.02094264513275
-77.12781214858067,-52.33362243406385,-82.92980893692294
-74.33878171973033,-51.053072767824524,-80.33715585037363
-71.98106966369431,-50.16460240458747,-78.49626218733
-70.18372509342066,-49.248363485767115,-76.89566108940737
65.07609107423136,45.70512025497653,71.60503656711548
63.71383615922083,44.98176115313472,70.62128790117748
62.58080303407359,44.082309592138074,69.61129775616065
58.88381273187903,41.27377551127418,65.46869374845603
57.489926092384174,40.08389871508925,63.990813536588185
57.273302644797674,39.53268487513522,63.574193169060074
56.14530761044119,38.07590167437325,62.04867886508187
55.88794359061288,37.16868347153832,61.71841210565442
-4.186403840108915,-2.6672933888976904,-7.22685462487284
-4.06551959324212,-3.024997765200642,7.0162469980047995
-62.42275357682608,-39.71670905116155,-68.23185049012503
-61.7649766268498,-38.09179021694981,-67.12581203705317
-61.18218415277206,-37.704518564123845,-66.3907839080242
-60.71960015020926,-37.37064966180213,-65.76879376171767
-60.58069573993442,-37.21864109219418,-65.49803969364034
-60.4326224703574,-37.04423516618682,-65.2132588437008
5.749106351373676,3.410513850332208,5.521317625690689
5.751819628017268,3.373488596588989,5.504003282310491
5.771431427082034,3.345517887621361,5.512800140724141
5.822560338839297,3.2749227236970935,5.528337522056789
-97.56959198370826,-55.666827785911146,-103.12162358664833
-62.03125677927924,-33.72388168236546,-64.94300817522824
-144.74484821940382,-69.36955561299453,-169.64331089537012
-1.3866387029991085,-0.49532360640813994,-0.7977480232572907
61.11414881458555,28.417646128858305,62.077972094330526
60.89723732306425,27.113415721114517,61.486809103563466
58.93216270680629,25.046690407445837,59.047989427279624
57.30884799176643,23.459252909468532,57.331473734116166
54.66066523475071,20.973072994525076,54.41143467153718
-4.06551959324212,-3.024997765200642,7.0162469980047995
-0.16940153161014807,-0.07794595509966076,-0.22020223312136813
-0.1697200344089091,-0.07657946500490077,-0.22374755153603398
-0.20403500435604505,-0.08689215566694389,-0.2641590719715853
-0.17029559143767992,-0.07211762176302654,-0.22370320468454344
-0.1966799579508498,-0.07973607424185677,-0.24406879810444795
-0.2003178559048405,0.18900663259734674,-1.0500753957563116
-0.17551126761033037,-0.06351749468706418,-0.22083620401837986
62.59293905477335,21.75987744718578,64.97314123234217
-0.14229445806096722,-0.05748428751375076,-0.18505658256139285
-0.16319992080492396,-0.06362143507078621,-0.20172381368605297
-0.21499679999145127,-0.08583186487164066,-0.2748252270337481
-0.1706672227497893,-0.06728553979635354,-0.20857622534383413
-0.22034582941282896,-0.08909189659028223,-0.28133392620871084
-4.06551959324212,-3.024997765200642,7.0162469980047995
-45.44815541597429,-15.885023067979054,-47.20888782854213
-0.2200050918500187,-0.08599869912191363,-0.278774029011142
-0.2022886798422251,-0.07713593041493173,-0.2551879274960763
-60.08689819015498,-19.900192419433342,-61.272615630156004
-59.145669111754884,-19.589965081259365,-60.12818202048354
-57.97411767439627,-19.215239237458647,-58.86914885054636
-59.68408845634574,-19.776639099992106,-60.61185318564018
-59.91912785114091,-19.850763808552255,-60.94875795070232
-60.02759602976934,-19.875187909519873,-61.16415977335977
-60.0024876155959,-19.873237884799508,-61.12276293906999
-59.90427960726736,-19.854288078162455,-61.006492003079266
-59.835383070758205,-19.839783091818205,-60.91189618574008
-4.06551959324212,-3.024997765200642,7.0162469980047995
-72.86040271087482,-23.47520006905234,-72.75698160698958
-72.35348872392659,-23.293586804012477,-72.15820176101941
-4.522340700762435,-1.6442694490215013,-7.195360305900206
-4.513884826430225,-1.6520579095797425,-7.1711651376504975
-4.06551959324212,-3.024997765200642,7.0162469980047995
-4.51378938617979,-1.635348954655827,-7.170846964215666
-4.522320068118437,-1.661308020476172,-7.182332582801556
-4.535014196971988,-1.6418211372655545,-7.194999995925861
-4.565283559741553,-1.6198929213724305,-7.229379050831865
-4.520630592415194,-1.6632796101864173,-7.1848349692680635
-72.7845731386783,-23.284886408237103,-72.04773629121553
-72.59149042058115,-23.23553517838234,-71.70004078169687
-72.73458663801749,-23.287388430177288,-71.80805073823754
-4.519816187419922,-1.6457657273064377,-7.159613251127413
-4.515081762941526,-1.650895733788972,-7.154917833259651
-4.53423242965059,-1.6528236704796144,-7.173342499555084
-73.13449993489165,-23.47340146172585,-72.20373045476062
-4.521423980580199,-1.6382997302596045,-7.157869308421441
-4.553335157681703,-1.680172269999186,-7.1677271980042025
-4.550943615939298,-1.673003381688231,-7.167533732969491
-4.567739219534421,-1.6672444759799137,-7.1909333658472745
-4.561667898763022,-1.6686458641917135,-7.164441673469734
-4.550012864333471,-1.672219000646205,-7.148424926785555
-4.593588389617197,-1.6492686683310458,-7.187999978877531
-4.619116560162922,-1.6792162064074587,-7.1970350291222545
-4.587112516581521,-1.7323927632866902,-7.17437958060857
-72.19780209858193,-22.743860743851485,-70.30182755732072
-4.595126046510669,-1.7369297280565938,-7.167322431185509
-4.531038003610157,-1.6626007618751228,-7.085372683183989
-4.06551959324212,-3.024997765200642,7.0162469980047995
-4.543504646054801,-1.640860182461359,-7.1066097004303295
-4.576961007656071,-1.6053158838685855,-7.1473035385602826
-4.581072561111686,-1.625521351403224,-7.150651577995594
-4.58169531097509,-1.625819092352687,-7.150690729368285
-4.583056434911501,-1.6239951024317798,-7.15095669448177
-4.61835522460222,-1.6991879680384145,-7.1654598613672595
-4.5847022576782,-1.6458708511110802,-7.150065743974373
-4.571770631797955,-1.6256650670889767,-7.155273011858241
-74.08618100067713,-23.112482606722914,-72.40748885948096
-74.17804283480216,-23.114330960886285,-72.4997688385453
-73.8597384678544,-23.014893899567234,-72.18852258398609
-4.561593311644379,-1.659173400804106,-7.138280849228151
-4.5754318575186135,-1.6309983521982192,-7.153016923410684
-4.533102239697895,-1.6286890973380994,-7.114431838578192
-4.578709476027276,-1.6526196440859786,-7.154580240431541
-4.596873173710817,-1.6526533403483605,-7.176473816363634
-4.595575873325896,-1.719913549991921,-7.174167365823937
-4.617186190769724,-1.7210700856343784,-7.170395805084782
-4.615341686698423,-1.7310266442725466,-7.1639226306604185
-4.656466548144193,-1.6683498169119673,-7.217288147314767
-4.567892425468757,-1.6611886147164372,-7.130995458860715
-4.528476506417103,-1.6459237250152126,-7.090945035238981
-4.566912736586206,-1.6636877802271322,-7.129293146625518
-4.5815752118278885,-1.6570303009002065,-7.145547104717623
-4.619323557467058,-1.6530530513494912,-7.184276264932722
-4.58161750055483,-1.6569792487597528,-7.1453757943276885
-4.568285733861848,-1.657109722228949,-7.131087005630603
-4.58550756974792,-1.6596622154559497,-7.146246644206542
-4.650910429057906,-1.7026046048674335,-7.201347681420964
-4.650910429057906,-1.7026046048674335,-7.201347681420964
-4.650910429057906,-1.7026046048674335,-7.201347681420964
-4.644166877827401,-1.6356556125633253,-7.188808291486659
-4.593587386634062,-1.6571150366198109,-7.1388861446449745
-4.597058491421555,-1.6505496640567543,-7.1437326723248455
-4.607405787350217,-1.725583339243745,-7.165845417805021
-4.627773918597298,-1.726210652291581,-7.159329289906311
-4.628790393163871,-1.718925781272054,-7.1617556419982735
-4.629064988860886,-1.7160263143596863,-7.162655529357988
-4.629580790159026,-1.7137198683189923,-7.162173353369946
-4.629522822843434,-1.711061829625879,-7.162691241041479
-4.629642715503746,-1.7088120398453732,-7.163357982291636
-4.629697554891376,-1.7070365866878565,-7.163814367449903
-4.660427946844098,-1.7045796845975338,-7.1922524875185525
-4.629773913698215,-1.7067693589007793,-7.163928481368575
-4.629782246413094,-1.7076023894396257,-7.163618855788202
-4.630209179702147,-1.7074609342753138,-7.163945441330549
-4.664328981120005,-1.7044980546153576,-7.195693205567728
-4.668021718825287,-1.7003473063641728,-7.1955173618013335
-4.672739471658667,-1.701263445037698,-7.19631619615671
-4.673651565138707,-1.6955581733225995,-7.196854622185485
-4.6745450740562156,-1.6944483239546675,-7.197933637740286
-4.672417023838219,-1.700599780882371,-7.192906420056725
-4.672449683115266,-1.70026632992529,-7.193015567321957
-4.674116840122691,-1.6962022155890037,-7.196119314460196
-4.674067200842752,-1.6962506056512627,-7.1960550400415535
-4.582521309804481,-1.6189412746321281,-7.122674162873429
-4.674427887380077,-1.6960685716509964,-7.196486177657166
-72.59465090339268,-22.01206647236042,-70.26039590662403
-4.615708261024609,-1.6160410640089604,-7.179541852092938
-4.06551959324212,-3.024997765200642,7.0162469980047995
-4.609764354156616,-1.666940500499447,-7.175628276093722
-4.646137218082366,-1.603154771046931,-7.193396795683174
-4.661529103147879,-1.6771031829735916,-7.195413072770652
-4.661247385841447,-1.6777397391933404,-7.195234035777225
-4.663488102992383,-1.6799382872493092,-7.197053310549205
-4.663107416166828,-1.679241596724269,-7.196828834006453
-4.661931434219762,-1.6785413112571677,-7.195789418389645
-4.625761068822652,-1.677048574923376,-7.164773761738581
-4.62713654378525,-1.6727000938114682,-7.16833995686443
-4.625313917834768,-1.677117307063726,-7.165735612401299
-4.62530967103598,-1.677154736344982,-7.165743959685729
-4.625311340991267,-1.6771554153274615,-7.1657441563875635
-4.625323815085207,-1.6771289339324964,-7.165761431292034
-4.626174664286115,-1.6748897032503942,-7.166761406428604
-4.667470631665132,-1.6812812320840689,-7.198782184975343
-4.668291395573112,-1.6809649864344864,-7.199856128830316
-4.668605552134838,-1.6807876470203316,-7.2002936598496605
-4.66882466146631,-1.6810523366716028,-7.200273544248787
-72.78032485756529,-21.971753695395293,-70.51348505852175
-4.6285010132527455,-1.6643971438486649,-7.171407118210905
-72.76315024633156,-21.967757807013157,-70.49918436823314
-4.669772355436181,-1.6832394897702831,-7.20097742673094
-72.78820438301845,-21.975393785300056,-70.52418777173553
-72.59000482399505,-21.92779512010544,-70.33209144055719
-4.669839046124055,-1.6830001045432594,-7.2010781570719145
-72.77377281046113,-21.972671794306216,-70.50809721842953
-72.77511671423524,-21.973076047876493,-70.50941029133611
-72.69483962771069,-21.96360073633175,-70.43078321780241
-4.6704447058847745,-1.6811838335753668,-7.201692729708254
-4.669483844554861,-1.6822912653474549,-7.200029721075696
-4.6682950653572854,-1.6828441263739924,-7.198357835744482
-4.669242354192691,-1.683638074280705,-7.199135269612346
-4.670727107417376,-1.6841637183229505,-7.200506307882599
-4.6715477017013445,-1.681545787264071,-7.201911770527052
-4.6143311460168634,-1.6774254429589097,-7.174739049029021
-72.57955791899347,-21.568928497278367,-70.37233739596331
-4.591509455504223,-1.6168896632078442,-7.134734339116238
-4.593511454453612,-1.6127639616838387,-7.136201983877124
-4.5523577781325715,-1.588846927767146,-7.096736391585337
-4.631678990951341,-1.6961443941403385,-7.15885521100603
-72.71045645031174,-21.602903934293053,-70.43603570092294
-72.68421457167753,-21.596127829924427,-70.40998134997636
-72.67765281276814,-21.594273447488494,-70.40374475666407
-4.06551959324212,-3.024997765200642,7.0162469980047995
-4.56793838312795,-1.514571371312594,-7.1142925582098275
-4.674789951755101,-1.5348947479088513,-7.214738103351654
-4.707241437661153,-1.5394634060931764,-7.244729250297839
-4.698165953513196,-1.5068047107680418,-7.235587382557346
-4.615082578994127,-1.5206615239614893,-7.15897667070192
-4.642316192220799,-1.5402834270525252,-7.165823033206284
-4.641797985907313,-1.5395547942895074,-7.165354644705816
-4.641797985907313,-1.5395547942895074,-7.165354644705816
-4.6419461958707915,-1.5396566768316853,-7.164988609994768
-4.642102230135745,-1.5397238456187958,-7.164659612003458
-4.642039880089183,-1.5407901120778293,-7.16425617655014
-4.624536239427508,-1.4960607961794066,-7.172020338853323
-81.18524447151357,-24.085954028194028,-78.74981060432303
-81.28010208350064,-24.163235660930475,-78.91875114111637
-81.59095779079004,-24.363236780853097,-79.51518510335235
-82.0227546658162,-24.607387786961425,-80.25136785343692
-81.73868376038196,-24.703324004032368,-80.63341714511516
-81.55256979501065,-24.844320896963776,-81.12212682222196
-82.5383182736248,-25.555497779329052,-82.94054997380164
-84.5428155576706,-26.66962408810342,-85.92521605059996
-85.95078279857867,-27.737092639450058,-88.376435732148
-83.3652549351213,-27.299182409260705,-86.72824947951001
-82.2387470027021,-27.593538782176932,-86.3188606334726
-77.27969841800251,-26.869540677806352,-82.07257231626872
-74.45018060095619,-27.05516901203871,-79.96614044299545
-68.96143913591334,-26.28064743648953,-74.8733104759011
-4.06551959324212,-3.024997765200642,7.0162469980047995
-69.7051328482461,-31.296725046536665,-79.83017276387258
-60.91788037362515,-30.675851373600047,-72.07623624446263
-57.71078611571927,-30.643224312635144,-69.16867823265153
-57.89582360560355,-32.5411292746782,-70.34929439096594
-56.83389837346175,-33.7221303414238,-70.10760484492015
-55.72817004950512,-34.66538088310094,-69.47377269929939
-55.19448126234595,-35.99182481779159,-69.54151398677637
-53.208567200086115,-36.02931140844553,-67.7824753171666
48.31061551107274,33.72362384071599,62.116594778315786
46.4029270779589,32.956170700942614,60.1217600955638
44.1585591726758,31.962060831626875,57.73589402657196
42.58772335917132,31.35068818021547,56.27573875057507
40.77229022817717,30.55252954489331,54.49480280919647
39.76135789165691,30.7513769974575,54.272104550934806
39.974366668769584,32.0068319298845,55.7961939345533
38.92085388730406,32.95808362766159,55.65818410446222
36.683655714861324,32.69667581735421,53.602022062858346
-39.48875502233119,-37.310637327525875,-59.06922477496359
-3.1193666614128173,-3.1029948904593563,-7.490264206640606
-3.11299770627223,-3.134557357766338,-7.465751733199237
-2.9983621446540045,-3.228096456003417,-7.414061326224206
-2.9825552762698453,-3.258791851099009,-7.469288621289898
-2.937479292201105,-3.273324773049701,-7.49642526402018
-2.909373745092156,-3.215465691293925,-7.475094202915254
-2.8645268265609496,-3.209506214609249,-7.482110598635689
-2.8339858041215584,-3.197382976963164,-7.5119339824999765
-2.7724134646059286,-3.1935472943766636,-7.522842615910713
-2.762693822550403,-3.1786506000508545,-7.5376047570739795
-2.738777789192549,-3.185097310536753,-7.533211544687127
-2.7869366636079267,-3.1366606559004775,-7.5385042509815055
-2.791066847715453,-3.106774869255207,-7.531772197488054
-4.06551959324212,-3.024997765200642,7.0162469980047995
-2.8344577759754768,-3.0413699113372283,-7.520993227106084
-2.9118192196458517,-2.9446543532544585,-7.532951013054974
-2.9217521530986867,-2.9040250027562093,-7.512739626381849
-3.0100817658513375,-2.833600577094864,-7.553769841313635
-3.0177465992146946,-2.824330948411028,-7.580895859933987
-4.06551959324212,-3.024997765200642,7.0162469980047995
-3.0528457672896687,-2.6180601300716684,-7.512737244109819
-3.2290888649405236,-2.407959992158017,-7.5084364582376795
-3.4041481263669318,-2.292682988186323,-7.5170236454998145
-3.3720329614055022,-2.221651064956302,-7.522088559635765
-3.3654221237317095,-2.1559457127447907,-7.544659607170147
-3.320314853059792,-2.107175165642388,-7.570218799768762
-3.266362453133954,-2.07238374735493,-7.599463735764725
-22.52498616042254,-19.61653305075862,-40.41622224261013
-21.91673434024611,-19.045733547109666,-40.117452421038884
-3.3285658401535123,-1.8919543856732461,-7.669079798610226
-3.345753479879852,-1.8173589498243616,-7.74737205612868
-3.380981583283668,-1.728362018085259,-7.736887730057188
-3.4123199611614585,-1.6227688382519518,-7.7579632265710865
-22.014731713086995,-17.12213281910373,-40.65693571610449
-22.301903450556615,-17.617811911718142,-41.330073971857736
-24.284708158015118,-19.39912181586221,-44.671358365164025
-22.815575705388405,-18.66628396684804,-42.237159083344864
-25.089050704370866,-20.75361387039423,-46.12848260860345
-24.715850559552155,-20.786121039001593,-45.66085640975029
-23.40066113005132,-19.143747189370117,-39.89503176459231
-32.410780604152585,-28.737975976156545,-58.75793013102164
-26.790710576338395,-24.410601042476777,-50.317607322016514
-24.859736079918388,-23.179573940706163,-47.700833462943436
-67.58003697129509,-70.54285165091162,-131.76802932089518
-221.41583006447732,-246.29782694118668,-441.58444626249207
-31.57459618133657,-30.419253659233902,-59.1469452531269
-131.37164580037117,-146.95930118316173,-262.9351760893733
-25.583244219679905,-24.63982150260984,-46.71192503702823
-25.025076360734793,-26.04520570588106,-49.32258354704857
-4.06551959324212,-3.024997765200642,7.0162469980047995
-458.41993261226685,-500.615550554298,-915.2572186482886
-48.38680837471863,-49.11662397903228,-91.67606581281099
-115.96099009038785,-124.43375947413757,-225.3457462383012
-66.55899944272103,-69.137977439059,-124.94708373267616
-401.7609991516871,-440.7419828354651,-791.4790690734377
-123.75115218136273,-132.41502906826963,-237.72695252692674
-49.56402431106177,-49.85663754544144,-91.96071158043894
-47.98994339138048,-48.47674802087149,-89.15902693278062
-47.37314307449764,-47.912962485203245,-88.03454831437494
-729.8965624276184,-796.4181733316875,-1400.5047722355635
-553.5171425180741,-626.734940005605,-1091.0484628613615
-312.4052148490112,-354.5428130815271,-615.5769846626334
-688.4776474570821,-803.4705749661971,-1422.0232260955918
0.9356960897677745,1.1057365660215652,0.8449605601430625
0.945339195418003,1.0954606784228151,0.8462168048367302
-3807.991371058272,-4276.515024304558,-7600.20633427203
0.9248668974995479,1.1125189083542957,0.8431601341619291
-49.51821237401178,-52.485021182558505,-90.50921730800863
-270.4370576475195,-299.44870755362405,-525.3044939353724
-94.98316699875862,-104.57746819735235,-180.74086684397307
-47.869683641205654,-49.93273518188081,-89.05169786532291
-99.65350283949613,-106.70487261887139,-188.65095440368165
-46.84573976612145,-47.7284874884945,-86.50032961330545
-52.371549251733796,-53.26585063233054,-95.55264664129952
-48.32878101272444,-48.91905739161042,-86.61724118034498
-55.922164903310126,-57.31731350664584,-102.31953566350927
-50.227563050675734,-50.86664763090165,-90.08446331764388
-50.75824110659485,-51.535307035596105,-91.27281032933516
-51.14756815889462,-52.15488377339766,-94.24655384906592
-52.65643916094805,-54.03264115225808,-96.82183696936673
-128.35434465839654,-139.97220570745378,-243.187410161418
-0.7271085076818918,-0.8824297647497915,-0.4926867205267538
-53.47739944871767,-55.289255645338706,-96.43317216968192
-0.6377339739755477,-0.7887719024484221,-0.46268787735726696
-0.6619130436065196,-0.8140221802289186,-0.4690204250483305
-0.6252949831292601,-0.8249019286539663,-0.46542932282280536
-0.6204545957491875,-0.8978909457843439,-0.47907347652350385
-0.6813473464404375,-0.9238893790926148,-0.5008117513345901
-0.621780794540179,-0.8113057486209965,-0.46179522554297747
-0.6942544193154748,-0.8815311553182115,-0.4866196042537591
-0.3608665284926592,-0.8532394538225568,-0.4474533202548824
-0.5804004462389715,-0.7946293896422787,-0.45418715180558383
-0.866605865374683,-0.7932407579493319,-0.5158875371509076
-0.7941630268340766,-0.724322060792682,-0.47707628997459417
-1.0598086414560315,-0.6699687341588172,-0.5404816241019574
-0.7410296289701469,-0.7180860725800141,-0.4723920118602536
-1.0960424160339075,-0.6696665228315941,-0.537234541235468
-0.7094264326429478,-0.9259634837561732,-0.5096720299035651
-0.442123738069098,-0.7023093825785114,-0.4128611099743604
4.457926367273272,3.266609917022925,6.8189532864115385
4.437617993500759,3.423726142294838,6.740782663561374
-0.18165706850587787,-0.702178232518737,-0.4009502825004942
-0.22509848122829224,-0.738842237156085,-0.41348793525802213
-0.3309724316726024,-0.8749608197294291,-0.45453612626725964
-0.28873801443436803,-0.7889397466303002,-0.42565363092761843
-0.38144084551303076,-0.8581475657028618,-0.4544488765614387
-0.4688937569327736,-0.875217495604076,-0.46844919490650655
-40.69259369115523,-32.43007088504953,-67.97487627659457
-697.1655990175324,-609.1478068937631,-1271.5629445346422
-75.90938171281091,-60.45450786603244,-131.8940689938344
-54.58645320722212,-41.50740178683646,-93.36437514801327
-42.61122147700311,-31.028789916771807,-72.6605645140527
-51.632804765874674,-38.342182470515034,-88.51360034715808
-41.211764707189225,-29.58112020479782,-69.8956595523447
-41.58886461858641,-29.976744563083546,-70.68122455236067
-0.2435003125477673,-0.6400147931867642,-0.385573713068668
-0.35304608825331046,-0.8292771999940876,-0.44995336113336387
-0.38172756808136277,-0.8623674179415552,-0.467480536210981
-0.3739501331317071,-0.8614896524519022,-0.4668234901073138
-0.49449779268475125,-0.8313424241222109,-0.4691311802310013
-0.47560431826957067,-0.795746935546134,-0.4565156656332549
-0.5231654992694388,-0.8379402652736306,-0.467788253251034
-0.5135471082924113,-0.8376516509616239,-0.4664358226128335
-0.5062188032951479,-0.8403491870766164,-0.4670381239083668
-0.4925511735818676,-0.811030292206532,-0.4566295521854609
-0.4943306620667013,-0.8104150336113409,-0.45686269039112565
-0.49123187380309613,-0.8288884114055641,-0.4691987676018322
-0.4956149017382646,-0.8130670252066806,-0.46342357593778366
-0.5318848148028736,-0.8285872892233834,-0.46640832597019427
-0.25753555286424495,-0.6478532261313034,-0.3910052987306895
-0.4628102291584734,-0.7928593106081445,-0.4445221611030907
-0.3280683646337564,-0.6404152643715263,-0.38938188619112873
-0.47621388860070507,-0.8260680733739575,-0.4623060342155921
-0.42120177228481187,-0.8133966989543602,-0.44922711100483903
-0.3978794649175099,-0.7790559609953789,-0.4340081193843889
-0.17507555383958082,-0.6287166996858438,-0.37554786900780796
-39.204930119864215,-26.773612379547327,-59.10369689798847
-4.06551959324212,-3.024997765200642,7.0162469980047995
-1.0761679119322447,-0.5466405429006714,-0.52302759439367
-1.0501436092582845,-0.5361456100522852,-0.5164962263572881
-1.03485817734971,-0.5425945045090137,-0.5137672432822074
-1.1113157455535478,-0.5736270177092503,-0.5361812407478538
-1.0616919369154563,-0.5356524081138886,-0.5214851063670238
-1.0707691084163977,-0.5856070507831485,-0.5286832882300976
-1.0824768154966284,-0.582891954673127,-0.5310757742112663
-1.1347830884427883,-0.6122637846867461,-0.5492840436759626
-0.9473412807589198,-0.7218700056695856,-0.5137105021173205
-1.0893310935933953,-0.5599548142067062,-0.5322530012900522
-4.06551959324212,-3.024997765200642,7.0162469980047995
-1.0152988753782735,-0.5585695969322271,-0.5141845385206539
-1.0862305217160597,-0.5600707600504684,-0.5310194831903703
-0.8821201851365124,-0.7245422949980792,-0.5016306844964779
-0.8799324331459275,-0.7171890187067647,-0.5000103781951
-0.8581388881950336,-0.733106066325387,-0.5015916844647235
-0.8980127521363107,-0.6980250339375278,-0.5032398026486662
-0.8975917122764706,-0.6967395835493092,-0.5026700710871724
-0.8899024101330687,-0.6968952158618602,-0.5011031308982438
-0.9481441835928943,-0.6978964576502342,-0.5136430311912752
-0.9258017339255665,-0.6926435341118233,-0.5084000911331706
-0.9198682323580355,-0.6826152215256116,-0.5008705879252191
-0.922390988030523,-0.7069011031415898,-0.5098013729724175
-0.8687062859480768,-0.7007103025048811,-0.5032752136170736
-0.8645577894420675,-0.68555659846382,-0.48970345945131066
-0.8828606400047525,-0.693246832135702,-0.4948147962187776
-0.8888443339155351,-0.7037043771813194,-0.5019780953874365
-4.06551959324212,-3.024997765200642,7.0162469980047995
-0.9383645980818355,-0.7006451690053849,-0.5111117188481074
-0.828566293441595,-0.7087890423992754,-0.4818506693632576
-0.7862555988406899,-0.7529067418352738,-0.4887477613599981
-0.7661729896239683,-0.73049988804256,-0.47942478116059484
-0.7535545170089941,-0.7619311690315829,-0.4845614829845531
-4.06551959324212,-3.024997765200642,7.0162469980047995
-0.6304558325481905,-0.7845621640698508,-0.47413279111844553
-35.50433479771128,-24.41119850142273,-57.49308702817998
-0.4523322180635191,-0.8376479031570663,-0.46324024793910806
-0.5654228211769925,-0.7954748807261149,-0.4674980474660234
-0.7775395510901264,-0.7617925809504511,-0.49111655809021776
-0.8925265525780476,-0.7663728605898811,-0.5198662325166991
-0.8540387352208197,-0.768474935960538,-0.5141202619619355
-0.6559121347659242,-0.7129863591501207,-0.4592404379338046
-0.987370365474876,-0.6793604321349401,-0.5319967798092514
-1.1244953321333926,-0.5180771832286435,-0.5437687969064317
-1.0147692832708453,-0.6564813120754258,-0.5323487419307775
-0.9367160931930937,-0.6594438921203206,-0.5146972649993251
-0.9172703168649378,-0.6677172413615672,-0.5112905966497787
-0.9167899425298324,-0.6755580765556071,-0.5118423275307964
-0.5786730612976937,-0.7636331824065877,-0.45420998062486256
-4.06551959324212,-3.024997765200642,7.0162469980047995
-0.6839793549181288,-0.8780904268117086,-0.507155891805272
-53.664112582247924,-51.04807228440469,-101.17527300447819
-49.41868596184436,-48.150179341281536,-91.10449368181571
-0.1833066408894487,-0.8929477809561084,-0.4602267843097559
-0.0745170066336403,-0.5248391275346437,-0.3339266106854599
-48.460776726819155,-50.702204381288695,-90.66838581998837
-48.28376362208758,-51.44320466114201,-90.77621961593209
-292.08241521812744,-341.72153816378,-592.6709729394362
-51.269632832395054,-55.34754758682881,-99.93704623662038
-47.87321909189252,-51.4373131078322,-91.01492094152427
-0.12970592267156228,-0.8645694385360474,-0.4503032527444118
-4.06551959324212,-3.024997765200642,7.0162469980047995
-53.89263357263978,-56.22718813892915,-105.44803719426703
-52.48185385433464,-51.158223740177974,-101.48787110624615
-236.95258642899688,-241.26027729607438,-475.0273059751395
-54.65349666491149,-49.11472791755123,-103.64971659343266
-193.3258870520181,-180.33720321537388,-379.2623218570424
-222.35270606074545,-202.537619651982,-435.5028978634155
-53.996691450125994,-44.21187758931574,-100.21334377598255
-158.70856723992276,-137.0030671700884,-304.37503229621166
-54.936509987038704,-43.81474747750279,-101.01575391727376
-55.899783929298444,-44.23645802969396,-102.53232449763313
-56.1428260578115,-44.05622559884819,-102.10293493274203
-56.30382662129498,-44.20603184580287,-102.59210555057125
-56.273732000468236,-44.20478331231628,-102.76789789224993
-56.772462191404436,-44.52106224732432,-103.71880477392185
-56.84931483917379,-44.47871149265854,-103.2590511563352
-4.06551959324212,-3.024997765200642,7.0162469980047995
-57.54207669454709,-44.85643908828437,-103.93016878833996
-58.60894781901619,-45.42168519342142,-105.00375639375218
-58.74853487452311,-45.59231499728851,-104.97615814617289
-58.90946478595636,-45.49553108244853,-104.57703927658393
-200.21736051859992,-167.6902594489354,-368.41957985629597
-59.23081680185235,-45.82193566052393,-104.54157136459204
-60.300678326626354,-46.575494288127764,-106.11427081060782
-206.66921191510923,-169.9949984705534,-374.98007927243054
-4.06551959324212,-3.024997765200642,7.0162469980047995
-12.93727564806165,-10.268865821930802,-21.812376718165574
-175.83105404513054,-143.75495769450953,-316.28098425759526
-61.458486384591474,-47.290527732565984,-107.17572061064845
-61.72632300695981,-47.571937387761444,-107.51962985161582
-63.16281269503324,-48.893277234267,-109.37208815606179
-62.99347320869313,-49.08162712461914,-108.91030510445007
-63.180903891472234,-49.86660443158855,-109.27140972700182
-63.36686590362017,-50.615777486875714,-109.72997760083433
-63.52860181883829,-51.39967258824934,-110.05717336662083
-64.0383038724609,-52.49387046844645,-111.15367973221204
-63.206415340730615,-52.48938188612186,-109.70586984574355
-58.54218029025906,-50.265793935076616,-100.27457265603122
-64.17350818034224,-55.13850775033642,-112.12125969310584
-0.7636412135537132,-0.024422633336979263,-0.41238845966141463
-65.91582995987633,-57.9410603339614,-114.82346426112078
-67.26840935066937,-59.92331699203102,-116.88588583057322
-0.7447309832467464,-0.9082603764954887,-0.5165229174960588
-62.1840931113021,-56.025503742669805,-108.51957965721354
-4.06551959324212,-3.024997765200642,7.0162469980047995
-0.716799144645573,-0.9413079405116684,-0.5188398220522386
-0.8736171168181877,-0.7957270445970085,-0.5249368759967168
-0.8697924319188765,-0.8012888362922203,-0.5254467226180548
-0.8039682656549964,-0.2927657128861178,-0.4415505606588651
-0.7415861397290742,-0.200457408075007,-0.39177813040378195
-0.9349028060040853,-0.676095712577517,-0.5035948081088399
-0.8097103583436976,-0.2879667091475394,-0.4426305839534909
-0.5558813379782858,-0.04465235037298927,-0.32907749704600564
-39.47753752344102,-40.37162062898942,-73.25283357687059
-47.4881818379149,-48.962290111902846,-91.54005632907423
-48.23679581096696,-50.47946305647927,-93.14019271184763
-37.099713445217745,-39.42685635389292,-70.42401493434127
-47.78634299949479,-51.498771427141016,-94.1609491737851
-37.23307078894044,-40.63367325410782,-71.51249845513092
-36.95471826000839,-40.5324523201982,-71.11529879710255
-36.62966142494357,-40.31101912536952,-70.83422646754937
-36.76697343317959,-40.33779859281359,-71.06528215066554
-48.879560680422614,-53.216812202622926,-96.7672825233505
-48.34676712008745,-52.181181921664944,-95.46907042780755
-36.56195491819194,-39.41960241968361,-70.47694824179281
-36.29754185006408,-39.07041590028818,-70.05444863790804
-36.461898233928636,-38.93377829848941,-70.33653406956175
-36.6044072810801,-38.75966135126342,-70.52917191011933
-36.40546341393771,-38.20485094407692,-70.09974380451327
-36.22556090206808,-37.64953161512144,-69.69316979130565
-36.466230474729365,-37.70510592123509,-69.96917578712343
-36.316405157149546,-37.61967804904211,-69.92930869359864
-35.8605922572352,-37.157136127068135,-69.01521761679054
-48.12871931411656,-49.46912639552015,-94.27941188021754
-35.974855491367045,-36.7165345238047,-68.48500002090925
-35.74527808962455,-36.08579878483944,-67.80158211777177
-47.49470130188725,-47.25544891821019,-92.22061517989384
-47.0371657812975,-46.380995306382346,-91.41963680604783
-35.76271278932043,-35.15204746495262,-67.5623631196703
-47.59943183388585,-46.79307355314053,-92.46793438734504
-35.71903017033379,-35.27968724294888,-67.99213094920178
-36.21511559041272,-36.16061927796903,-69.92901333806812
-36.544027352848204,-36.56332533507644,-70.72692217002296
-37.075671359596356,-37.2388811953448,-72.1843279295954
-37.81315876990642,-38.65787232381012,-75.02909851971988
-37.618533763883164,-39.00850362541467,-75.42749919220697
-38.86588749348395,-41.10107721505985,-78.98624474818159
-38.7197357844431,-41.902722418225345,-79.79288234922404
-39.11773583359479,-43.225836007883835,-81.61312245106645
-39.256463172224535,-44.3991608293424,-82.92910470772233
-39.22391882201903,-44.64909228747759,-83.14601172527657
-39.644418677918424,-45.292481657852925,-84.48890129729304
-40.12891097553462,-46.019079202875815,-85.97008385228601
-40.68493989835461,-46.52149625428728,-86.89793310318129
-41.87174948302293,-47.73848338775945,-89.19471083704127
-42.21631860613946,-47.91170108675406,-90.19958850198638
-42.07382523332325,-47.873697025790406,-90.13193657560198
-42.2944469279704,-48.06536246485781,-90.69054284490585
-42.16326255292976,-47.76093499644443,-90.19063968154528
0.7645634689614726,1.242047294462629,0.8774569531395519
-58.26091668013275,-70.70898183768317,-143.03754785432767
0.1649892254485692,0.17469205063391594,-1.1205623824852253
0.9692712199555772,1.0752088825825357,0.8772739552547051
0.9232927596866731,1.10723712598531,0.8727351087485684
0.8401499762500824,1.1817245309966093,0.8767003979116917
-74.95290330438735,-103.87593130240806,-208.27621066987666
-94.19001270815983,-112.92144487652938,-213.66264803696257
-67.41613299334644,-80.94257715423568,-153.5190002495152
-70.48055678487232,-85.52102937478328,-163.50310476883215
0.7998679862172988,1.2092289188402041,0.8777297650414472
-49.642499085078555,-60.907981573157855,-113.41967408196567
-42.25909186011982,-52.04029395432225,-96.75829913386899
-75.25074023256958,-94.09328623917438,-175.36970923779774
-141.41058996036412,-188.60528798412062,-365.265326072207
0.8959486628088358,1.1334509793265646,0.8765671879046042
0.9038420737276658,1.1263587124141177,0.8776232401775358
-41.37355271716045,-51.977324745119155,-96.14300863477061
-41.30930738091318,-51.86628093963289,-95.963257182687
-41.561638234270845,-52.12986765365584,-96.43806719044686
-41.21095032126989,-51.72017358319171,-95.70391479031773
-40.9038247256434,-51.21914105042453,-94.97721955006901
-41.471313329767746,-51.79320736987037,-96.42820181497987
-40.85889427497729,-51.31968535826941,-95.55705438219549
-4.06551959324212,-3.024997765200642,7.0162469980047995
-41.31395631377792,-52.728221355473394,-97.92766333388298
-40.84327006687415,-52.47151538697093,-97.67429351633264
-41.69282046653442,-54.047852648822264,-100.69197128669072
-41.63759866648312,-54.32314379190364,-101.22202173094175
-41.58800255926624,-54.67600464394649,-102.00570916771223
-41.342462966103525,-54.70883574190043,-102.2522979854866
-42.28385114253665,-55.038798021875486,-104.41360032212587
-41.88773341666001,-54.31895251066088,-103.7283106343788
-41.745799907880375,-54.30622471203143,-103.72866056798443
-41.831325246816476,-55.025643952170384,-105.05491038729683
-42.064042465580265,-55.704069733336524,-106.34789956171461
-42.368979798708104,-56.44861259465223,-107.7990752218118
-43.54925492679539,-58.43916683392416,-111.7766237579624
-43.49043578954298,-58.64948500610262,-112.24631519969408
-44.07689765525234,-59.27309763799638,-113.77621773930296
-43.91477901103407,-59.05818182583057,-113.36050186993661
-56.161470378242676,-76.23037086035991,-146.5311297581995
-112.72670142173202,-157.3393917698671,-306.2403244931625
-44.354989225442075,-59.3849871240102,-114.21931049869079
-47.60007312962902,-61.92099034894255,-120.09055494880141
-46.9316213634159,-60.71477674408736,-118.18935516541032
-47.07856766313078,-60.75836252467225,-118.74821075603478
-46.404621320473225,-60.37389964478367,-118.15982248281884
-46.26760674729419,-60.30131838365864,-118.18688359935034
-46.563761370005345,-60.62405791223881,-119.06078217529013
-46.61495876127153,-61.26144617431111,-120.97498190903983
-46.38875850921471,-61.44394135929222,-121.42912736358916
-46.23339588542999,-61.77267724895508,-122.54605115022149
-45.449970918798805,-61.4443626405889,-122.26043676465069
-44.745046804428135,-60.6251295966953,-120.90507996481693
-44.995209472971744,-61.64767414228945,-123.0749345010327
-45.48846458427825,-62.77961309256898,-125.58815106995732
-43.55372912193963,-61.018184787568714,-122.18171690548674
-41.43366477226369,-58.90845146036254,-118.12692648138413
-40.42343903531332,-58.140382179659206,-116.64237584588491
-39.00982023289004,-56.43491562715602,-113.41927997780256
-38.782559984113796,-56.248653542767485,-113.40640780234123
-39.751111321448064,-57.223374143697285,-115.66412043038052
-40.48879457884051,-58.10466078924755,-117.50535292850648
-41.38366150243967,-59.164416721293684,-119.70487375400764
-41.82758901309926,-58.658906165657555,-119.23840035092579
-42.15398145426913,-57.922986683341634,-118.39525805736193
-43.26579080548174,-58.301331698400816,-119.76722232079157
-42.33465923592897,-55.93491421968533,-115.49156681548382
-41.441086252907546,-53.71247076040346,-111.68551945785941
-40.51412592669629,-51.374824098179154,-107.65418585089326
-39.30020300250168,-48.89759424727163,-103.26477694106256
-39.16144958203539,-48.370293486112494,-102.18511712395377
-4.06551959324212,-3.024997765200642,7.0162469980047995
-47.95612194557593,-59.418275446225834,-125.27341446504681
-49.192158751568876,-61.11301565304835,-126.63161441114892
-47.96201925156331,-60.01301055901247,-122.76456795052346
-48.20632728480881,-60.425189534910146,-122.14420377150732
-49.07349078244424,-61.39012732437524,-122.95221482995612
-48.948913311583176,-61.20002051639555,-121.81292534464998
-54.912756017130825,-68.26433282341725,-134.72288420943534
-48.15904589355568,-58.88469086731263,-115.03056366560659
-58.82919996225598,-71.83764527470018,-139.03050624425765
-48.38482404723974,-57.95260893799836,-110.92608769885625
-49.10495601777856,-57.773700354477334,-110.076842476716
-54.20260581903762,-62.53350031231072,-118.72991704424174
-49.64440745663982,-56.06767254295368,-106.16234513209163
-51.02058448180922,-56.06277237499422,-106.1940052624568
-53.041105043024636,-56.7805607951199,-107.64821126514303
-51.61223324869114,-53.45544477848888,-101.61735802969253
-52.37053364506649,-53.201898612974674,-102.03953784884845
-4.06551959324212,-3.024997765200642,7.0162469980047995
-53.2849328047146,-53.564483027804336,-102.79960954688816
-52.096324540862305,-52.5498003665498,-99.29099289609432
-50.9763810898595,-52.028126522542856,-96.81951638260114
-49.96202911740832,-52.17650386490673,-94.80897173453222
-1.717100999935212,-0.2770404081664336,1.3088134480166644
47.16334944257656,50.90428832423255,89.98513543535292
-47.73998281776337,-52.87259191957302,-91.24852882555372
46.578537253004036,51.98467061697944,88.88897664810982
46.126686093880465,51.902859331797615,88.2082915321367
44.79824312376,50.342135878274156,85.29891228691085
-0.528896966006018,-0.5894575185796195,-0.40352054581974717
-0.38456650325555447,-0.7824465729000287,-0.43051914101962674
42.59666833120256,46.12505115494527,77.87012814306304
-41.27114329984143,-43.67514305471002,-73.49087163445934
-39.235075345907006,-41.742489650567684,-67.64881026159247
-38.94101088257801,-40.611998410119774,-65.50866205682689
-37.61655582287958,-37.30070471085677,-62.45581277948722
-35.97879207131036,-36.07821913374047,-57.626270171707716
4.384575774372473,4.230652937207914,6.225836361251153
4.508878414486496,4.156184585031983,6.182960194402292
-32.02304303836949,-30.22763242041773,-47.48565772586604
31.217875586281366,28.832252207375472,45.145589872776156
-4.06551959324212,-3.024997765200642,7.0162469980047995
-55.47654635988813,-49.86647800147927,-79.61866910286027
-52.99468367381973,-46.736763523628404,-74.21468016478576
-51.800189185641166,-45.355667546513565,-71.77862960969816
-50.80101138211217,-44.36212881716863,-69.75240752623161
-49.691458037632316,-43.20229009994281,-67.62364561777655
-49.05010274578404,-42.53952990556872,-66.176925756177
-48.83792368154017,-42.02755664409828,-65.28031901633214
-48.47412483592396,-41.36033600485851,-64.13598127358748
-51.052118307889295,-42.012509981277255,-67.70224374528182
-51.80298218144721,-41.98476270103971,-67.48274730381637
-52.4359174726282,-41.79200089720916,-67.17421774589864
-53.058026831120664,-41.57589431200204,-66.84012369651025
-53.410631894679874,-41.217365509514565,-66.10543567844607
-53.63063522454774,-40.773709719776505,-65.28317854277725
-54.44699291747655,-40.84661986489411,-65.28817120509207
-54.67951924656289,-40.4363731591974,-64.64776569452044
-54.90441622747403,-40.035514517603545,-63.949089025121964
-55.124550874503186,-39.628509106072514,-63.27822556960745
53.10508876912844,37.74230371438584,60.26574507423268
54.647482811474156,38.71428086157708,61.46820626822871
149.39214088879473,112.55200252614785,172.06223373314225
56.88797894357358,39.98741079321557,63.038589446798454
56.46865556729543,39.39231728856529,62.03421874341576
56.36585226046235,39.01157473258501,61.44340356886816
56.689588667795036,38.845465863189304,61.239801142962875
56.87500300156754,38.59480013942837,60.91140183256366
57.476011325755145,38.735603975734975,61.12129848363087
57.28543113972128,38.3644812207582,60.53341385067036
56.397912458865,37.586222026262064,59.232285929077584
55.296341967919325,36.7686036911066,57.71986851439698
55.932280688413215,37.169690465312264,57.9258914941119
56.00677703552163,37.21641846448625,57.735958435161486
56.05228226160233,37.254544385289925,57.465140482111856
56.02265485938831,37.05437105545254,57.00307477135686
56.01746845794735,36.868004049875125,56.63957518867655
55.97205866849634,36.67083320813624,56.254286845637246
56.183687461328454,36.61134472909551,56.13278726720776
55.9726431149624,36.26098388830056,55.5696616174447
56.67665693928862,36.67194202465161,55.98766831549662
56.45999267782946,36.48350484599117,55.55909926982446
56.77223384900897,36.74721161698583,55.66766658413267
57.103454460780036,36.99086312787744,55.78333553737134
57.7802574146036,37.5579162127554,56.40917428452979
96.18706517822176,65.24775060644028,94.7130867243422
59.25230190043237,38.640047745663935,57.778183339198634
5.8810477370452485,-7.449744437962154,1.073086856926874
61.61602975946737,40.558018955321664,60.07527864714849
62.17058807307022,40.71119380864849,60.53277152790908
4.8051990132996,-8.173184414444858,1.0820945750232367
4.85950079702054,-8.163836610872018,1.0821300965995397
-0.20481524915280214,-0.09819644684905779,-0.20904858741931942
-0.3024992841445855,-0.12665645656301902,-0.2833551836442551
5.684593498956713,-7.598423170522305,1.0772981451331034
5.865359124115682,-7.416309270523148,1.0714763143694144
5.74763146216645,-7.537954095083181,1.073280668110507
-111.77041950697787,-75.40116624407567,-110.09084399410472
-0.16984852714105644,-0.11022597019096542,-0.18610775987417585
-0.17611831069722222,-0.0795430631161855,-0.19738264359614546
-65.88932279159361,-42.1230730239214,-63.07716788907847
-65.67161502411025,-41.56173322503939,-62.75646498816893
-65.48487650900675,-41.02507069544825,-62.48888339022939
-65.01492390631353,-40.24912458442592,-61.8394290133289
-64.21522951987805,-39.31013748148781,-60.92576588968288
-0.8450468750368607,-3.4520348086672006,-3.7597965311441497
-0.45517167854668183,-1.2608832184165952,-1.4149643562500214
-19.922409629507417,-17.811073023211613,-23.909885199081245
-15.958224003770306,-14.694007855081917,-19.29085894227577
-0.2124578338751695,-0.1908128486917476,-0.2775709845282864
-0.22105682680889394,-0.26465603925423387,-0.35359946823089844
-3.719989361885013,-4.990780752826103,-6.784978151883386
-13.981178011061981,-12.883246548487215,-17.54731141964664
-0.24675780068551523,-0.2554368746316202,-0.35395250668944683
-12.689954373353336,-11.980786306061344,-16.18637313392498
-35.8792389417505,-24.53214024169981,-37.012054065140205
-24.48365322810843,-14.872835345905152,-25.004274209487292
-0.16998839348975123,-0.09828466305172709,-0.17837301260634314
-0.23067808183554786,-0.29861744508639904,-0.37341578912628237
-0.18986578708809482,-1.125354481499634,-1.095112996589763
-2.167304685094294,-4.382641205023057,-4.022261752280202
-76.71370999391313,-43.680731145050395,-70.88608393556257
-66.93472832906033,-37.303798291564966,-62.14664966831973
-68.00651667294845,-37.773970502088495,-62.98298658939704
-68.5316703744928,-37.92795905966553,-63.27075247839063
-0.17604979861562514,-0.10448302111869309,-0.1834210620456645
-69.310722386898,-38.53045150781621,-63.80957729437171
-71.82006793390336,-40.87059953579777,-66.33618413389823
0.04056785606795549,0.01842614022274945,0.03504536473814995
52.430279353860236,27.39792334489939,45.38207739350096
36.85071296028653,15.769055355222001,33.09965333403945
0.07035843611299814,0.03691424411968745,0.06343176441172305
0.07577273549530066,0.03695038182599099,0.06826255618100045
0.09607755151532914,0.04927355973089874,0.0863344014311421
53.472658707570176,27.499020997895343,46.824502802171736
0.14740951136481786,0.07499890185738173,0.13009938103103744
0.06871532884867164,0.03626835376569511,0.06387958703377133
0.07921649177797796,0.041071558868424424,0.07332413019224199
0.119828568353459,0.060429283277259174,0.10916391325513733
0.26003061168352715,0.11163376371720346,0.23580328975678616
53.919550911086645,26.284171876824004,47.35668536078536
0.17073118647828728,0.07150992551085615,0.15757763459078358
53.747760810833455,25.114756479005,46.442638937900846
0.07442957385607651,0.03238112545437029,0.06500087434009691
0.1858075319892554,0.07860313993424635,0.16281657238000397
54.97858491998839,24.00962543139809,47.634538426344776
55.53812673126687,23.582575407797457,47.96332720786031
50.15702215333784,18.969086707188033,43.54957717248745
0.16488565421679657,0.06076105883366305,0.14171671356058255
0.7524585851702356,-0.331362946749034,0.779760006007181
55.77459139356591,21.53810555371178,47.96502417394011
-51.5258269950374,-20.800675422828952,-44.899364463482975
-53.36301264227336,-19.96000820558433,-45.77520819763307
-6.5523200317503445,-2.8140150082055913,-5.265708394183309
-6.559591441673902,-2.796413504586928,-5.279649849534206
-6.548258339742645,-2.7659641906779,-5.26974341486813
-51.65384272603587,-20.079153434621748,-45.29598915044386
-6.536214725141433,-2.742605165218696,-5.294762726857779
-53.60351208234303,-19.325981895527256,-46.585985782243036
-6.536093403711931,-2.7098774792484703,-5.335932328688318
-6.500383242019681,-2.7084564559614988,-5.335871872292372
-53.07322488188903,-18.956747315445174,-46.718699513270764
-6.5020078397674475,-2.683624325926464,-5.380460219187746
-6.483426238840469,-2.6531429362470464,-5.382746350376781
-6.49503913098878,-2.6279158288483186,-5.378539129593654
-62.44604682365782,-22.30759212489405,-55.932941610063665
-4.06551959324212,-3.024997765200642,7.0162469980047995
-66.62901040084859,-23.84455152419546,-63.53291973562399
-66.62501060947851,-22.373389372794154,-62.18543380683142
-66.0390685102519,-21.361761659926007,-60.94340821818477
-66.11669156581878,-20.410451644733126,-59.991561654016124
-4.06551959324212,-3.024997765200642,7.0162469980047995
-86.42314381786787,-27.34616105192025,-77.04389479426455
6.688538493444994,1.847640950024114,5.388851595470217
-4.06551959324212,-3.024997765200642,7.0162469980047995
6.713576705400454,1.6666873644437037,5.290660747652861
-208.65982874789427,-44.97805099047134,-173.60780911850821
-0.2526662536719448,-0.029751133384763637,-0.2294793229670864
-81.80561839292149,-14.339885202835928,-66.35162191948606
379.4534247238198,59.234546581222226,300.8320378570882
83.68036908228837,12.015260505010113,65.57856384674369
-143.14916003478098,-18.541531456351404,-110.68904918645829
-140.41695501077052,-16.307272576885325,-107.01742073865746
81.78383332331443,9.130909635839172,62.64127848670382
81.30382892224473,8.742696952424701,61.985365470726364
0.30100831895228525,0.05146806149304418,0.25885638547420675
75.76652938307714,8.048367147358105,57.56080705450959
76.56420223871653,8.144049889275706,58.029287575274374
76.81408913943545,8.133650382670554,58.21550718086273
0.3171931806311554,-0.005274125017855954,0.2815485052339105
77.96604532383782,8.139653000740054,59.10135913135579
77.0856364650165,7.969234156544085,58.42918123527464
77.2889236217229,7.854649731150896,58.56257776084015
0.41058298067910426,0.06308656685336293,0.33842520040670276
0.1628532604482685,0.02597796698073991,0.1372741441367918
79.3673519169071,7.744359159697279,60.09230588091847
0.18375394154196595,0.0362191361819891,0.15652647836439718
79.71871225991482,7.58050704042929,60.34715224625709
77.78684232636071,7.385934622569253,58.855086718292284
77.55644469273791,7.369035385211315,58.66408827348826
78.31400614155638,7.442087779066591,59.249912725945855
77.74252306134763,7.3974195919051144,58.819740197274534
0.15669936547001315,0.022424570521577553,0.1340631206858628
0.21167796306900244,0.026820494998485295,0.17774168836313614
0.26665196440170635,0.037081861678935346,0.22432813145452182
0.3328623196742929,0.03321753872367744,0.28860711710263126
0.38767907612476127,0.06761732287175665,0.3441536816391474
77.53069761625403,7.388519421290445,58.70367107418723
77.30718417978568,7.35196228172993,58.52845080989783
77.45838513820861,7.379337395504403,58.64828577399263
78.23687108793081,7.468341420359928,59.24997744874908
0.3220786382311734,0.05536108135798348,0.26786734531910417
0.11120265203112076,0.0239604681196892,0.09998024456673876
0.36240028053001627,0.058300928922683015,0.3191888315650303
0.4365051089753265,0.06458871617214199,0.36237594705974413
0.27614371679569666,0.044680547940711676,0.2286033279673721
0.27614371679569666,0.044680547940711676,0.2286033279673721
0.2542465037974517,0.037941534294088294,0.215437311907121
0.2646413569566992,0.05232646709694723,0.23943799863223325
0.4079623904234092,0.07060853863962353,0.3665174662400543
74.54658932074496,7.35277446603805,56.329195327650886
74.25623896067589,7.397092250886087,56.05579421337953
73.94406771692677,7.377449296724025,55.82266642757749
73.52449991898781,7.3490403850139625,55.5052201352716
73.55104800448775,7.373044584278913,55.52317358455114
73.5875665392798,7.3945008575624644,55.54998805347857
73.04422031841922,7.359666482878861,55.13787612968425
73.04474703241146,7.359746835773653,55.13828094801093
73.04063384558303,7.3592772195263505,55.13513758943924
72.88255327770737,7.348651617246675,55.015173809389324
72.68744820737686,7.335842890063295,54.86717911265307
72.72300144741364,7.3341338817625354,54.86828434422278
72.72859920160637,7.33165317979451,54.8454042382528
72.70822871493179,7.33493311150293,54.83042212479081
72.63097035436593,7.333065528119754,54.77227538670668
32.746509290607946,1.3940155675108377,26.746284299372768
72.40257771072083,7.374446455070751,54.6203463118029
72.05171740122545,7.352139577707341,54.35630543316619
72.06322564072445,7.38135021181452,54.35153247991265
71.88255949231204,7.393258942566037,54.20398672873237
71.87997039944105,7.393006007170777,54.2021080652431
72.02228631413054,7.386786595410308,54.30472065296163
71.86886816406133,7.3840331683270914,54.18351272361682
72.46283412449391,7.3663395038211394,54.59229126436814
73.40823683841548,7.2716952501600725,55.28458252088801
74.41925459079496,7.218310422613938,56.0105756339914
75.35789277997836,7.17713472933209,56.70103720418242
76.12530420647126,7.1217695393315585,57.256572886816336
76.15161027792028,7.117821218921944,57.27588191285095
74.60258915977663,6.644921084134819,56.03455707977772
74.3385740105138,6.485799497207324,55.849596759013714
74.46547134122768,6.365006833165536,55.94832984103233
-1.8908314316200017,-0.640873932733728,-0.9654853731015551
-1.7729126055695628,-0.4634603316693091,-0.8795933481803818
-1.7756914529188739,-0.456764806553176,-0.879560887099196
-1.7642551459305724,-0.44728675655181294,-0.8736459476119507
-1.9240125215057435,-0.7390018987151584,-1.007329552533484
74.10401931179607,5.901854574566245,55.79234253322435
74.23181621224435,5.899769197944988,55.88462078401974
74.33832029177817,5.897023590447267,55.96424401038196
74.33832029177817,5.897023590447267,55.96424401038196
74.33832029177817,5.897023590447267,55.96424401038196
74.33832029177817,5.897023590447267,55.96424401038196
74.33536901317554,5.896770712489077,55.96199811607578
74.33536901317554,5.896770712489077,55.96199811607578
74.33536901317554,5.896770712489077,55.96199811607578
74.0894700349019,5.877196788872592,55.79551505926885
74.0894700349019,5.877196788872592,55.79551505926885
74.0894700349019,5.877196788872592,55.79551505926885
74.09367998050182,5.877499192092019,55.798723143313865
74.74580713577285,5.963654985174598,56.249652497613916
74.74580713577285,5.963654985174598,56.249652497613916
74.74938784441973,5.963976062279501,56.25236671970486
74.74938784441973,5.963976062279501,56.25236671970486
74.74938784441973,5.963976062279501,56.25236671970486
74.74397976599917,5.963471226213951,56.248214775747634
74.74397976599917,5.963471226213951,56.248214775747634
74.66184449128109,5.961685728507312,56.19049392534026
74.57645405861943,5.961465910507979,56.13486707394279
32.23809432466822,-3.176712919041015,28.919220541718612
0.2827598790259881,-0.03862395461238036,0.3011435722587026
0.2827598790259881,-0.03862395461238036,0.3011435722587026
0.2827598790259881,-0.03862395461238036,0.3011435722587026
0.2836677729418181,-0.038344904217010006,0.3016082136248466
-85.76416609367679,-6.977774244572014,-64.38467491993053
1.8199655279865727,1.3738681432080648,0.9681851729042764
-86.13221720986353,-7.043351683214153,-64.63335483241178
-34.178155175411526,0.8981852849649501,-41.47629689207531
75.51155441751884,6.092670765210192,56.78435835742143
-1.8973629239113754,-0.7279733317669006,-0.9955354184391068
-1.8154665426038603,-0.5230058069321217,-0.9105424546389236
-1.8412451717383858,-0.5544936526206868,-0.9338691159236604
-1.888871479959816,-0.7831104860573125,-1.0064654621087634
-1.8924052317870006,-0.7765641125801417,-1.0055487166084638
-85.56261857304878,-6.402210336904487,-64.22234617641833
84.02090995285086,6.0937545427990525,63.095194276229805
28812.64362991268,2052.0405598743587,21593.743022953277
730.925081935505,50.209978857086156,542.4908937864568
7.20783270425479,0.5241522446538329,4.931494814859667
7.20783270425479,0.5241522446538329,4.931494814859667
7.20783270425479,0.5241522446538329,4.931494814859667
7.207929541282227,0.525008002566861,4.931497700832347
7.207660852980208,0.5218237040712428,4.932439057007504
7.207112650351956,0.5212303178130229,4.933429312103063
7.207112650351956,0.5212303178130229,4.933429312103063
3606.56688131611,262.55498749606886,2688.237127019905
73.09029665335657,5.320272010652093,55.03560392626252
73.09029665335657,5.320272010652093,55.03560392626252
73.09029665335657,5.320272010652093,55.03560392626252
73.09029665335657,5.320272010652093,55.03560392626252
73.09029665335657,5.320272010652093,55.03560392626252
73.09029665335657,5.320272010652093,55.03560392626252
73.08718861085102,5.320101910849534,55.03323772766635
73.08381359500562,5.319856738951679,55.03067046433684
73.08412228576944,5.319920273483282,55.03090814927193
73.08043624013881,5.319660930538617,55.028106128799514
73.08043624013881,5.319660930538617,55.028106128799514
73.08043624013881,5.319660930538617,55.028106128799514
73.08289874360763,5.31983061026153,55.02999581088324
73.08411361735843,5.319987103916779,55.030912138270885
73.08411361735843,5.319987103916779,55.030912138270885
383.51503521956397,27.947340064449786,284.99026478523297
7.209702619073715,0.5212881563451182,4.930757597989179
7.209702619073715,0.5212881563451182,4.930757597989179
7.209702619073715,0.5212881563451182,4.930757597989179
-0.2623508141402634,-0.04622946518301271,-0.2397103544110542
-85.22780363153302,-5.855766256564424,-63.94494637187449
-85.22780363153302,-5.855766256564424,-63.94494637187449
-85.22780363153302,-5.855766256564424,-63.94494637187449
-85.22780363153302,-5.855766256564424,-63.94494637187449
-85.231086885937,-5.856000987740435,-63.947451803117296
-85.22877323623426,-5.855932794735496,-63.94571789814182
-86.9154047220534,-5.832646995057195,-65.17978249628595
-0.39609094634587183,-0.006744774149291014,-0.362515020748302
-0.11144828316418054,-0.016679601089541318,-0.09910257471028536
-89.88971413249152,-5.067892259081352,-67.36001632070817
-359.730768141318,-23.73805369374209,-266.9639679219123
-285.4174403086367,-18.831464609075137,-211.6333856479472
-678.3125058422521,-40.80254805444189,-504.84760290642294
-3.5494693860537243,8.715311744621484,-1.523425579760266
-1.585861861977474,0.0505309513851816,-0.7665571693662577
-1.7974274869929603,9.215283543208523,-1.52065113687124
-3.7683926449611875,8.628173200946064,-1.522518882587026
-2.693347324005176,9.011292540806098,-1.5431195191707447
-3.798719437397613,8.60549323448239,-1.5263497851182843
-164.81940657255427,-10.431298831553267,-142.40968036716984
-323.6430944031658,-21.00464095843754,-290.68281780167786
-245.87980933736858,-18.03784767063105,-233.3658528313615
-117.70942129316268,-10.077118472390222,-118.85993772945922
582.8191462590487,66.14323675232527,603.0721142905347
267.4971077359582,34.665797367530274,282.26852190462466
-4.06551959324212,-3.024997765200642,7.0162469980047995
-54.39504920796793,-5.6037092542717355,-61.15509404643015
38.88319077735579,3.823050318513816,42.66218637142651
49.596925143172435,7.025465231086249,55.56915815253156
35.93784442607157,4.07712281109935,41.550576399990625
44.36003365573615,6.965614880620435,51.61662444562206
51.21705776400961,8.1202073159257,61.54083999042394
46.74740304476662,7.571901454840446,56.26253135340213
45.89381399017063,7.211237825584473,55.726021075645654
56.22824144687202,8.509873070869961,70.14413265876726
41.663697271443404,7.136082695433654,54.680236150201594
1.4767683570568908,0.4790616752423706,-1.3281854111989428
1.1438640298290725,0.24518507316660523,0.5042637613261778
1.3070872354728689,-0.6070531908374303,-1.3329772092282988
1.1430855150061618,0.24985824446366164,0.5065427189708447
1.466344823034539,0.4991685961379419,-1.3309654661336596
1.497431489336021,0.2217109271001341,-1.3364462814247666
1.472069624645453,-0.02696537821503661,-1.3723516253035957
1.4473489775120736,-0.19399917734420719,-1.3707447771381378
1.4972623145533634,0.5065879643183377,-1.3257360345605396
1.1769665090078418,0.2200175621611365,0.512944956654985
1.1893796045469252,0.1916616871200201,0.5141800422331548
1.1922379747115888,0.20047215604179608,0.5149731868058599
1.1881085540377148,0.21986125316668687,0.5149957115797494
1.1841278295838482,0.22198399510857578,0.5141306728808085
1.1914423381888697,0.20434123220969727,0.515014879364458
1.1909619232146826,0.14332642400324772,0.5138878835204368
1.168293922815956,0.09188834941365635,0.506013665410428
1.1652847943037457,0.09362636696077847,0.5055125246209929
1.169060740234868,0.08647277546764416,0.5066933499087414
1.1248765841906858,0.09759830897129482,0.49218247731530285
1.1217891186412938,0.11407509025448474,0.49192302958515327
1.1064069587210246,0.1273830722435043,0.4878006932028427
1.190840839670503,0.10131956187202003,0.5260620171973541
1.1632827191773032,0.11723868008503047,0.5058345459936502
1.1008350632670199,0.11977391331376183,0.48611361592005975
1.1118789035033412,0.09635951594844726,0.4888659494900542
1.1039883394581,0.12256711056550841,0.4872208416304385
1.089002144527635,0.14535534498539554,0.48364251254371227
1.1019917243927924,0.12717612861157646,0.4868900968475132
1.0964698852850037,0.12377671072045116,0.4854054855371151
1.1500916586245773,0.13488971023969354,0.5030372819943135
1.2013184263085128,0.12801423579374865,0.5175107080258211
1.1200127158748747,0.10164720168869225,0.4939743905088021
1.090316533340533,0.17023089792110127,0.4866506906141754
1.248332167873781,0.1252530871131532,0.528450262985775
1.305359247278033,0.11824314569161408,0.545596452903317
1.4557183286296014,0.2821286729170592,0.592379879617471
1.332945977795122,0.1745730552018231,0.5620247874831018
1.216741399889067,0.15580433868625948,0.521459554755272
1.3182541075643361,0.15595610526623233,0.5502722947969183
1.1439845078929167,0.15234460415381065,0.5027693837118875
1.0925679655577047,0.11687599338105528,0.48969461374173573
1.0891999893593667,0.052295501444770034,0.4876021051530128
1.1184055420901953,-0.06879538512618796,0.5093663567835987
1.0848608902907286,0.059002099301438876,0.4866510757742108
1.0866010355582296,0.10028186100937793,0.4881622630031718
1.1365502865066965,0.021876298123533207,0.5007057172778268
1.0863357203311286,0.021715879704752875,0.48610136409356025
1.0596836669699206,0.0827239249049485,0.47754083074524856
1.0825214494727808,0.06168130929863473,0.485141149668763
1.0489504122424134,0.09152008855372123,0.47454546501743583
1.0609102490481017,0.12751579771643154,0.480229734338756
1.2266138577871795,0.10211105335399112,0.5371962286913354
1.06524317306363,0.10838716823372486,0.4815420540247335
1.320573390113589,0.14867061278483762,0.5583437452127774
1.3703963220893032,0.3273221922835794,0.5598747614739998
1.0709307512104953,0.0955226093617688,0.48339707240642243
1.0428667643949097,0.09132864928166896,0.4735438303198493
1.0476550803223212,0.07398338853221553,0.4747384771599259
1.0760323642181178,0.02952205573925472,0.4840796494082285
1.0423161148518103,0.04742762312452905,0.4728945617236285
1.0441026350420668,0.06559100441399521,0.4739431641044849
1.0243480796860256,0.09205604733979544,0.46854829255254155
1.0363780025446259,0.04250474632645694,0.47156593625991045
1.0237493260940895,0.08604431695529664,0.4683762995056745
1.0186301221786744,0.09643568431464582,0.4675661828812675
1.0634721947818062,0.034235806761347555,0.4807226745364744
-0.6744096881110788,-1.6397118860839577,-1.2594374772427113
0.9036109258142603,0.10708536907732069,0.4313465135794973
-1.1566449072777834,-1.7068766436283238,-0.7449939872433465
-0.5342565120239735,-0.5624726839915154,-0.39419405186939077
-1.3465317707283428,-1.4243967044271182,-0.7150260734599416
-52.42808735060498,-4.178811566399077,-74.79155200848156
-0.32344726474816726,-1.8135707695017576,1.2316819195554642
-0.8200398233233033,-0.7384443991904782,-0.5058594070944603
-1.1565381266924317,-1.0793102922292155,-0.6371544755022333
-45.42962796717302,-2.5953332003853693,-67.53361767134334
-1.4514439630886586,-0.5977100732253257,-0.6207925147385884
-0.9327352699130081,-1.145322423411397,-0.6045030760764628
-0.8039110907692305,-0.7893439183106018,-0.5236771528142927
-51.20784044488976,-0.5300118344001999,-82.48045815447948
-1.0296803667362882,-1.2327775921407509,1.2606551439149345
1.0052213593831814,-1.65776009511186,1.0476001694194692
0.7122870900616219,-1.831051530347198,1.093467798228124
-0.5709208228882394,-0.617361339580021,-0.43475359360324284
-0.3695453187284154,-1.7616192513790276,1.2189889847644577
-1.2092597020713558,-0.7157106822835819,-0.5707009031036661
-1.215660649385894,-0.32826635563075324,-0.5245407377113176
1.331227514726223,-0.1618077221445617,0.5518647034014219
0.925369538267653,0.24019282783990556,0.4518535867701873
1.007098946862849,0.13325566135944333,0.46839952463376544
1.4277202374532152,-0.5916943872283108,-1.293733397036199
1.48128235362255,-0.18392507694842708,-1.3164917449504254
1.4284752700438024,-0.6050392851663807,-1.2965119363544737
1.4497141991640723,-0.498814862733241,-1.3085241592086085
1.4943668677092194,-0.06793557280897522,-1.3134710349527396
-4.06551959324212,-3.024997765200642,7.0162469980047995
-55.18551093965371,-6.325019051958162,-74.72001571535175
-55.75854951430014,-7.185225887178202,-75.15009537869217
-55.223815186662364,-7.452176793934719,-74.42611664432769
-57.3737506799054,-8.10019072385513,-77.71287740039251
-57.67765120584238,-8.521623457320905,-78.80626291166809
-57.45367925038839,-9.053935019584202,-79.03264631296676
-57.316020504873855,-9.629987717676256,-79.58000707321463
5.5181179250334935,0.6114782417821797,6.772830628727922
5.492724685556755,0.6940910774841738,6.738206488615969
5.476972723912113,0.560790386096753,6.801599563513957
5.485823863435411,0.6588212705242265,6.7939726763158115
5.4674191741553315,0.670060229712326,6.788753026295441
5.489160459835304,0.7632226787415254,6.794927192359438
5.46224869328069,0.6192613592469082,6.784600785153251
58.12787878510204,11.067001293753599,82.58625147447665
5.465158764834429,0.6013258513823623,6.814169619826962
5.4624632601244425,0.5980051612245323,6.823681406971211
5.375342849319874,0.6096050451333815,6.677129729682239
5.386713672544055,0.6436538250948103,6.724518526002704
5.363664307280499,0.5668988414009676,6.7446128445342675
5.300246756803076,0.310706748087399,6.76455588229253
5.352825728068339,0.6818239031736377,6.801247654457839
5.338214799422827,0.5699619638128858,6.832960257642219
5.326254314962141,0.6282624740526211,6.876973444386119
5.273257193652687,0.6585946074517588,6.835365415244733
5.280173214127988,0.5936572243317768,6.907323519201066
54.23332168020062,7.75634244267959,82.80217863444531
5.241070018019671,0.6552316308627392,6.931595288046297
5.2201092203910635,0.5056078863976992,6.920948978794904
5.214695735894537,0.6165897601349964,6.955551638591351
54.751636810653764,7.531203775097358,85.01875893900166
5.202704930330412,0.6255896066289777,6.962218564159936
5.199893887757777,0.7044007623538177,6.955854651235211
54.642797028423665,7.587319646170941,84.70319619506917
5.20272982980847,0.6305547187690567,6.964017997150774
5.188897603154227,0.5724567833409046,6.913405644617405
5.182175480827803,0.5770143943783728,6.902669802587235
5.190310564140274,0.45835556940477273,6.944206692687957
5.15644315777367,0.3467612779926524,6.962700389989205
5.1421571476118455,0.316352171220468,7.010042399254048
5.1147006670705935,0.3027860596983654,7.0020136405911595
4.432346329516802,-0.6989122289429488,7.244023474294792
4.974949004090326,-0.14001917075478593,7.174099398408518
50.671743001471796,2.8824832626597594,86.02291807159206
4.857445757776752,-0.057904532466861655,7.151386709116821
4.585498263459434,-0.5871733729426917,7.260712525001029
4.595393377730948,-0.47544705611399857,7.316161206129283
4.523344860611028,-0.31389644585415194,7.3235723939414274
4.322327958028117,-0.5397671559594299,7.482026213777523
4.315466275541218,-0.3332803408329606,7.546802940009792
4.206140908547988,0.15630226206669562,7.339487098824242
4.100931185805379,0.11405472502091457,7.408237138663231
4.033128594387213,0.01994630184375487,7.4578100713844195
4.013370223880137,-0.08847360459558506,7.750057476723182
3.931186091229979,-0.10193339879421437,7.715548347822822
3.8872725766425464,-0.13656712606472052,7.801750463213366
3.8386202295188956,-0.1303083816232441,7.7673910795420085
3.807069308229494,-0.13290803801001655,7.779663696180265
3.812412136392114,-0.06950099717320832,7.847183624108373
3.7511694319679187,-0.10648888216064974,7.6950570731356
3.7305489090049364,-0.12393009424891735,7.678771505142274
3.7316458967222177,-0.15923432962087392,7.709753862252964
3.7526957048954332,-0.21035249460392258,7.875814480379084
3.721621278178752,-0.0779466633411742,7.620470546823027
3.7521974401152227,-0.123397755567821,7.793309077923556
3.652910345662669,-0.40051260127331834,7.781240678006416
3.7740817290942004,-0.08726186102670336,7.790015181867443
3.7780063614206187,-0.09055164454475038,7.781320178401236
3.7782313707580655,-0.21454433324485314,7.817477462408215
3.7516373586225713,-0.15804559309833388,7.675431108864181
3.818625303071439,-0.1638213421649079,7.768029368179178
3.8250023141421443,-0.14867084640441286,7.663987661914285
3.828659553343509,-0.2521500991996248,7.592677316469448
3.897932827118868,-0.2742262441227117,7.72777858886874
3.947419278372491,-0.2977869571095446,7.704294674072603
3.9391604145602517,-0.3862988487268056,7.593493022188424
4.036518158467198,-0.3483208980508208,7.659139974592258
4.014520086542665,-0.4467781837814179,7.488859254199831
4.096323404306589,-0.27142584658634394,7.38176542723698
4.1891334361740515,-0.3497498617322507,7.552261562434048
4.158774012394269,-0.5270621904958692,7.308754453581907
4.247355442346856,-0.42898123782327824,7.318657985890934
4.337587978683047,-0.39477709736813793,7.255317354634869
4.461130351274927,-0.420691442041765,7.173193103937443
4.664195925980927,-0.42506907645810393,7.328664773364782
4.684318138410103,-0.48853158652020123,7.014591719405118
4.895601511972267,-0.5364905729880404,7.217909122995728
4.9483853357524366,-0.4713229492569708,6.925884765312953
5.139019001046561,-0.46925454316731413,6.981971576452252
5.116910374847033,-0.9589745893846038,6.963380498851111
5.278291372392014,-0.7485489797084154,6.763069458215208
5.511006067499143,-0.38205080172573747,6.650114092629492
5.6373113737411416,-0.3411851501968292,6.565508526660995
5.736941282816637,-0.33994955564706225,6.422546713173338
5.903700975439932,-0.19809041411974107,6.3304085104305425
6.036387420359405,-0.07558083226652959,6.220118106160551
6.137181625419241,0.006606594882131911,6.127077236880808
-4.06551959324212,-3.024997765200642,7.0162469980047995
-87.50076430148913,-2.2084906917083234,-94.94009542882159
6.351630303888821,0.18563288811322357,5.892204773529144
6.4016711846332965,0.2273544752394537,5.849487406581169
88.63644228351734,4.564956484312852,88.93716934272166
-91.36571341223896,-5.0571308937460175,-90.80877865941586
-90.12599747013391,-5.3285493047949535,-89.22566932686574
-89.59016627957742,-5.610964483211088,-88.57521918141211
-89.79422126867964,-6.001579987897534,-88.8590050699913
-90.40925224728709,-6.238522489141546,-89.75232126014556
88.28684039857974,6.251049456014727,88.5494588959822
-91.57157901453701,-6.461798998620569,-93.12852757714262
-89.29420662665495,-5.823846648375446,-91.88911510997283
-87.49266815822207,-5.181987214686726,-91.25196527220903
-85.60592735922424,-4.613165692977696,-90.65307602691432
-83.34115138641114,-4.072707044224244,-89.69199003414238
-83.20796234957346,-3.7099035128805466,-91.31478566587649
-79.64073911349458,-3.6465946484738994,-89.20006773070808
-78.83602011586125,-3.7575230047009067,-90.3398107350617
-78.91120452007813,-3.9431961133504476,-92.2639791415663
-77.87081022453938,-4.160684441106135,-93.33949245465729
-75.19317820194047,-4.367773909826284,-92.83212645625198
-69.52482498325809,-4.502983426999069,-88.45164444013822
-67.08662170450779,-4.622610973569767,-87.57307656546833
-65.86499175433747,-4.861466861866337,-87.93340941142179
-62.96349341656776,-4.804862515409748,-86.11426521384558
-61.97521330962279,-4.853811210630666,-86.80061275174602
-60.684213232946334,-4.826693512809759,-86.41149531230846
-59.82233634837871,-4.803707492870228,-86.50850688162915
-58.86000881229107,-4.77410609332278,-86.56770310131938
-57.81101839160879,-4.7418824755943865,-86.12780629685888
-56.91401327795576,-4.729614192845297,-85.8540898049567
-55.61132038014455,-4.59175768046423,-85.04027137123148
-54.8845778478484,-4.583921397261482,-84.94076912769238
-54.75640450325127,-4.596002971461867,-85.43060868095901
-54.340037728980626,-4.594640195637407,-85.49779451389077
-53.84097112647134,-5.016500770701781,-85.5473491907016
-52.98192911098671,-5.504346204201183,-84.8772168153946
-52.405237159768426,-6.122748538888807,-84.59915026312203
-52.00794802890919,-6.7742545045423705,-84.60861513399121
-52.25396818313251,-7.426270124174271,-85.49106985649581
-52.187287240814,-7.605583288270593,-85.45846514817485
-51.701026753207444,-7.724987530525994,-84.39647049804776
-52.36996274462855,-7.8742854859357765,-85.31916461653479
-51.789641908896584,-7.9362714083853945,-84.79134545634297
-51.87618953882793,-8.041839436167894,-85.60175339742459
-4.06551959324212,-3.024997765200642,7.0162469980047995
-51.375852873807204,-8.126955444421133,-85.10549656718909
-51.117751858791415,-8.301193398245369,-85.01714423021227
-50.885538094572276,-8.34021963305491,-84.76742513491853
-50.1423410019476,-8.23426454953214,-84.27799485104511
-51.51037149151456,-8.50355261142079,-87.2063047891764
-63.12379803817313,-10.283908297471756,-107.16117156182435
-72.20999480080204,-11.493041199989142,-121.82980503261749
-67.49909097049378,-10.803112303209357,-114.53110252820781
-64.82774835550401,-10.445568914634851,-111.01960470501328
-63.44499768709383,-10.192967146659823,-109.49577910972484
-4.06551959324212,-3.024997765200642,7.0162469980047995
-63.121427223131946,-10.173715192596903,-109.51793333550869
-61.84316179554741,-10.698021144873906,-107.97952504362594
-61.82350768843987,-10.857283623671801,-107.9307932868058
-62.89000015158112,-11.204180160443666,-108.95071267947259
-64.44794067952789,-11.489278619087964,-110.63422478986936
-64.64404353150219,-11.768239046377031,-110.49217058959277
-4.06551959324212,-3.024997765200642,7.0162469980047995
-43.58789287819294,-8.243126212099055,-75.92994132088818
-44.34592715707329,-8.77211742166865,-76.77840423818206
-44.82776765648087,-9.259419532226993,-77.17836158733276
-44.830276008852216,-9.418603712825746,-76.89792394187087
-45.03529443264759,-9.853149923271593,-77.08145859148847
-45.6738226168927,-10.378110573370696,-78.37140979928724
-45.7106246546698,-10.88643982561282,-78.44970080556648
-45.65252894537823,-11.285557114433484,-78.5755098906945
-46.26483562418612,-11.741279129928044,-80.36865491781954
-46.17810984514766,-12.16799247728688,-80.88348340742272
-46.15714466942205,-12.426413572288762,-81.53636261891836
-46.02120507883263,-12.565427033524335,-81.36599189917797
-46.29550582316408,-12.790409851286109,-81.86417488422086
-46.95662074657868,-12.774786184635293,-83.4791788812603
-47.02238085789877,-12.499771105603276,-83.34756519222671
-46.82035222399914,-12.016104704189928,-82.52392931709575
-46.607566602603185,-11.539235015004978,-81.94953712038429
-46.46007669836515,-10.85836878358134,-81.2195735430337
-45.97205958734572,-10.111985924674112,-79.90568748536062
-45.56012845249012,-9.58829036681855,-78.69593551780476
-45.51726678102289,-9.56775466791861,-78.16084694956965
-45.4574579295949,-9.544813841946382,-78.11091055545286
-44.305891055070965,-8.995236617843261,-77.75269183455362
-44.24996362904933,-9.324421570922611,-77.59622357155538
-44.680210726843434,-10.02883990991085,-79.43129332638702
-44.51254783958477,-10.601866424833297,-79.83231699460471
-44.720588484527994,-11.08964978271924,-80.82511404953927
-45.30782297642717,-11.424721292075809,-82.58323281223069
-44.39434865286399,-11.643316809017056,-81.33174142343373
-44.70850558895458,-11.725061173091927,-82.87000245468138
-44.72309325459728,-11.934834067349463,-82.61386139368926
-45.012622028324394,-11.542696302211013,-83.60373367229094
-44.669870063517784,-11.396964694550494,-83.02851273385879
-44.747980024062635,-11.377828411092205,-83.16185299109547
-44.77046248296995,-11.279490262034574,-82.98341533858581
-44.72918530060891,-11.307318168496773,-82.32211353631173
-44.71633063702694,-11.208489920608999,-81.70047162125228
-45.17832436722078,-11.296084882015998,-81.86444873537594
-45.27340213945871,-11.61124328427594,-81.70968352648124
-44.86536538621325,-11.92152269084685,-80.71446136536285
-45.02448691167876,-12.49341438949484,-81.17667857130812
-45.54669466690603,-13.224620892720433,-82.51483718228513
-46.34023769822934,-13.84515235302176,-84.2344689980901
-46.45046080228971,-14.097536536617447,-84.78153033954256
-46.37696551582002,-14.050022194641482,-84.57058965022321
-46.928588369534936,-14.358098420302143,-85.80161764710581
-47.1834495558227,-14.526468553153594,-86.44304450871775
-47.58152247097777,-14.28110729005071,-87.06088239727333
-47.39027390531367,-13.912799443671947,-86.40792778440539
-46.9506337737777,-13.368231330176439,-85.54753677047731
-46.87643092950807,-13.093583179565707,-84.92963669154719
-47.1646518826205,-12.890297588460559,-85.50445979995175
-46.83257602084507,-12.790274723220366,-84.8961326027283
-47.17659246537988,-12.64635666486783,-85.5553272345898
-47.69590867451194,-12.474590306688413,-86.10473105663837
-47.48581802636268,-12.01712722010322,-85.37975343197641
-47.286269748039615,-11.52900546156123,-84.74046939881025
-47.87054632976496,-11.445052128125273,-85.09433460144992
-48.13099817700899,-11.31981824237717,-85.24493542651999
-48.30692381989893,-11.261098672571832,-85.31116239318722
45.27462274008136,10.305513593017475,79.57673604402947
4.7638798783015455,1.1238972689171922,7.112630012359064
4.752914824419385,1.110114202974792,7.120976725219184
4.7943129143666035,1.0188198396520596,7.189520349303404
4.806857003115346,1.0284914138938968,7.177300057480763
4.799192738139338,0.9672151850888954,7.094136397117528
4.785471355223794,0.9174953889152518,7.0758715435524095
4.791290409576873,0.8106320959002085,7.070778512809918
4.807184165890664,0.9073702530000174,7.105059942930412
4.785190148413376,0.9087548879279452,7.08423489378416
4.829668182897135,0.9980660941274848,7.146838211329403
4.829893939993327,0.912690086907329,7.084541709427381
4.859792074855029,0.9584165567203542,7.1439193326167985
4.870658350823745,0.9272878761499441,7.15764422303753
4.849367805230511,0.842329636195187,7.0452829799058
45.24626069165139,9.078322875652873,77.92624616941431
4.886409888791994,0.7464205978122117,7.204485661981928
4.892461832274255,0.8251097777674499,7.237617859997263
4.821976271767568,0.7484550965814906,7.032352859371199
4.867138807131921,0.9279567491603814,7.145829437104009
4.838381180000393,0.8104788374867026,7.042604335416366
4.8458352698680605,0.9033421726014642,7.0603850426029675
4.83110077733612,0.853360060454358,7.030966678610834
4.890922517694665,0.8015852916311481,7.147276973181001
-4.06551959324212,-3.024997765200642,7.0162469980047995
46.81647777364964,8.705588957263615,80.0677067115598
4.943474019726151,0.7431090594171212,7.166062746017093
4.957225714663172,0.7326941294078084,7.160858507308359
47.813805740700474,8.340601184241434,80.35382770165755
48.1121406096234,8.373087596231167,80.61462607807033
4.945565361688008,0.6894563144693896,6.993800045870643
5.010088162228963,0.7946122776133692,7.07809767350963
4.981549082583988,0.669230757439877,6.964642726067103
5.000657549265742,0.8340243554730077,6.964130975027534
5.0774206205144345,0.7250168666654327,7.076577578047092
5.049271641565255,0.9259663370403898,7.014173173906344
5.073094752554136,0.7516180465909799,7.06036293182784
5.0101472534901115,0.8592472590868103,6.926954973612146
4.994933495112249,1.0399827692680566,7.019228625758922
5.022575039631974,0.8884184363106005,7.0716947863743975
5.025484463721979,0.8966518798506042,7.052536315065557
4.973121844869122,1.0467397133483767,7.009015102461973
4.991852449861009,0.8501201861302823,7.124736555311693
4.945867609312594,1.0192376006403092,7.066718766251176
4.942598927794215,1.0405614824452347,7.065716930537321
4.903276941290443,0.8022926176370687,6.980333652205283
4.9213591258866884,0.8096177528683516,6.981535648521581
4.931430658148778,1.0130332632308732,7.0318719883595735
4.897615889476155,0.9229653585468757,7.054130902502326
4.877344831472745,0.888680556788425,7.032833740277251
-51.63614443926035,-10.562204454090901,-87.98033606669489
-51.63325768898508,-10.71714756651554,-87.36027108829988
-51.3782712251028,-10.167551606574955,-87.7219775509492
-50.85742533357599,-10.164019787898736,-87.17902567010894
-50.57676605015367,-10.213612872893624,-87.03967064460316
-50.527920860963036,-10.64139302819262,-87.767640975813
-49.487252806596516,-11.085846498087085,-86.41720390832897
-48.259776687116826,-11.191889617205238,-84.65532812067472
-48.315137101061964,-11.538175132461761,-85.97179905151387
-48.5174497418614,-11.630052189351447,-86.15686264730195
-48.56766370461599,-11.422064778288696,-86.33674400326124
-49.078621670866404,-11.46105712287775,-86.53546944616498
-48.78498137085726,-11.27322709301281,-86.33767256603622
-0.6211051072150019,-0.5182152251140554,-0.43967824402616223
-0.7069158848546261,-0.48197619373378053,-0.44333308400703414
4.792731822075363,0.9895932538367134,7.196067377963374
4.798390092559802,0.9805021158157248,7.1934650879443565
-50.5178184105741,-9.352484388000638,-88.50995150456798
4.801889317086685,0.9768828056670504,7.176133825665505
4.828832422529529,0.941000431983711,7.16370550141103
4.812533890789069,0.8934055607349243,7.119668909765407
4.792786684934097,0.5771120147186246,7.039075575935221
4.8301499526685365,0.7727774384060763,7.111488820610284
4.851811742881462,0.7676729909565748,7.1670052471961645
4.841469059555438,0.7483599048323131,7.127849369109557
4.862624773232243,0.7076276532471376,7.177209055986523
4.838414382726697,0.7727734640661927,7.1772665787122545
4.840932714929576,0.7611483990571746,7.1760058868208665
4.84626191215416,0.6302700323371746,7.239203781308041
4.833290264958976,0.6029048708492338,7.220454613580791
50.39511289868822,7.4721658639428,88.63177096623674
4.844353130479,0.3761923048613933,7.320249519848212
51.3149475327763,7.237323351282552,89.95675349857738
51.21703895596308,6.746893760673499,90.3036562889535
4.802757166702043,0.613734138349393,7.22039336940541
-1.022310865172178,-0.014424680478764051,-0.4780311233685859
50.967782874451174,4.869074248057103,90.12109985063826
-1.0429441469245968,-0.1415751992471906,-0.5076808190413711
-0.9270087837703573,-0.36393000317998586,-0.4838454040721887
-0.6573291356434849,-0.33609568352045843,-0.4070549464845047
-1.0004639357614429,-0.21790561919428214,-0.5009313704711436
-1.0802804200393141,-0.14403803710728624,-0.5228990443904165
-1.028659922014082,-0.007843906601342175,-0.4831780244260618
-1.0330440773307028,0.00035758043040523546,-0.48380882755441235
4.740782268093587,0.48617952504021295,7.28440904554141
4.697895049228244,0.5033024062700092,7.207322368998348
50.36867157491623,8.490282677088958,91.28513329810126
4.6843654532600505,0.6312263061854414,7.192422075302135
4.506176125588991,1.4464664036893107,7.38905664978089
-0.284134183871623,-3.222580562107787,-4.619683788047816
-61.02576796264469,-15.81223247679494,-113.73753970805745
-43.811501027406585,-10.150560655496635,-81.33621396615733
-42.03248579486007,-10.25928414901001,-78.85421399694613
-40.929958770577954,-10.210206716230786,-77.7271078640263
-39.80532385311867,-9.995513185296545,-76.1854413052771
-38.40601738836633,-9.73906644247575,-74.49134051275139
-37.36178315306881,-9.390286573952398,-73.34213917421847
-36.18517052519145,-9.024248033498601,-72.15013897186932
-35.087447999071536,-8.783335033051035,-70.91703962987114
-34.46285971859407,-8.661753531963763,-70.36508591606706
-33.834693481094035,-8.541181526447732,-69.77901744152585
-33.3947510618013,-8.493248866709882,-69.4460377294385
-32.9602849458526,-8.314456871159297,-68.75695243731711
-32.64638570247545,-8.3833080432004,-68.76296059982153
-32.25542129025812,-8.419337859557746,-68.57543788964638
-32.1877085758663,-8.495836190967452,-69.00259041459226
-32.10501133887557,-8.585833602526959,-69.44876177785609
-32.229539644845865,-8.707608934955294,-69.7826723516202
-32.54296674127385,-9.002359576033623,-70.72721771611367
-4.06551959324212,-3.024997765200642,7.0162469980047995
36.74957171971634,9.324112729868144,89.30411464296895
36.00657075454733,9.332331781290437,89.05309335385763
36.843358148961194,9.451865318636004,90.27096073824241
36.682673147850174,9.874316571816438,90.70451742565982
36.20901045609922,10.23093205996411,91.03738173973802
37.26919518768141,10.422035552466232,93.38876982666778
37.089749218376845,10.378959756569332,93.1927512704382
36.83408394802263,10.5864317277604,93.14333616461114
36.28725455025643,10.72490214904816,92.26638992332555
37.46654122493248,11.449224668942769,96.67555056300753
37.56643134899857,11.508039463404259,96.8125613270908
37.43292627156053,11.473224340001616,96.76767677241646
38.55190959244877,11.752086073836168,99.08721010080556
38.887765603125395,12.106970301432876,101.25658114252968
38.5600724714142,12.24117258263657,101.73289672226875
39.21896173185133,12.468829208185628,104.00192414507947
38.12789183086319,12.216313952639519,102.65474077842381
38.10164201023197,12.315996748629404,102.68915413582125
37.99348418486517,12.257901742719547,103.0581636211294
38.46631384873824,12.492892641875715,104.91762494438781
38.60133866442122,12.61313042943995,105.84664577780327
39.25556354500371,12.774121156144854,107.96659362820732
40.87559969911665,13.183410101910198,112.10059661337252
40.195403850244226,12.821324393960605,110.57841185457266
40.78481506347191,12.697104741011012,111.80710211916447
41.48065570541177,12.611820161788934,112.95044632236923
41.786101436229885,12.397314783248259,112.96134952528062
42.30369492882566,12.310505368225401,113.19235916370549
42.46588190877416,12.109512197080369,112.50200837840217
42.8009346331259,12.117369653838749,112.43851870751298
42.852019448922796,12.119124114586791,112.16285035491717
43.22636519721904,12.161463573232355,113.04923790773101
42.85693588214002,12.027138818592011,112.06781081226137
43.77595295822905,12.277990601649163,114.65628179015266
44.87897333422869,12.649690762198844,117.67653639902926
44.84334991418126,12.720879912826797,118.17726495201161
45.522568095863214,12.981149856999451,120.45053053038802
44.39019590200305,12.704488913457144,117.60524274480396
45.59736830563663,13.145082560755608,120.84143453086591
44.7066743405659,13.014481637675988,119.08615846576028
43.750360104648614,12.889794397451805,117.18752575405891
43.507383190281665,12.789658043671166,116.52403127413093
44.201979142332846,12.805341446372099,117.91766564178772
44.38441114450714,12.664418810252904,117.64893755105219
43.310194361915585,12.340889693274514,115.14165653721997
44.40833399342078,12.59068599892903,117.70396411464317
44.31913629891878,12.570131948930007,117.43018957110326
44.37173961922728,12.59773541777212,117.55882704421612
46.11767087041677,13.03195522662694,122.5055849623972
45.791582722038385,12.760563636959207,122.03024749383482
43.98582289401435,11.800611773677478,117.6814788895126
42.62756169823915,11.007893600624769,114.70072961419781
43.31961862357994,11.187105749900637,117.1896029724926
42.40729168560284,11.022074706886594,115.55051052973226
41.64156586982824,10.712040915929286,113.94399347564892
40.62246120584479,10.28966272200661,111.52322695720322
0.10073159434630735,0.2019489306753524,0.7884985892097209
39.18755176810247,9.553096659250416,108.0058411530925
0.10218599858772241,0.22905180539135078,0.87812658057029
0.03484874310206894,0.1133294053783619,0.4647162734867274
38.81056086024528,9.402078579756651,105.8331503429738
38.90945927973289,9.606590250932983,105.9751836221526
38.51506374086864,9.50986976828374,104.44473004615412
38.18058851026535,9.407927172648591,103.09518565860625
38.801749549686015,9.52888964656174,104.10602015448794
38.95271132513122,9.538917384733443,104.26217005441177
39.15617564546285,9.579780559720618,104.11641898884561
39.80322554830374,10.475267176766197,101.93964604501726
3.6706696077646694,4.0224314085046355,17.61728380900144
40.022611605882986,9.915528841351192,104.8927864993243
40.66620781684163,10.013557038140606,105.79313446941512
3.614145339549369,5.443379858028208,12.281077648768093
41.73932019539222,10.143824676605638,107.15282892215663
41.858431362679596,10.157835644848623,106.66236438906299
42.51546829505422,10.195232423977949,107.19762335096983
42.44776817061333,9.91987474385466,105.85568605412716
41.393035981075485,9.1476914125117,102.0045525949156
39.63528095948998,8.154505229520105,96.0857776966581
37.90698740309052,7.349483774590359,90.52929185265224
35.02992222913049,6.286240410918062,82.15680800617511
33.57341392461681,5.614473293835418,77.85406322751909
30.440666460651457,4.935008148735542,69.94333421527685
27.458177683032066,4.279834263865996,62.42866329084854
26.0596999034436,3.689488348357999,58.52679843347561
25.0003265129326,3.456911256657629,55.63350887828796
24.20494683520131,3.2738883465969812,53.36902359337166
-4.06551959324212,-3.024997765200642,7.0162469980047995
72.77608538327033,8.338195439684712,149.8363502733186
72.76003506827811,10.272680986304739,148.37048240911477
73.06052316521769,11.329846859247159,148.25000787259106
73.81237908448236,12.274682602849598,148.7740868578749
71.88345169371269,12.279654576750351,143.55270943391915
72.62590968825951,12.481886056596007,143.03506896082303
74.17047796297055,12.832623134795917,143.9337851018191
77.33074030572942,13.76111736421896,148.19125697078204
74.92372813348784,13.36285327535778,141.76881938092396
22.860326941349328,10.346232617656403,43.980791652838924
79.71430598370252,14.543878229093469,145.6419953224544
85.32129323956482,15.673811264646032,152.639559456372
83.67154162041913,15.871044857000507,147.03088995261697
86.18156732521466,16.735847373250014,148.53291321032034
90.57176603957232,17.617762925786945,152.24210333996905
90.73670915817661,17.903516237843224,149.55949226009614
-0.0004000879039864593,-7.482809577484908e-05,-0.0006474401759683828
91.67716824267261,19.13931474703454,145.85798412718492
93.60097471459068,19.314861778418006,145.8545282709371
97.17773120852186,19.893996174120076,148.8604862528504
97.59179859830743,19.818155185447964,147.1898703306254
102.09321305996674,20.884382635705585,151.8451455166696
100.99346269285637,20.651259812788687,149.0955912028508
103.10642022799655,20.808192751174854,151.1371438025271
103.4075395152555,20.634442332946694,150.34134787084443
102.35940869330325,20.161195275244435,147.22156361485776
102.35651209371318,19.858933796715565,145.56667267803118
102.01751654799403,21.056088797066156,143.12053221938666
102.819578819985,21.976481491198005,143.31251900636047
104.18152322215776,22.925448095594614,143.65161573647615
106.67425114855855,23.3823988937148,145.1502764417803
105.01458339834525,23.6934999794316,141.5631652385441
112.6361484132008,26.261678349049465,149.28087226382598
112.93738989174425,26.988620025353097,147.97958532521403
116.15352032756293,28.472017852896887,150.43986029880503
116.61050665590456,29.13203642841442,149.58756976184242
126.66319385918082,32.029036531566334,160.95915704547969
121.67811654623978,30.863546173965297,152.477088898196
-4.06551959324212,-3.024997765200642,7.0162469980047995
121.67811654623978,30.863546173965297,152.477088898196
121.67811654623978,30.863546173965297,152.477088898196
121.67811654623978,30.863546173965297,152.477088898196
121.67811654623978,30.863546173965297,152.477088898196
121.67811654623978,30.863546173965297,152.477088898196
121.67811654623978,30.863546173965297,152.477088898196
121.67811654623978,30.863546173965297,152.477088898196
121.67811654623978,30.863546173965297,152.477088898196
121.67811654623978,30.863546173965297,152.477088898196
121.67811654623978,30.863546173965297,152.477088898196
121.67811654623978,30.863546173965297,152.477088898196
121.67811654623978,30.863546173965297,152.477088898196
121.67811654623978,30.863546173965297,152.477088898196
121.67811654623978,30.863546173965297,152.477088898196
121.67811654623978,30.863546173965297,152.477088898196
121.67811654623978,30.863546173965297,152.477088898196
121.67811654623978,30.863546173965297,152.477088898196
121.67811654623978,30.863546173965297,152.477088898196
121.67811654623978,30.863546173965297,152.477088898196
121.67811654623978,30.863546173965297,152.477088898196
121.67811654623978,30.863546173965297,152.477088898196
121.67811654623978,30.863546173965297,152.477088898196
121.67811654623978,30.863546173965297,152.477088898196
121.67811654623978,30.863546173965297,152.477088898196
121.67811654623978,30.863546173965297,152.477088898196
121.67811654623978,30.863546173965297,152.477088898196
121.67811654623978,30.863546173965297,152.477088898196
121.67811654623978,30.863546173965297,152.477088898196
121.67811654623978,30.863546173965297,152.477088898196
121.67811654623978,30.863546173965297,152.477088898196
121.67811654623978,30.863546173965297,152.477088898196
121.67811654623978,30.863546173965297,152.477088898196
121.67811654623978,30.863546173965297,152.477088898196
121.67811654623978,30.863546173965297,152.477088898196
121.67811654623978,30.863546173965297,152.477088898196
121.67811654623978,30.863546173965297,152.477088898196
121.67811654623978,30.863546173965297,152.477088898196
121.67811654623978,30.863546173965297,152.477088898196
121.67811654623978,30.863546173965297,152.477088898196
121.67811654623978,30.863546173965297,152.477088898196
121.67811654623978,30.863546173965297,152.477088898196
121.67811654623978,30.863546173965297,152.477088898196
121.67811654623978,30.863546173965297,152.477088898196
121.67811654623978,30.863546173965297,152.477088898196
121.67811654623978,30.863546173965297,152.477088898196
121.67811654623978,30.863546173965297,152.477088898196
121.67811654623978,30.863546173965297,152.477088898196
121.67811654623978,30.863546173965297,152.477088898196
121.67811654623978,30.863546173965297,152.477088898196
121.67811654623978,30.863546173965297,152.477088898196
121.67811654623978,30.863546173965297,152.477088898196
121.67811654623978,30.863546173965297,152.477088898196
121.67811654623978,30.863546173965297,152.477088898196
121.67811654623978,30.863546173965297,152.477088898196
121.67811654623978,30.863546173965297,152.477088898196
121.67811654623978,30.863546173965297,152.477088898196
121.67811654623978,30.863546173965297,152.477088898196
121.67811654623978,30.863546173965297,152.477088898196
121.67811654623978,30.863546173965297,152.477088898196
121.67811654623978,30.863546173965297,152.477088898196
121.67811654623978,30.863546173965297,152.477088898196
121.67811654623978,30.863546173965297,152.477088898196
121.67811654623978,30.863546173965297,152.477088898196
121.67811654623978,30.863546173965297,152.477088898196
121.67811654623978,30.863546173965297,152.477088898196
121.67811654623978,30.863546173965297,152.477088898196
121.67811654623978,30.863546173965297,152.477088898196
121.67811654623978,30.863546173965297,152.477088898196
121.67811654623978,30.863546173965297,152.477088898196
121.67811654623978,30.863546173965297,152.477088898196
121.67811654623978,30.863546173965297,152.477088898196
121.67811654623978,30.863546173965297,152.477088898196
121.67811654623978,30.863546173965297,152.477088898196
121.67811654623978,30.863546173965297,152.477088898196
121.67811654623978,30.863546173965297,152.477088898196
121.67811654623978,30.863546173965297,152.477088898196
121.67811654623978,30.863546173965297,152.477088898196
121.67811654623978,30.863546173965297,152.477088898196
121.67811654623978,30.863546173965297,152.477088898196
121.67811654623978,30.863546173965297,152.477088898196
121.67811654623978,30.863546173965297,152.477088898196
121.67811654623978,30.863546173965297,152.477088898196
121.67811654623978,30.863546173965297,152.477088898196
121.67811654623978,30.863546173965297,152.477088898196
121.67811654623978,30.863546173965297,152.477088898196
121.67811654623978,30.863546173965297,152.477088898196
121.67811654623978,30.863546173965297,152.477088898196
121.67811654623978,30.863546173965297,152.477088898196
121.67811654623978,30.863546173965297,152.477088898196
121.67811654623978,30.863546173965297,152.477088898196
121.67811654623978,30.863546173965297,152.477088898196
121.67811654623978,30.863546173965297,152.477088898196
121.67811654623978,30.863546173965297,152.477088898196
121.67811654623978,30.863546173965297,152.477088898196
121.67811654623978,30.863546173965297,152.477088898196
121.67811654623978,30.863546173965297,152.477088898196
121.67811654623978,30.863546173965297,152.477088898196
121.67811654623978,30.863546173965297,152.477088898196
121.67811654623978,30.863546173965297,152.477088898196
121.67811654623978,30.863546173965297,152.477088898196
121.67811654623978,30.863546173965297,152.477088898196
121.67811654623978,30.863546173965297,152.477088898196
121.67811654623978,30.863546173965297,152.477088898196
121.67811654623978,30.863546173965297,152.477088898196
121.67811654623978,30.863546173965297,152.477088898196
121.67811654623978,30.863546173965297,152.477088898196
121.67811654623978,30.863546173965297,152.477088898196
121.67811654623978,30.863546173965297,152.477088898196
121.67811654623978,30.863546173965297,152.477088898196
121.67811654623978,30.863546173965297,152.477088898196
121.67811654623978,30.863546173965297,152.477088898196
121.67811654623978,30.863546173965297,152.477088898196
121.67811654623978,30.863546173965297,152.477088898196
121.67811654623978,30.863546173965297,152.477088898196
121.67811654623978,30.863546173965297,152.477088898196
121.67811654623978,30.863546173965297,152.477088898196
121.67811654623978,30.863546173965297,152.477088898196
121.67811654623978,30.863546173965297,152.477088898196
121.67811654623978,30.863546173965297,152.477088898196
121.67811654623978,30.863546173965297,152.477088898196
121.67811654623978,30.863546173965297,152.477088898196
121.67811654623978,30.863546173965297,152.477088898196
121.67811654623978,30.863546173965297,152.477088898196
