-20.702353915844927,-19.164344213394983,-137.73319293399726
0.3466997525578672,1.6168948775558591,0.7076463763894097
-21.68263457021922,-21.876313862841815,-146.23946574743889
-21.4936430620114,-22.137084296069446,-147.3386305602428
-21.55246127134118,-22.166986230084746,-148.2421604596018
-21.451296418645878,-21.918512845534615,-147.54332921905447
-21.512272003767443,-21.86967841941552,-147.8548548858956
-21.67988993960076,-21.930881950237488,-148.67966171780455
-21.75999660133127,-21.718620270898455,-147.7814624962549
-21.803781283290803,-21.657149699932177,-148.12076082151222
-21.698039733036588,-21.313229684827917,-147.3932329115643
-21.193376050780632,-20.70101680107784,-143.9231265999598
-21.44786763557381,-20.79173068278179,-145.69656409494934
-21.24390822387643,-20.471978899393154,-143.0417843808972
-21.43633474418731,-20.46078066610792,-142.51410142421213
-21.630160354025627,-20.456048700404544,-141.97740555599242
-21.810306050903378,-20.159050245908293,-142.39782633070837
-21.46308566546076,-19.63770385868594,-139.56133130394784
-21.828104825233396,-19.7089502705796,-139.29383630758693
-23.009709402760592,-20.025973326696242,-141.3248973285119
-23.474868542459415,-19.73443399078433,-138.71593174909583
-24.523394604204388,-20.54843346474869,-142.08217720118566
-25.377361453568938,-20.797994864164927,-140.7415782782393
-26.037436422653265,-21.01822688334548,-142.16763864410933
-26.66188490980629,-20.85725070458164,-141.27156343125804
-28.604597843987868,-21.551819364712085,-146.5905620817351
-31.108629398972635,-22.19799144217717,-151.40316030714789
-32.583335629885326,-22.877215508045733,-151.71837296852155
-32.96572179484272,-22.75100944560094,-150.21518912597972
-33.00440897630817,-22.359253625828615,-147.4101712268197
-33.119706290438295,-22.204883789783743,-145.84406531142656
-33.23375269157513,-22.02530186791939,-144.77189080457978
-33.48027653138291,-22.017894007628993,-145.7227990557842
-34.075380911303306,-22.249830696544315,-148.55867437477485
-34.140309220984705,-22.011790390206063,-149.9937774517951
-33.59323414191272,-21.384886600382146,-148.70042122960808
-33.303401678678526,-20.851812132432556,-148.70588602773657
-33.076064070058735,-20.396620669776315,-149.32781037485591
-32.7688337201624,-20.00886174134128,-149.67950903832576
-30.83586328073949,-18.587348387450447,-142.72472322709092
-29.77389007582091,-18.41831925905558,-139.23541421451526
-28.599888873383538,-18.25259464480879,-136.33961425495468
-27.844624116552367,-18.03452426610331,-134.05965404879404
26.439384264945648,17.152397328473718,128.38056262982315
25.728175209812132,16.851572907469052,126.92545791917047
25.2084168536722,16.39721654887417,125.31711115478346
23.99878453318141,15.437443365529159,119.08434731466507
23.52951831965639,14.926097115042111,116.98036604945752
23.588558488336016,14.614194936410549,116.54767018392089
23.35980368485911,13.875424299489184,114.24828666733637
23.323162030708755,13.176357862456078,113.848437761365
-24.522271112542345,-13.083732905245173,-118.72035330220439
-4.06551959324212,-3.024997765200642,7.0162469980047995
-24.962235796269205,-12.605582269027206,-119.46983955299885
-24.901849335004272,-11.562554339850966,-117.67273204859076
-24.681342748219702,-11.456909821351895,-116.24519486901907
-24.51718206677527,-11.362162845210461,-115.01915543809693
-24.47818232322432,-11.30892915119731,-114.38935719533696
-24.443134071753576,-11.242988785115806,-113.76232211040451
2.647485042312228,0.30465182959111464,8.162527614618998
2.6526293082527723,0.26896080873613476,8.168384717333907
2.731138958265396,0.5400645081327214,8.123531960717917
2.70686676199848,0.2957488774023536,8.146793434105293
2.5453054999833014,-0.10095783581715848,8.21822519482897
2.280503813506964,-0.42412262070870455,8.312005032002064
-25.677028655196,-7.159496006094119,-109.81704031778074
-0.7728526013087699,0.5621581148123638,-0.5178813192624946
-0.6200968824361908,0.95739111160288,-0.571773317762703
-0.708344548820776,1.0158703059586687,-0.6069829011337516
-31.656934888713046,-2.4662846485079846,-124.35276365585251
-0.9314292160538833,1.3722187662044059,-0.7172843352335737
-0.4713995085958096,0.5088086832593781,-0.42035279915344614
-4.06551959324212,-3.024997765200642,7.0162469980047995
2.424752271456857,-0.8606886069990523,8.233453248465374
2.5707172909676737,-0.7845447984575563,8.219964601898207
2.5991256475314484,-0.7461955653407801,8.18719349910532
2.5893085667926736,-0.7692532232397409,8.193877953740232
2.607298045444371,-0.7534511438266194,8.178708493999954
2.7309576184398714,-0.5783545802826151,8.173171010714832
2.6326010889343117,-0.7715191256741447,8.180630833961484
2.7536040195827383,-0.586141550499273,8.157590496800953
2.503505114409166,-0.9795123943306243,8.19829729629101
2.5504620282195765,-0.9398136106656632,8.164531982300261
2.5355846771391506,-0.9638815094952365,8.165935993971082
2.547957905386617,-0.9706903010664005,8.207334047955161
2.531197477479611,-0.9946065597025431,8.188546432115292
-4.06551959324212,-3.024997765200642,7.0162469980047995
2.451014501464837,-1.073580037921664,8.2297970867644
2.3353600860484143,-1.1654208455110067,8.216366157727752
2.330510937053741,-1.175411142356926,8.227436103685784
2.3472780340863038,-1.1728569443242332,8.23577562724118
2.304522716444789,-1.1992118633140567,8.235509783846213
2.213083585748744,-1.2367060132881977,8.233650195007225
2.154529420188282,-1.2575528382580219,8.255085665199882
2.336638543581539,-1.178934169136931,8.211948130482908
2.3715411737412726,-1.1580048896421322,8.206182359622986
2.3938294316099804,-1.1462389054687894,8.223870315077056
2.3862643152285594,-1.1510905299751106,8.220172605018625
2.3484478191131983,-1.1726477158618076,8.218636877700606
-4.06551959324212,-3.024997765200642,7.0162469980047995
-33.24830976652652,3.209287925798002,-131.720876540061
-33.059668381174134,3.1556534973250487,-130.6308696971413
-0.7896603286031844,0.09610934774279603,-8.539459306019568
-33.10317245148113,3.115810415237498,-129.20073627681532
-4.06551959324212,-3.024997765200642,7.0162469980047995
-33.22207093134731,3.127111172713629,-129.57730422505256
-152.75874682968222,14.279338971555333,-620.5944170272119
-33.582069752460455,3.3022679073366703,-131.35596246495209
-1.1104195764878555,-0.5947005059590906,-8.567373616268622
-33.42010728977146,3.188219029763795,-130.7015107366927
-33.383313581194926,3.107382221062628,-129.9712797812621
-33.33308791975523,3.0227272368581604,-129.21941971802974
-33.40715721331573,3.0141616492059056,-129.39504940334902
-33.48880634745916,3.009155692252717,-129.71460378093605
-33.45158754205073,2.9591071180481987,-129.58470608882507
-327.5218221584431,28.95691904649175,-1312.2285047759844
-33.49928602096783,2.9562796958980653,-129.75942144304904
-1.0694503112826,-0.5556092303037555,-8.518612533247843
-33.30514948398722,2.894939643282608,-128.39343760752536
-33.27927478019558,2.9057352421065596,-127.86962102898538
-0.8873790323690876,-0.21267378353080527,-8.537952132319225
-33.3901072768803,2.8698575875736436,-127.5956715702698
-33.18751207399131,2.8152340757055896,-126.68524511786147
-0.9136414088200314,-0.24200819423892636,-8.539876490392752
-0.8797717589450459,-0.10625964128418194,-8.54510034784323
-0.8624317682331378,-0.007240186392922895,-8.53834088281534
-0.8693098772906017,-0.01852172510955969,-8.53299904242624
-0.8572342698555437,0.0768190339545461,-8.523027398688743
-0.8582454150749184,0.1048451844569159,-8.525206716123863
-4.06551959324212,-3.024997765200642,7.0162469980047995
-33.66449689896779,3.0968531912597284,-126.69262690887936
-1.1439362071927186,0.9480514202887858,-8.495080679972197
-0.9032357338044924,0.5236192270328046,-8.536090787446918
-33.74068972128593,3.198107960458884,-127.17887378491949
-33.64555007632276,3.1889588893232403,-126.80092989295694
-32.8119532606639,3.035685287755121,-123.23677914987489
-33.72412380901112,3.175653058777927,-126.99449618684454
-34.089669518195755,3.3176338373776586,-129.1145094511466
-34.203680594576255,3.33043194102577,-129.9080584811955
-34.26312463764429,3.362653006088065,-130.14477038697547
-34.15770891337472,3.358669764432529,-129.74167830427373
-33.92318954285377,3.3283200796449024,-128.38174781244226
-0.851172936847886,0.12680850442282465,-8.533261012943102
-34.332454321111236,3.412709316583512,-129.93485324536286
-0.8490754567944726,0.06964761479647064,-8.526049947392956
-0.8519862832631515,0.045911030171766634,-8.536552262501054
-0.8495678794347025,0.10493237436450423,-8.53058931671511
-0.8481451973102259,0.12594751923497302,-8.532547593140322
-0.850919868582884,0.19887979425040947,-8.516661920740582
-0.8593624335519686,0.18624948711764272,-8.527865254020265
-0.8510959348217618,0.2065869851523365,-8.52788806818234
-0.8582582720198152,0.22522990273160687,-8.548045158400187
-0.8559256739382384,0.20169891673935333,-8.544507986058216
-0.8521384530506891,0.22862719292220712,-8.529018308174312
-0.8358048724183904,0.19217959878085114,-8.475096854205939
-0.8607656595530344,0.2028795572790278,-8.56163782693529
-0.8631179878301214,0.19757021855398654,-8.53098647827289
-0.8553266139858247,0.2844552173083016,-8.520339777516764
-33.94090459596287,3.2298747112758552,-127.50848646037018
-33.94090459596287,3.2298747112758552,-127.50848646037018
-33.94090459596287,3.2298747112758552,-127.50848646037018
-0.8569733075096626,0.2045080271960009,-8.527745911224592
-0.8725587524102225,0.23931595966882943,-8.551498437710192
-0.8654574840776635,0.2054980858076002,-8.53120600336542
-0.8570607154925117,0.15798813752722599,-8.529508158623418
-0.856758277892539,0.17696142153206856,-8.528248449833551
-0.8806256436592734,0.079267305165751,-8.555518678199892
-0.8713698552734036,0.10300029206020961,-8.533042032591933
-0.8817220977958167,0.08804628217940447,-8.560277926346217
-0.8789849666955464,0.08563389603271794,-8.550891326858986
-0.8585940096052275,0.06940940561284259,-8.474011012910232
-0.8668371032623007,0.059739236913305446,-8.498591278301863
-0.8753165097987056,0.06712545478886502,-8.533391274603812
-0.880257991746232,0.06388193374748889,-8.546843811935544
-0.8893802919676214,0.0822862087610127,-8.58531600093363
-0.8601413280722807,0.08078065288512178,-8.483367453299413
-0.8791613667245972,0.06246608721173247,-8.531383568550542
-0.8890681037118066,0.03549735067347084,-8.532813859582488
-0.8748229766804616,0.021219989708776515,-8.485887990698686
-0.8844577603362014,0.07988684176697942,-8.528740066639006
-0.8709610245168025,0.03745237825579778,-8.478496685010214
-0.8835893274332366,0.12019792199266074,-8.552922993096455
-0.8832213744970993,0.1191969725676601,-8.551393053034971
-0.8771784093260099,0.11177414110021806,-8.531074637874015
-0.8771285878223339,0.1124268425051644,-8.531112754523203
-0.8733046010275589,0.12196913743778719,-8.53006730463051
-0.8774930974570865,0.10768442188669508,-8.53083788908533
-0.8876118640141697,0.023568895947786665,-8.531900851865325
-0.8750463461927195,0.03424587441766828,-8.530566405145944
-4.06551959324212,-3.024997765200642,7.0162469980047995
-0.8822125457857368,0.003947979315903122,-8.531667312283668
-0.8748811529982667,0.06186423091344562,-8.531460725836805
-0.8876814626231686,0.02604066489789531,-8.531451529658744
-0.8895176848202389,0.036912096879461606,-8.531762323286628
-0.8798052294589871,0.061455518685571926,-8.529096405659713
-0.8871890064909085,0.0429169199209879,-8.531209780528263
-0.8872608535395797,0.036996660927848896,-8.53118721203481
-0.8860173446938137,0.029329596802168297,-8.547592156093842
-0.8878148877602478,0.02541485799341512,-8.55445094556875
-0.8881539837870612,0.025247527585005525,-8.555559036493973
-0.8880896336721286,0.02568040123603854,-8.555640466174447
-0.8881049346081946,0.025681011610651276,-8.555690395309943
-0.888400117246768,0.0254141508007434,-8.556538669830744
-0.8790482101227436,0.03973229095920641,-8.533285106948998
-0.878760337784578,0.027995018289474965,-8.53149834653447
-0.8910393387997296,0.012115136295872986,-8.546973816816875
-0.887276227027399,0.009229607168753089,-8.532649235830105
-0.8821192822840013,0.017891864105162324,-8.51972539133268
-0.887043495557772,0.016519970778342302,-8.535476547603876
-0.8836878587433723,0.013683790675893426,-8.534271178436835
-0.8915253662282469,0.005588422072219728,-8.545003625401772
-0.8860810689427322,0.03457868521141054,-8.54385627588423
-0.889865523658524,0.005028032737925592,-8.538994619476286
-0.8835137048037277,0.026410463830161636,-8.530570662558555
-0.8774511009729934,0.035609854960257176,-8.51471358888491
-0.8907262340208634,0.00443796708719176,-8.541275030998046
-0.890625044711451,0.0042605067340227495,-8.540818828089224
-0.8840179016619044,0.027236882790532668,-8.53362662478005
-0.8783743102035382,0.016241575240285067,-8.531480111237174
-0.8759509915964346,0.042472040043376146,-8.511746276481434
-0.888479258468926,0.06658688955501339,-8.53176997186271
-0.8883395881630616,0.07053398830881201,-8.531575683579675
-0.8837360820145808,0.06962384727416165,-8.530398901652491
-0.8785699704844507,0.08512275457482023,-8.528346188455895
-0.8599280046585134,0.17140730963749376,-8.526632589533575
-33.78656833157536,4.019960919558057,-126.33303677550171
-0.9044533015897912,0.43283153093663046,-8.605796734031275
-0.8733089616378857,0.362549349643175,-8.53013072978461
-0.8772820090779041,0.37995104119711676,-8.536071557208935
-0.8655816280874713,0.37564885043397905,-8.495433529455031
-33.77462049167526,3.985489301576752,-126.06927954936523
-33.769051371709516,3.9850431748101482,-126.04702897287676
-33.766082790846134,3.9845765611692086,-126.03628987068322
-4.06551959324212,-3.024997765200642,7.0162469980047995
-37.29519138298127,4.377929867916415,-139.17577032615597
-37.16951763509835,4.460064025567405,-138.79353077861867
-37.16814561601606,4.460068325694978,-138.787934953449
-37.1843278000434,4.4654481671679855,-138.83744626378015
-37.19624254475725,4.46671491114974,-138.87887810891704
-36.893520665132066,4.407157553053071,-137.58121114896602
-36.866811978327895,4.407106334094049,-137.4851557580851
-36.866811978327895,4.407106334094049,-137.4851557580851
-36.86735233222068,4.407364524264413,-137.48602149133256
-36.87059318806226,4.408092838383888,-137.49636544755737
-36.8374485963595,4.40425571389029,-137.37171242818428
-37.44206626392481,4.519225169693878,-139.96494170558407
-37.65141414543142,4.562141623756642,-140.97904527285138
-37.67181912849558,4.559092718616967,-141.3252963936687
-37.73936306386072,4.5951336954157505,-142.60450150419123
-37.83808378772358,4.63411995232444,-144.0833383697926
1874.8792807442949,-261.99408976727733,7556.357284702689
-56.403655764749104,7.207692997841428,-217.13166350033805
-323.5378488033184,41.139702210178,-1337.562868850769
-37.95404338503476,4.790467556710464,-155.93663140845896
-38.18124433270259,4.69818120924039,-160.6563883288296
-36.65046809772395,4.564418759071685,-157.96312870809783
-35.66283170419083,4.177175603707921,-156.56765580103215
-32.87353655812959,3.411801460808705,-147.886437890388
-30.828262464766496,2.5537857464604086,-142.0197181308586
-27.52857409973399,1.5461917697738632,-129.74176561568459
-4.06551959324212,-3.024997765200642,7.0162469980047995
-26.584503561340384,-1.6659457840041225,-141.57708185096106
-22.931990744590305,-3.5982863237555223,-131.89548333927354
-21.420158666713498,-4.5436288254743795,-127.05219474415726
-21.143725005431296,-5.875530714237711,-129.79318759919158
-20.241527228805772,-7.0625852763238965,-129.18162030392054
-19.57118432061106,-8.167905128328083,-128.33492228199978
-19.040700488431526,-9.374839148211644,-128.42774487055436
-18.091503659277652,-10.019541310100536,-125.58285742707834
16.62070869508811,10.138013478461355,118.23213877549249
15.770273362099086,10.10225418243716,114.49112135529579
14.75827484602863,9.987931556683652,109.84951869155636
13.939034494140172,9.900122582552031,106.91148739182337
13.047873065048515,9.759509493960724,103.42662948710344
12.226634511725495,10.053662303823907,103.28811204893003
11.774651930968208,10.782584063646778,106.83935479995867
10.853102998384838,11.787781433531979,106.8287179824553
9.693400217892055,12.272414474924634,102.86949504830255
0.22912246251709384,-0.3233032730338814,-8.57507817741158
-9.009910543471797,-16.06646586130368,-114.87356856334426
0.2101208033221697,-0.34005610751505133,-8.568779716502949
0.27027083523135337,-0.432557118307245,-8.555060465709863
0.2773204306466899,-0.40151603355391474,-8.554216216114481
0.3387913761568089,-0.4105313257487328,-8.54308745989766
0.3522833905422627,-0.38161545953312004,-8.543460849203077
0.3851017363044966,-0.36991753394749877,-8.54056770895487
0.4165048474523256,-0.3473658279201305,-8.542769156986937
0.47097155976038385,-0.34840308102774403,-8.54110860621935
0.4770385094303745,-0.32519482808944095,-8.524241294225115
0.4977978019566013,-0.34238530090416797,-8.525043756090778
0.47891824403492844,-0.314975309585335,-8.520997453318301
0.4781918142040196,-0.303242875573564,-8.504583367450007
-4.06551959324212,-3.024997765200642,7.0162469980047995
0.4603180886265252,-0.2879110011457457,-8.50858839491228
0.416966479240245,-0.23298353324165505,-8.507706484185318
0.4252893888115929,-0.2446918798255868,-8.506494913540397
0.37219153711176095,-0.16755114087319029,-8.517607231421843
0.39448844877544686,-0.17003982191718758,-8.516716024839047
-4.06551959324212,-3.024997765200642,7.0162469980047995
0.3589621725643202,-0.07802093453165702,-8.459920101980812
0.2796149783790381,0.0942493883242198,-8.462549780944132
0.16176411387811002,0.25891879119921796,-8.466299042528798
0.27476305353132446,0.24039039888324956,-8.413277048553294
0.30069893292047145,0.2971571685506364,-8.392079016931573
0.3735702568744662,0.31260878697432665,-8.378479105449221
-2.7493683993804794,-4.678917178590253,-75.49175201387438
-2.334570016362517,-4.203390712448521,-74.55064725752143
-1.9118211795357973,-3.7826564310638955,-74.1390097685546
-1.7402675630091418,-3.275120960450921,-73.4549752780849
-1.4314656450617596,-2.6240262436687196,-71.71006576837638
0.8557484637799881,-0.6138213943565973,-8.332690325721865
0.8226826776351639,0.31999370201898714,-8.196412458966092
-0.8522243791318139,0.32677589045290345,8.907333111311827
0.9308591753142029,1.083809920826053,8.45065113124902
3.4286803762239164,2.750434186822347,77.04946635401903
-0.2732732818995428,1.2888224688688465,8.698347735639116
-0.19999323742694147,1.3489873287011878,8.692680625416047
-0.2679678536224892,1.3414004656415917,8.631130692498123
-0.4178091270433748,1.2866040044733704,8.462219141462235
-0.5578905284445868,1.232543552522059,8.696838483006715
0.16256036803245819,1.5622244282053364,8.495480473201518
-0.9241169678061202,0.7410037334445562,8.84137296821511
0.9521766629347088,1.2439748819773793,8.260793827018691
0.4157475976591526,1.5805028279320468,8.426514614534273
0.8806370153822212,1.3386295458871769,8.406721797188462
0.5805555746490043,1.5446816411766262,8.351241777663693
-0.4209074763070715,1.544337015314378,8.534014931132377
-0.8888626528957889,1.1026128729199094,8.675650392303666
-4.06551959324212,-3.024997765200642,7.0162469980047995
0.9608919306672177,1.3314540862552144,8.45478258786832
0.5328919828798372,1.665486551698848,8.42028148451914
1.0450513115187843,1.2841156970003664,8.439072262876929
0.8598893025134645,1.4927445997681272,8.44124979179843
0.7753027813913976,1.571986105267347,8.456784199886563
1.0868532295255722,1.266234927994084,8.401527858742313
0.5877526626184494,1.683541017714994,8.383817750714437
1.0524321575234648,1.3311111187815277,8.440803249253657
0.4410096027399947,1.7429524409587356,8.43948323594568
-0.6550707265694248,1.4627409679178953,8.516181461507491
-0.48380183197585297,1.6146019690648272,8.47318604492183
0.88475087105989,1.5382977403177855,8.417195621092228
0.8793225740405277,1.5514668351435486,8.343704868695207
1.1426680931725817,1.2148787450393768,8.42107411579742
0.597442871821038,1.7373214902458358,8.371127832809337
1.1807172847534428,1.1642445970371054,8.462617241151937
1.1304840442590378,1.2792091983356308,8.418614148564608
1.0314228789552804,1.413316041807945,8.407413703398593
4.05238943988093,18.656533279848077,188.35018224031623
1.0148529437627316,1.4241501059450723,8.409413693229828
1.1371977999615819,1.2683793947692312,8.44551769302495
1.0773601217521864,1.3472306363868203,8.416539328504742
-0.18806473459641618,1.7490098023489637,8.477275111536967
-0.14623625789195438,1.7562302464930613,8.457972903006812
0.7675874426054758,1.6413818532434754,8.413731710548173
0.5066866545978006,1.749888367700733,8.377192747075835
0.48534388348469937,1.7630466007570045,8.443642857500606
0.5284023342568478,1.744951376670269,8.41397420793524
0.49003188362297573,1.7634827498571826,8.413931599802805
0.41867938394752857,1.7985104661074836,8.418423905449409
0.5867756338763728,1.7439667091001878,8.394355945146321
-4.973394278511199,-18.864035668226563,-191.84136617000516
0.2810912066812722,1.8276105101738336,8.414872998389187
-5.108488716925782,-18.40107760046267,-188.8139127959958
-5.338656742107009,-18.620944431115262,-192.13251341200206
-5.400841670039036,-18.551762673745134,-192.98138348812205
-5.513169495861739,-18.161670177389077,-190.28220810954244
-5.84067906327696,-18.25342215219388,-191.75322745573584
-5.783187557526745,-17.89900405323677,-191.42777558548005
-5.556378985824948,-17.0475164523312,-185.70003747753114
-4.629682618579045,-14.150691460259042,-176.1215914271639
-5.2598884024147035,-15.276644128465485,-180.81854891995542
-5.32113437106937,-14.107495808973153,-172.15667287022708
-5.5392593578300096,-14.392552585823323,-179.90854301052136
-5.068682768453997,-13.138268424579078,-186.65302949096892
-5.108569872308753,-14.659475607605614,-188.47173653246125
-4.840265769642982,-14.111995041312872,-179.71400288569743
-6.381678180383899,-25.442671310516328,-325.4913438225286
-4.253916756811826,-11.824551563563952,-174.32067409333195
-4.5032902538984585,-11.765443997881828,-174.5592085376891
-4.575407991368516,-11.726706697317383,-175.5349460192299
-5.00566401948855,-12.17598352265922,-162.72160843728807
-5.049409957060233,-11.237239830430283,-165.1167507786685
-5.624073414295098,-11.518239640434532,-152.81585641956525
-5.226505526123974,-9.823506106710555,-156.01349306169277
-5.644253019279104,-8.628172377073447,-151.9401916637635
-5.957680415441033,-7.329122267612087,-154.8219130896475
-6.423783737469592,-6.701352594674326,-133.44373749265233
-0.2633951519864095,1.2441489604917828,8.489518121756527
5.851368931286095,3.889509057016143,130.2675150425604
6.935065827824835,5.045886787946561,131.17544374791814
6.873959569499463,4.835451943929845,133.8051714438001
5.8858282528078725,3.1629912087071075,129.81458639067878
-6.832092042163131,-4.424195160208453,-127.69524909464045
-6.837145187090793,-4.5119434407288,-129.37454920240623
-6.794151824569065,-4.537416343751442,-128.93018192147795
-6.712131948640709,-4.542360787200621,-128.3789152043617
-6.689695883627644,-4.641383273302473,-129.42715844532265
-6.705924224939272,-4.708825025519952,-129.88329407107187
-6.697972143276855,-4.829464665059858,-132.30531990314597
-6.825697754477025,-5.081309692539883,-135.13888751451236
-7.138014875909543,-5.121949792801398,-135.22318999738795
-7.305700350951043,-5.27548454957384,-138.11146326402033
-7.345878327493163,-5.215895363473417,-139.3219494375493
-7.342024078289385,-5.182323951662112,-139.97196620527697
-7.381690790445381,-5.055387545374224,-139.6868499805632
-7.415198649157658,-4.942297640451162,-138.92236542879803
-7.675279730978185,-4.73146620150708,-136.19079134593534
-7.939657904411282,-4.520579385712818,-133.76738307832403
-8.232518278675911,-4.554611331547479,-132.1447932074031
-8.493753387543876,-4.560118092957332,-129.80804882443002
-8.722972977986478,-4.646876790805138,-127.35562651322343
-9.006427134504566,-4.743117047760414,-125.77119036359001
-9.154298903277997,-4.6705463883950085,-122.27668315150476
-9.286902995948415,-4.583143618905733,-119.79473542127387
-9.293629148097905,-4.507773674073864,-117.49249698077232
-9.302625894848749,-4.419154626439264,-115.95925796820615
-4.06551959324212,-3.024997765200642,7.0162469980047995
-7.91271277419856,-3.9330019449557603,-98.2300905503814
-7.605707126137268,-3.9961077147268775,-97.437493033828
-6.816850185104867,-2.599312267955657,-99.80800453190085
-7.296080945975114,-4.000274022186086,-96.86661988726496
-6.405007959207201,-2.4667228122830616,-98.53549781559356
-7.093368381679668,-3.8985920943289085,-97.3745962003021
-6.853244755191147,-3.836061135840044,-96.77876980894398
-6.712957366292772,-3.8193383692275154,-97.62579939853741
-6.632129314747733,-3.783787731826379,-96.60898221494465
-6.435600549200982,-3.7745015878264354,-96.27281556318617
-4.06551959324212,-3.024997765200642,7.0162469980047995
-5.608468027509452,-2.4167109383758825,-99.69735952737665
-6.617301053404439,-3.337581607022989,-96.18364494791744
-6.707066256800801,-2.985991905679005,-95.24607623466441
-6.951791071630562,-2.6884481077545614,-94.49284474643832
-7.098711243423227,-2.4267012945706368,-94.94018562471057
-7.239607526309658,-2.1904847177399773,-95.27688396250073
-7.276888646085175,-2.179760548778977,-94.68065756406111
-7.330585379406198,-2.170073790482541,-94.2013439953853
-7.419449883738351,-2.2156439020705916,-95.54057400640879
-7.256415462759361,-2.169427879556566,-94.26454184492847
-7.375217040297397,-2.1866552758006907,-94.40515954658358
-7.483841747245549,-2.218126124384005,-94.54137009757868
-7.471397514189669,-2.2112263876412124,-94.5401939036799
-7.4925385244939795,-2.2574215532534176,-94.68568804331206
-7.453122091734596,-2.3732516442024325,-95.56212747535035
-7.380917391656013,-2.4891494236769174,-95.34065487132277
-4.06551959324212,-3.024997765200642,7.0162469980047995
-7.351570334610063,-2.643810993922774,-94.8497570576316
-8.697368729748721,-3.6064152618223835,-117.4368197078767
-8.477292681078307,-3.7102857577424238,-115.69792423696775
-8.350132825300989,-3.8639114099969687,-113.68053285784366
-8.13213950317937,-3.993442336630053,-115.99531988706924
-4.06551959324212,-3.024997765200642,7.0162469980047995
-7.538301451795843,-3.6858634884650696,-105.72006122189764
-7.529860305962207,-4.130442215905066,-108.75656498887697
-7.048826434314316,-4.191988690774442,-109.7131967571109
-6.5663524960132635,-4.1972552005294075,-109.48598212384073
-6.150384296942562,-4.16159228253094,-114.9897506310893
-5.420964518669764,-4.07286160341248,-113.10789843661681
-4.777875456618547,-4.018478914157128,-112.76949061974271
-3.4368459149862414,-2.8667999965025976,-118.79653823723122
-2.9100788238924937,-3.0162364379388378,-122.34040317881019
-2.4662891166675314,-3.5613295818778266,-129.732388715158
-2.2508977623594895,-3.9621339314181148,-132.54319714548728
-2.25030558902519,-4.61202522018571,-138.85336429311138
-2.354104662826155,-5.3398633783117075,-145.92567417296584
-2.4473806712452713,-6.490030725951572,-157.90506897054246
-2.5249860835443863,-7.969997197189429,-168.19079956114462
-4.06551959324212,-3.024997765200642,7.0162469980047995
-3.595420798175364,-10.873072459226245,-179.09598017717718
-3.187351925393301,-12.710425906226781,-195.0431470207161
0.6395791690679848,1.5424638846154555,8.463897960572421
-3.5010115123000722,-15.05816993938629,-187.08831105387716
-3.3165061498918336,-15.828240638904568,-184.53529501077332
0.43552988655257596,1.7257335122698603,8.44791018171588
0.41944742760575043,1.7540141795998814,8.420403862756595
0.441715538292149,1.7557211111720887,8.41906746442563
-1.4814638554636985,-17.258624388900788,-192.12805758129923
0.34398181011174617,1.7635326753850296,8.42299224541846
-2.071158686778541,-16.12420984428626,-177.44098379186104
-4.06551959324212,-3.024997765200642,7.0162469980047995
0.3953193275965334,1.6868544487986155,8.436420017225112
0.27332190217514757,1.6189541368958655,8.445066295937034
0.014629741521378761,1.575032731413259,8.498946147535323
-0.217064252029998,1.4791981764580315,8.561168513262807
0.15878102811230402,1.4708245013061785,8.49331577294112
0.753739422693859,1.2473019273255428,8.501409091248313
4.288136444945748,7.537974804553178,183.72219054501988
4.67806553182282,7.069273826743031,184.05103316777064
-4.608056937298373,-6.64702803684303,-178.41661474740772
-4.766195519968184,-6.497178638273008,-180.7223557917693
-5.163410719622532,-6.492972427745539,-180.19607433248999
-5.0741894445623235,-6.455321677439032,-180.77249622003572
-4.965553292044242,-6.409218082389934,-181.35997126174718
-4.978922568579581,-6.3462183735470665,-182.38771645771337
-5.242365770352391,-6.466043822206556,-181.6549601273275
-4.06551959324212,-3.024997765200642,7.0162469980047995
-5.541715914498867,-6.574038129564612,-182.67117278289658
-5.991127767880604,-6.7138314441693385,-184.38135236048865
-6.12717505409884,-6.875762262271513,-184.37818972972633
-6.4106681445965785,-6.916650935168496,-183.19704468273466
6.522287048501856,5.984675988589843,191.26537040067453
-6.689851109845653,-7.213245467741027,-182.8627289387695
-6.926347594329557,-7.329240403356569,-185.29912634267797
7.1468189880715425,6.314986403480724,194.27815256443094
-4.06551959324212,-3.024997765200642,7.0162469980047995
7.534298572593179,7.676158888905207,189.716779557279
7.954593002366911,7.92408130382743,190.21892868252903
-7.4073055171102125,-7.5972638191785125,-186.4669164424964
-7.4550058658764655,-7.713405187941559,-186.39288050883235
-7.878954648056614,-8.236978117634827,-189.29653668640455
-7.922207773612112,-8.557336576242792,-188.37210591050973
-7.941061743806118,-9.129748248056702,-189.18777418427635
-7.8751630415964025,-9.620078832475203,-189.7366601142008
-7.858580534648942,-10.17803724943072,-189.98959893374308
-7.807062398404481,-10.761316973129304,-191.67160020898945
-7.725144638676643,-11.236994044415656,-189.37005488254061
-7.78935859035043,-11.96358417093152,-190.93004240394814
-7.687598112695131,-12.034159096156017,-206.6542299326361
-7.91732578584176,-12.894932433287234,-208.2829897662717
7.7940779814064145,13.846107508661666,193.2455914217865
-0.32155114204673896,1.4692093880555317,8.503152945809973
-7.462544596473676,-13.595511373189153,-200.47799492842793
0.17311384229249205,1.6715266295099722,8.493557221620929
-4.06551959324212,-3.024997765200642,7.0162469980047995
-7.036292135862818,-13.78366708107059,-190.49551495908872
-5.7172694282002965,-13.440692111401274,-164.71190553761758
-5.3869395242386515,-13.305156410128218,-161.0529121161381
-4.426873659183233,-12.380774900964404,-152.2020398569027
-4.131325823214621,-12.708856353704816,-154.03331421698715
-3.799740665756549,-12.580460226719701,-149.6174891016067
-3.0752425653932893,-13.268324921081938,-175.48036983127616
-2.892562801344336,-13.775150322628027,-163.43715242501023
-2.634656436030293,-12.635625830454336,-145.36622464838746
-2.0826370256961075,-12.408423439093133,-141.9936090555246
-1.9948728284385036,-12.911252185963173,-142.47426286306302
-1.444855906799555,-14.745846712894892,-173.81861306307232
-0.9462295292977947,-15.40467704902059,-177.7036220941155
-1.0197977956909323,-16.449484609249293,-182.65369302465973
-1.2176036032184145,-13.513995256921175,-140.6377182204861
-1.040555160005045,-13.371445873284431,-139.8179368394265
-0.8045426618465131,-16.673024027743157,-183.52821912731667
-0.7559964578511135,-16.13971443994514,-182.41746722452115
-0.9435789829339679,-15.778549605498963,-180.5740957060069
-0.8988573566748543,-15.572200639662666,-180.26727025254235
-0.7785302347297152,-15.223658503176278,-179.219511480233
-0.8022294062627795,-14.937417410058687,-180.21750887715086
-0.9202683135977747,-14.789543708795112,-181.16941915511643
-1.189827038230162,-11.57405964904265,-138.3969719126397
-1.2134681957474216,-11.18114572032199,-137.63015650778155
-1.1305273665699043,-13.62431151471695,-178.7487453925341
-1.1880088749863797,-11.057753929289296,-138.01269365423238
-1.1904175872673517,-10.941346739316394,-136.22105672411598
-1.4339876663995557,-10.834820139176331,-134.80663318743774
-1.559671570068735,-10.71156546099962,-135.2572320344457
-1.6724126307372964,-10.350503861679835,-133.97067992023025
-1.5807534622103656,-12.140596220720816,-174.53191251548512
-1.5923686618777089,-11.62447461202573,-173.6945210098226
-1.6564130632568979,-11.682808444190616,-174.98444628616335
-1.6305793552504966,-11.736035657748657,-176.27033527039356
-1.5586606630830395,-9.496360436060732,-134.40377480428353
-1.100196008143123,-9.607880833709405,-137.71326801479933
-1.032347735345167,-9.705343156454294,-139.21306031953307
-0.8448737181480762,-9.795467219176945,-141.58316005356426
-0.1810200628461397,-10.142047101821122,-147.1269589014896
0.20068227965920485,-10.334832970567087,-147.8400727681575
0.7237010118287053,-11.107858775237395,-155.16948067496463
1.2569639656535956,-11.604255090689144,-156.7766444094316
1.7612159707339994,-12.260910704881029,-160.65200561346813
2.25484626499814,-12.87948144740645,-162.596206825673
2.392778442992229,-13.051115887396366,-163.07581251749087
2.629190751607298,-13.16896171370963,-165.42508367066114
5.378100425009441,-18.155528354558424,-240.96822563380576
2.778516398516402,-13.453480990180328,-169.65843748117285
5.194484762865086,-18.894679653626117,-250.56923197604414
5.357874867891099,-18.178789237169127,-247.99710246793632
5.484846073222631,-18.00371832529856,-245.98838140138054
5.612545868230681,-18.144461436020258,-249.46610192684864
5.484850919372787,-18.09929757912146,-249.6216746725818
0.7017108361832611,1.268366621550164,8.457146261432836
0.7855477687323621,1.1360326404431438,8.475969353155376
0.7131517295496101,1.2294488705810918,8.462254077581827
-1.3139190397050196,0.48495404074927384,8.625922496961586
-3.641781126429163,13.404676634501016,178.5916874316017
-1.3219283785767617,0.45132362548323424,8.607334444323365
-4.407384208579805,13.67822385415218,182.64143646474852
2992.8505385053754,-7402.090537089117,-93165.67153388308
-0.037639507113941456,1.6498753840651392,8.433393354895724
0.420620189007261,1.460357783190969,8.451071272516732
-0.264793879251064,1.6963605310986845,8.438123313415174
-1.2095990857722534,1.1864346169534945,8.48972330335413
-1.388725834029484,0.4247690637568552,8.547072772437337
-1.4000448379175967,0.4716023256377704,8.553733356365447
-1.407421616493819,0.5370522141916526,8.541902994311808
-1.3646721071282537,0.9130090576229074,8.46195281018115
-1.3734539385367635,0.9151461854256553,8.56665950075284
11.258116533557985,-21.485138584383193,-274.7746911667045
11.26809095564481,-21.500053301875163,-275.24936772037967
11.324527038245336,-21.799510792106556,-278.3462411430972
11.293475979267551,-21.57828941573756,-276.0559550378986
11.133647601545384,-21.05261881119182,-271.5688089385664
11.513515726973536,-21.412448609898387,-278.5626820494292
11.655961472604847,-20.931902117718888,-273.0422430781605
-4.06551959324212,-3.024997765200642,7.0162469980047995
7.374105507114092,-15.117916375244196,-187.52903885683162
7.722413843834383,-15.002996252629092,-187.43073932066764
8.348673182618949,-15.423538127886282,-193.08042325828364
8.6531543992659,-15.501654829633557,-194.0871343417961
9.071881314359688,-15.560208522101819,-195.55354001010627
9.417164508265552,-15.503307628233946,-195.96537043034382
9.53376941812812,-15.025273954719303,-199.89799044702778
9.654265878353717,-14.673243348533461,-199.73305693691822
9.789044327188174,-14.662915640193724,-199.74051207193196
10.311313975237354,-14.84358476917763,-201.77538637810483
10.692602567938115,-15.013717022218872,-204.0098304439703
11.081743453732457,-15.19181933811279,-206.57552456936077
11.695685925087705,-15.470646557131227,-211.3632726353132
12.007472476135952,-15.551146712063169,-212.93195828467898
12.016089695365425,-15.402665562951393,-212.99069384761273
12.033169629167517,-15.421863189448747,-213.29213894677991
12.130922917419172,-15.449938042332445,-213.25871058957884
-0.30729008262662394,1.6343184776796391,8.443487477546311
12.236324117292046,-15.686109924307132,-218.7258560207488
11.978524197885005,-16.055031421502115,-230.68924364062903
11.705651708418149,-15.579313320820903,-227.047540411561
11.830876559276321,-15.422958965990151,-228.0495488933943
12.155928285446052,-15.232323694746077,-226.29916684827046
16.676542161515844,-19.813271619641842,-298.90552605442184
12.524461495458674,-15.253962305502606,-230.46052500829353
17.55412602752212,-18.200481502503845,-291.70660713837117
19.607513314580146,-20.750070979130346,-322.7268339000989
20.451181032210275,-20.642637994825552,-324.1803800020569
21.271403647407283,-19.453507918560863,-318.9239385379526
14.956256164525922,-14.423232166185647,-230.19283418183159
15.703004983827704,-14.584028576232116,-233.67926815731096
16.43727142423929,-14.7722280723113,-238.60955737528963
22.67561862491315,-17.723015517924807,-301.3243960696968
22.69791946622899,-16.784589572872036,-288.6950755696624
23.067935670539242,-16.517325459090003,-285.08016008521463
16.923403906696382,-13.18444896170303,-216.8862575467998
17.159868951654172,-13.030002797794673,-217.18286117608724
17.26612515045452,-13.116373156157486,-220.94658338411696
17.45263185812035,-13.304469088926938,-224.58779631290722
17.652536519867613,-13.529908692364419,-228.83885076504114
17.014534254297555,-13.218804547804469,-228.05487840093681
16.303833211524193,-12.82065892525318,-226.49901824583452
15.875864592979845,-12.677414630413452,-228.84025519697826
14.710826302456013,-11.945980196884733,-220.48750348248035
13.78777662707558,-11.220114300995785,-213.8032194457989
12.76073938479879,-10.445143973087275,-206.29024207005108
11.86088107556617,-9.680907926675165,-198.51324961252928
11.506330322572273,-9.584826985634413,-196.93090670734108
-4.06551959324212,-3.024997765200642,7.0162469980047995
14.039112298628023,-11.760646758031655,-239.52700270412748
13.487463452680055,-12.8614611785541,-241.89638642062448
12.847053918654398,-13.215435210381507,-235.0107282828261
12.28552341433067,-13.791028727313481,-233.25042214078303
11.76915175997206,-14.348055986962917,-233.40189841757075
11.375194590535035,-14.59106375057727,-231.7140600310691
10.374542224354082,-14.97986680225925,-228.8606616404333
9.048160389736639,-15.00768227601332,-221.62582606239638
7.94699877253874,-15.1459123587241,-215.40738519998328
6.82639647704578,-15.524413681152064,-212.9051730710446
5.766245512494421,-15.712486905388548,-212.09033201661526
4.446011832246235,-15.424092894801372,-204.8375868931236
3.3562257431287033,-15.403009641523125,-203.6883574421241
2.05779114763481,-15.3500399742294,-203.49469322579688
0.820007610890618,-15.405240417551218,-205.17323102122154
-0.6655071337684237,-14.339521720415926,-193.23721463741828
-1.182155753021894,-13.838428502817752,-192.93911836996753
-4.06551959324212,-3.024997765200642,7.0162469980047995
-1.7097490268148994,-13.663258615920617,-191.0720789089536
-2.260743201269056,-13.796047016974256,-182.33552470434608
-2.4069295803498623,-13.976851606440645,-176.4739740409992
-2.380371238894074,-14.821432908239643,-173.3550118995317
-2.37594733750974,-15.284552661367888,-168.2044673358215
-2.0721638500925184,-16.36407435386099,-167.47332611250158
-0.6541897401253265,1.6028484974647927,8.44861145940462
0.050120598466894165,-35.464862706173065,-332.53445804149044
0.6690686512948226,-0.5144572575719076,-0.49388453191153747
1.9694049283598112,-11.005897213018507,-119.09241867312036
-2.729947129232693,-17.308745488817426,-154.03557770457726
-3.1304206943567565,-17.051583431631634,-151.23055127033055
3.631352568152217,15.961545096577279,145.96331363384363
-4.381823681487119,-15.640092903751478,-131.33955236343786
-4.910021480960484,-15.227918272458584,-127.30222413987339
-5.593006683521,-14.823425885263857,-122.39845394692931
-5.8825260905690495,-13.761107661990318,-111.57351244333465
-6.421004066254149,-13.207924526537983,-106.3870114591297
1.061431683819859,1.8276019087149273,8.385127435163412
1.5241453466225274,1.398452003534963,8.348066963313785
-7.4026739376274024,-11.286363459666719,-87.2726594772475
1.5062726184691304,1.635687037225995,8.329023953885432
-4.06551959324212,-3.024997765200642,7.0162469980047995
-14.827575045430248,-18.349654183041697,-157.3489196105439
-14.449333831406213,-17.292710808276087,-137.06455842407556
-14.446684741349005,-16.840820760143263,-132.35406093652438
-14.798850626898972,-16.07064460351024,-135.18601623413508
-14.68499399373217,-15.564564659648148,-130.29570396218156
-14.71964921732161,-15.398712463386707,-127.05184132815728
-14.923681168866834,-15.208681515055444,-125.25036509501187
-14.85153628790296,-15.756278489830391,-117.9517844007562
2.0720615058467056,0.8334034853867102,8.317625391256271
2.12615367455235,0.9835974664707405,8.345041445643648
2.1636146336840114,1.0002754502689408,8.26032513036896
2.2029333169766967,1.1410467098777495,8.29367686201636
2.239994460309455,1.1939237464349644,8.248352641440398
2.3191023430140323,0.9116744520616675,8.295898452894216
2.331658166545344,1.1809941718006722,8.226870617141563
2.397643288634901,0.9357954698332756,8.242999557601872
2.4397518780566547,0.8833804041831248,8.210996761348385
2.4481584547816997,0.6695947099122161,8.188373222444046
20.87759216516644,13.572499379027347,107.91990849858948
21.670527551170665,13.994063895824318,109.762421325019
22.327250724751305,14.281899565550903,110.85201856537606
23.011547091877414,14.641459258881826,112.7702071405634
23.069792116493662,14.415677309965476,110.85788795105059
23.218409229400393,14.236827537973342,109.64422957141467
23.477054511948253,14.051708749250228,108.6789635473505
23.651742340933193,13.828729468550492,107.44604605182127
23.81302440996236,13.696311263441903,106.56072689021414
23.81965694454578,13.507936892050873,105.15075100329874
23.53448294179433,13.210947878397166,102.54143940322305
23.22018815715324,12.988786830909083,99.83649048393472
23.469126433053518,13.139143239216317,99.28360476998247
23.45004049069273,13.139385309814974,98.2775293470411
23.51986423204497,13.214584683262034,97.4664685088204
23.62476714854769,13.153428703073756,96.41276244597256
23.72679079607574,13.081735654592222,95.59274815711242
23.830842034555005,13.026728499835643,94.8472294150884
24.027194631927525,12.995608511689115,94.50442422292835
24.043951861921485,12.856173443368334,93.38806744160804
24.26910988645657,12.958550765244151,93.36344593862546
24.213707845396257,12.906932472921266,92.44418213994956
24.35308375510761,13.050484258701523,92.33545809895402
24.5642731899628,13.207021222602288,92.46069807431303
24.897765496541545,13.493992773687316,93.60249253219541
25.27408310085794,13.779175456088671,94.97177348828573
21.77131350812287,13.551467213722743,82.69598957594812
0.9133837810287231,-0.4200709092045035,0.5230163305376105
1.5891136415240907,0.000640413249164291,-1.1980338406110453
22.1490286410686,13.763661525981103,83.98534576592553
22.164274624559248,13.801620852474864,84.05354912215893
22.241620845890264,13.861705369586476,84.31449365275209
22.428384100622026,13.933461136261382,84.6646714962304
-0.9209285310795442,-0.742646205847622,-8.565721901742808
-0.8763321245895174,-0.7522469628769316,-8.551773168925335
1.583872401098835,0.17997516836463334,-1.2086987735688852
27.888664182309444,15.068146876763933,103.76313831268898
-27.327446207628018,-14.916290847523493,-101.60319423132562
-26.555099021381135,-14.347434677061992,-98.46637455409946
-69.24112277602181,-42.58719207921207,-270.4661045814906
-27.119246329391675,-14.31785636620124,-98.69995051690327
-27.0417537268952,-13.95569866311149,-98.08598112298039
-28.752842768303626,-14.466244397204818,-103.89237170110532
-69.54584990391037,-37.60085967662971,-256.32659813720227
-26.829782425943453,-12.82867003190706,-95.93082619363453
-31.39766483132808,-14.498140831238915,-109.98202780337152
-40.45000389708879,-19.718301484526283,-140.92505147083511
-34.92235039456541,-15.477494006570126,-119.7714466210774
-36.53978427172145,-16.065495177094743,-125.79650705808969
-23.064239760610462,-11.28422883193333,-78.18384475908871
-25.439566016099345,-11.682559021633809,-86.83985492377523
-24.76995446852867,-11.05409532406195,-84.40733646689294
-26.1103346321334,-9.615953752443968,-87.53030713419473
-26.91292479886092,-9.926133605942406,-91.00343725951447
-28.119772405344083,-10.416890763054234,-95.2352740007548
-27.24376081769872,-10.102147584712704,-92.39497811456962
-27.23966951653312,-10.066539925979187,-92.3179964958535
-42.236707573014115,-16.91831566492898,-144.9048487018196
-42.30132688911678,-17.22162795080401,-144.58609260334487
-37.563293649946395,-15.614061260572717,-127.02302944547044
-56.32006936901781,-24.30177070945191,-199.02452671168598
-26.315388947280276,-11.872780824702815,-90.09505648869455
-73.31049782438932,-33.384821240126456,-261.1730828275553
-77.16691003355866,-37.86958395298072,-278.82835783226716
-56.67376617898427,-23.58299117095581,-200.54368758955144
-28.841808927782534,-10.742973462053618,-97.28009634484455
-28.689259676849854,-10.809626735040029,-97.0097586095872
-26.24939693484662,-11.66917044597499,-89.58188663935942
27.045572315820223,8.868424878720989,81.97777897016714
27.07408741428365,9.217663858795447,81.07111693411937
-3.255942802274116,-1.499476095630408,-7.91676170175474
-3.0176185184829856,-1.7275777851907226,-7.877132439006039
-3.4051445093532133,-1.081330789835403,-8.01533222840202
-24.246799565228535,-9.319660126176391,-76.77893968564788
-3.2728839876761504,-1.3878114592052264,-7.962025674844668
-3.304946062919319,-1.4692934000315576,-7.948840953961493
-3.034115141696004,-1.705703083643547,-7.870344930970221
-3.3024577219205837,-1.3707943579927582,-7.918562066099117
-3.195814147443358,-1.4441734373238493,-7.873527282860113
21.89999166732058,7.985076150958952,67.92698586754513
-24.34177852958856,-6.607534811469298,-75.07558816850094
21.536166037564453,7.187285050824627,66.58232816989059
-2.943349468509219,0.29918203123915454,-8.278402042815344
-3.4644875922435974,-0.4876282012548066,-8.037469956943449
21.23398382143075,6.109618646469081,65.55750248081151
19.5438794571333,6.295957748917686,60.533297370937305
17.00001352760106,5.529100185937644,53.08598997971624
21.178541515939067,4.820100747947691,63.936691087223636
0.130546116507683,0.20204501113940487,0.6401417471640585
21.097215772208404,4.02121205464514,63.874286047481384
21.081379644925732,3.842887178989182,63.903638859983346
21.157112779298163,3.6519251256543046,64.01036222254712
21.224182126647158,3.462193127023861,64.17508241050994
21.244428910384954,3.354978140436401,64.50227303625961
20.755048577441734,3.447249284858854,63.515358168734195
21.413658173731505,3.1510146671306933,65.1378778225347
21.072580683564667,3.271799407099858,64.95588502578104
21.076209564690757,2.883957376820755,65.07051296446114
21.274606705001233,2.9202655407096363,65.82400300736049
20.939023907161964,2.6806666872864584,65.7229822227605
2.784242941815239,0.9767797533888907,9.052113800433737
20.602697105108213,2.5035593484952496,65.41378944575413
20.429679604403333,2.3570614148706213,65.77104957567994
20.323648067053313,2.192170131884694,65.90524588362595
20.434734267260687,2.047167019901762,65.97589436311719
20.656789938086508,1.8536638649046278,66.84240928541738
-4.06551959324212,-3.024997765200642,7.0162469980047995
-30.89348773595886,-0.07651312769735255,-111.71353490624018
-31.20565603389998,0.7874021233250874,-108.40878171954022
-31.14463698551708,1.2953553344104853,-105.9098259307682
-31.354676916911266,1.8535207285142228,-103.31636924622796
-4.06551959324212,-3.024997765200642,7.0162469980047995
-30.299966923176076,2.5776262419032805,-99.31305765438483
2.9964220839564,0.6349232202728361,8.052852320352207
-4.06551959324212,-3.024997765200642,7.0162469980047995
3.3927920307416057,0.1445368815277546,7.950776911323766
3.4709042023104,0.13384640396998657,7.893335532624697
3.6080005401208997,-0.8019027118522771,7.796337910439346
3.1385674572523294,0.47053025973008916,8.070045116770787
3.607468334526373,0.0919331634770828,7.949123384423198
3.8520702991576576,-0.6995190600152716,7.658951593142843
-117.22300217615226,30.460561745674507,-294.6068517371222
55.78038839689769,-15.284433473275811,137.37716158677512
55.34876003803049,-15.449876787830974,135.98868676182784
55.99800697872172,-15.824639183795247,136.50970618557466
54.715910151504666,-15.476709111725405,133.14446002472957
53.13030433979384,-14.979381365716302,128.64960530102593
159.91440377898073,-44.69051849384069,383.3058350408636
53.86659579956697,-15.137099213361275,129.9466704677158
54.00484405851681,-15.217468575355102,130.2796785427331
54.58506721960224,-15.479529780464201,131.7527091617143
54.068017681919116,-15.416429231289642,130.46694384593084
54.3037078053184,-15.632694953745064,130.96295352191234
54.70558108622868,-15.854370930144345,131.99655214820737
55.77311332234225,-16.289115516170796,134.52550751922985
55.944649266510076,-16.454954373638305,134.7930958297995
55.93217622269592,-16.57072523351047,134.73850477521103
56.175650486375794,-16.736276232068494,135.31742207582664
54.968940996161365,-16.36023873665276,132.25957867665736
54.855381788532746,-16.31310598051862,131.91910446902293
55.321328518015996,-16.461187957860073,133.1031928196812
54.979829475973276,-16.350427113022178,132.2756565490001
54.88994628098229,-16.31433376674756,132.0550782366874
55.3450849652754,-16.46101888881248,133.18675319494284
55.14191927539027,-16.394973018428658,132.6822944612052
54.89779524115737,-16.316645113271864,132.07578723434509
55.43159841968422,-16.4911817576016,133.4786726417069
54.89804406537465,-16.33266929891849,132.2233122128866
54.66786013181358,-16.25824255884364,131.65117456748044
54.86338721208529,-16.321522532069544,132.13747419090558
55.25086806177902,-16.445638353511086,133.14369978080407
54.403441922087744,-16.1709893710369,131.0678417064338
53.96530746670219,-16.02005448380583,130.04414604611404
54.07075859225945,-16.030376892853102,130.3577612580489
53.28386380301277,-15.767212610708741,128.3831834780859
53.47370658622636,-15.8090728932576,128.84029373401677
53.47370658622636,-15.8090728932576,128.84029373401677
53.43346654057637,-15.747891342042161,128.5428411305517
53.328773496499615,-15.6546728762111,128.09982321418997
53.08212536101029,-15.574210392682524,127.52620740080226
53.094678847398214,-15.480147325007872,127.38452893961211
52.92897020341811,-15.318976527684631,126.77987294331285
52.65952310020562,-15.22967900239693,126.13992773831929
52.34305179091803,-15.121854059158121,125.36799143534869
52.2007132835159,-15.07739639903075,125.04461512582886
52.36897144441862,-15.07842416204595,125.4233776400664
73.64561546378546,-21.07572271899406,175.48379778975885
73.65032525214323,-21.07691116259249,175.49472733009227
73.63689590566119,-21.073310995623206,175.46310202472043
52.59643115035367,-15.188827866678213,125.87832363733274
54.7202956764398,-15.823426065780541,130.7118026216508
95.08561675014681,-26.9472919696824,225.73472948555963
51.844877214297426,-14.883145471021454,123.93275059334323
51.83372966622949,-14.87622102231887,123.90583367596217
51.784066237900014,-14.856491538889108,123.78532365073947
52.87664952111673,-16.108417318030327,126.6760906473001
51.64920149531604,-14.769395079238395,123.52969455794263
51.240139269527454,-14.617965966203409,122.55317488120436
51.300273852888616,-14.601036706376433,122.64458839128294
51.20524158764158,-14.537443475283323,122.36922370976559
51.20354356405061,-14.536981366829673,122.36537927370674
51.332182261229065,-14.594930049729829,122.65830822362678
73.5722362466723,-20.806213677383795,174.8945849257914
51.91032056224184,-14.856459595075814,123.91467258349194
52.90998757085496,-15.30318732901854,126.20372991838026
134.71052796019117,-39.04371273441836,318.30191258264057
54.82816405361374,-16.168746659914618,130.60969946130626
55.662045348863735,-16.5318247688618,132.52735124957928
54.86249204723913,-16.355544608797526,130.75176434724182
55.97096401203854,-17.10407712934095,132.8587735606725
54.74636392493978,-16.756392146247254,130.06059728673574
54.872116812077486,-16.95153897680644,130.37394373894912
55.03320225973251,-17.101743745668685,130.8195963903655
55.161781428941616,-17.225101843932904,131.13776202461239
55.188759138944704,-17.303939537711774,131.25667408304352
55.344749229382614,-17.437658494861896,131.71143190413312
65.37463703988266,-20.662868570286772,155.26311985725135
54.695092891451736,-17.471283438660834,130.37600976220648
54.82634731415729,-17.526157352603693,130.6753266864059
54.95275037903126,-17.580015842309287,130.97426961240225
54.95275037903126,-17.580015842309287,130.97426961240225
54.95275037903126,-17.580015842309287,130.97426961240225
54.95275037903126,-17.580015842309287,130.97426961240225
54.950703596401944,-17.579339216279845,130.9692367103942
54.950703596401944,-17.579339216279845,130.9692367103942
54.950703596401944,-17.579339216279845,130.9692367103942
54.74815919626356,-17.525981863630193,130.55320730355308
54.74815919626356,-17.525981863630193,130.55320730355308
54.74815919626356,-17.525981863630193,130.55320730355308
54.75112066084453,-17.526990784864417,130.56050374510977
55.17839182221242,-17.56414369922791,131.49293194957087
55.17839182221242,-17.56414369922791,131.49293194957087
55.14707574471724,-17.569942273189238,131.40862536795146
55.14707574471724,-17.569942273189238,131.40862536795146
55.14707574471724,-17.569942273189238,131.40862536795146
55.28713970863742,-17.62048352231134,131.70464809423115
55.28713970863742,-17.62048352231134,131.70464809423115
55.22709654426345,-17.604712289063226,131.56858836805233
55.16129945567172,-17.584256369820498,131.4410166817814
-1.1090720782679269,-0.8758533324625528,1.6877459722867374
-3.6339883055520064,1.791341025831662,-7.70058307867824
-3.6339883055520064,1.791341025831662,-7.70058307867824
-3.6339883055520064,1.791341025831662,-7.70058307867824
-3.455896987303398,1.9174239744362658,-7.758661458014953
55.28577517261269,-17.519190603903745,131.67164647389652
-1.2337022781304778,-3.0750962178073356,4.997353134223826
65.61501495979446,-20.650506981653585,155.71211845869487
66.15143173049046,-20.80269933519888,156.85662991110428
183.30384059415053,-62.42654196576882,433.98798984488894
55.61846177379187,-17.674244175039547,132.291966527936
55.66492078838495,-17.74230003971562,132.39042453486468
49.68255374253207,-16.9160735996303,119.442743132283
55.58530169029314,-17.934516219978146,132.29326907690475
55.58463987158048,-17.93426727387863,132.29164441452596
55.403724398184025,-18.056402441311644,131.91475809971584
4.049234888365431,-0.702147987379925,7.749031050489877
4.0489406427029815,-0.7002108086677904,7.749595513815029
4.048870723947559,-0.69970337384618,7.7497745172549894
4.048684024720342,-0.6982507301028582,7.750353037248815
4.048684024720342,-0.6982507301028582,7.750353037248815
4.048684024720342,-0.6982507301028582,7.750353037248815
4.048662514810494,-0.698230970451498,7.750264714012583
4.058375882789498,-0.7669637079447904,7.739110954497233
4.004452462634148,-0.7397174782884753,7.560085057353145
4.004452462634148,-0.7397174782884753,7.560085057353145
4.051177309559881,-0.7155903904807882,7.747738022642272
4.01704343171521,-1.0368461460348024,7.549074073843437
4.01704343171521,-1.0368461460348024,7.549074073843437
4.01704343171521,-1.0368461460348024,7.549074073843437
4.01704343171521,-1.0368461460348024,7.549074073843437
4.01704343171521,-1.0368461460348024,7.549074073843437
4.01704343171521,-1.0368461460348024,7.549074073843437
4.049870035832456,-1.077450573408792,7.677817866233423
4.020423810473498,-1.0377522890926294,7.562197843500372
4.009557351516766,-1.0892303943141535,7.543678415067694
4.011073832979361,-1.0773906329634053,7.5435444862324434
4.011073832979361,-1.0773906329634053,7.5435444862324434
4.011073832979361,-1.0773906329634053,7.5435444862324434
4.011037481988768,-1.077472753310739,7.543469337416602
4.011292860522489,-1.076851989626101,7.544149064828464
4.011292860522489,-1.076851989626101,7.544149064828464
3.9939022274317577,-0.6508124939070027,7.580962634018584
3.9726509142708326,-0.575134896538681,7.583786105077734
3.9726509142708326,-0.575134896538681,7.583786105077734
3.9726509142708326,-0.575134896538681,7.583786105077734
2.6791213336798783,-2.057426874019124,7.890295858997313
2.479293291001061,-1.9979009643383618,8.076077417229788
2.479293291001061,-1.9979009643383618,8.076077417229788
2.479293291001061,-1.9979009643383618,8.076077417229788
2.479293291001061,-1.9979009643383618,8.076077417229788
2.438320517975155,-1.9765382496729214,7.9703139432797645
2.4064214883823922,-1.9633824042870354,7.9334607687851895
2.8542889209436457,-2.0920618075752815,7.866576832304066
2.9625903658522317,-2.0949259207991466,7.853882961758727
3.1226613210632395,-2.0756139029175453,7.77439243114322
-70.28361671563604,24.0903380821028,-167.27165626012925
-50.26262738551348,17.27795512025851,-119.88898858580845
-53.12384759654431,18.43898437690075,-126.88983573654839
-56.10803041822344,19.649063929422613,-134.008871289094
-91.23975598159042,32.51903369997993,-217.78410980084178
-129.31047128653833,45.612647349869164,-307.22334692151463
-0.9363809002246196,1.3647032207810001,1.2320959060529655
-100.032104126945,37.76433054278873,-253.05867763966341
-253.6471447582545,95.72193407836664,-661.6532160424965
-448.2830193744319,187.72128020825272,-1252.4246268610834
-412.8262837876265,186.89627043973456,-1243.6388971695228
-382.89780801767387,187.44289381575152,-1245.325102318165
-309.24426602761554,164.75321653670022,-1112.2671273568671
-497.4223766314812,289.57068584685146,-2005.4509797264932
109.12787736605438,-62.59559537405601,469.5601800642469
118.3343209774777,-66.50449947245149,527.3504595639326
-4.06551959324212,-3.024997765200642,7.0162469980047995
-21.86773180235319,15.881717270160834,-111.26322727434878
-0.9063225892359698,1.2777923785875362,1.1636971580686046
0.0048836430526174625,0.6579691422437931,-0.4061573680472261
-0.20239794720903828,1.2187330955662161,-0.6032977180441951
-0.36969486516784644,1.561104713976604,1.1486156406407622
-1.1048353429652817,0.9984199555167597,1.187647852205644
-1.0933984068815867,1.076425600778632,1.1700194058644744
-1.0021000164068974,1.145573940449301,1.1456517670234596
-0.0006122565532275152,0.00043900249074041865,-0.00253422359105396
-0.0006184793022093266,0.0004570135590461468,-0.002773069605362909
-36.68878696254008,40.03777746395299,-285.534805998053
-45.446386773892,54.40747677664373,-376.5655597124192
-51.5200691241111,62.89872647387735,-435.48155230209034
-5.025661208549738,14.500665266461638,-88.59893811061963
-14.866766777050232,16.787257012619598,-108.12863191226302
-15.8456491177914,16.026858405825468,-111.48357299792065
-31.6495816485491,38.76999853884553,-251.47124565698624
-14.931606665295751,17.532270694761092,-106.69863656860971
-16.908256194259593,19.57072503690136,-120.43022800306736
-15.911689665323033,16.431545170432763,-105.65345474671514
-16.054169480303397,18.427771147660074,-109.15021049361526
6.925432604909676,6.543379335584338,1.0809093074080318
-17.37839908748739,16.813669690826927,-113.45252852364956
6.851832244873879,6.620550052685573,1.0809252021627875
7.042119935613522,6.424820416143494,1.0816825799887895
0.9905160615579918,-1.2694538920143712,1.054668984561533
1.4923567866963907,0.4843012164568613,0.6971318843959569
1.2752624993026114,0.4279961055434588,0.6277521962204282
0.9097297400009909,0.20796212896447566,0.5187501581365543
1.464062018535699,-0.41874161277509503,-1.176833134138382
0.8064805814173897,0.21414259804119745,0.48862092025695714
1.4577510987503228,0.2954660941520601,0.672627950364608
0.6828418511188606,0.16447534049360524,0.4412702233404987
1.1856479605377594,0.22314791737641326,0.5873852549595932
0.9775230528294954,0.24747253729385554,0.5284120232296206
2.0560360052161424,0.4159076937313516,0.8010475094143339
1.064381121687799,0.2591978961836891,0.5557792985451094
1.6966827781554876,0.4818280405176233,0.7432883177169498
1.4533008251833872,0.33877130156205065,0.6763869256895816
0.4438290165684502,0.116553476365701,0.34848129695358243
0.365687324677095,0.037073700880635496,0.28553869637679047
1.022251549951593,-1.190840280626998,1.0285599759164226
16.64403332163261,-16.63955313757921,122.734303334911
0.01722401223195511,-0.016263825844716057,0.06699408153506246
7.555729820189245,5.795274320410505,1.0806313656130733
-6.953899007129358,9.805832648847897,-91.89076473084474
0.015035610093287969,-0.013577120468678315,0.058946573370323135
-15.324006931566013,17.400795522028456,-120.75581897110206
-15.526413004882643,18.034843783286693,-124.94875313894558
0.014834473802738567,-0.01379274679809471,0.05950011346794299
0.013979203649277813,-0.01318361458905971,0.05729038464697791
-30.792680311337953,43.061425649121624,-287.49665424687566
15.417029256680188,-21.20394859687026,136.03765509808414
0.9093499127491318,0.14153871105528787,0.515780916072726
15.274495469894914,-20.793474532810283,135.49308345303297
-17.96609111295681,22.247467975425483,-157.04268142973763
15.076769592308839,-20.1623042054304,131.7738682088589
-14.679023368786304,17.542691717182862,-125.40950790804185
4.730923073127235,-1.431064038397377,-13.984395369071226
8.4339331661373,4.415343049532942,1.0771178487676543
8.294538239611974,4.690296724954217,1.0794652854118472
-17.81365958295632,21.796868579956907,-157.09061144747207
-138.3171725304595,240.39036494474988,-1656.3137004643402
-17.995416054478994,35.67200614519165,-303.40772733469964
-1.2194573225555976,2.5640459506273667,-26.820146126104255
-21.845414351070108,34.348464701660134,-261.3427493934968
8.034615528279787,5.108040789894725,1.0799940799007393
8.480666867669498,4.351995901290625,1.0787185761606513
-27.92858674824078,40.68958989338526,-276.91564135801406
1.1119040769927901,0.20018742291006258,0.5798180315827042
0.8619917560498143,-1.3563899972083473,1.0497283042519243
-15.70541795734775,22.1828108807244,-145.49183947555684
-18.405773826361326,20.412077740391602,-138.94516817857402
0.016998958931749828,-0.017743183935530597,0.0698996431106747
-18.80834682810134,25.714881201730687,-178.70163009860445
-23.572680523750513,35.020915423860075,-237.15331973844076
8.430276846046937,4.441148700736985,1.0783006321487154
1.4190726124209283,-0.6369297498364661,-1.2336370572594584
0.6357276704463042,-1.386223519027224,-1.1900669089240674
14.78334550601688,-21.989115396036453,137.64016837665878
14.85127257427464,-21.0377420924184,138.75061692285266
14.099146924230558,-23.135185586233145,139.435564451406
13.665153065677147,-21.680941757193384,136.8408263112896
13.218041519261583,-21.856512450235588,136.07596648219976
12.844955923426221,-24.245568489629807,139.7841300124344
12.017241141027956,-22.061575808105538,133.79850710736963
11.110708266640671,-21.93000768176773,130.94424823236852
10.229812449844353,-24.09663611955353,132.82511177604252
9.25384463621505,-24.235953807992143,131.4321827623557
8.801869099879534,-22.927260513067342,131.23091340802299
8.046958037804991,-22.430169793064636,127.46460395846762
8.103391570183954,-25.59651246701128,137.21287341066167
8.120408714618552,-25.383789395104174,136.0746150755064
8.02646268364133,-22.312082798277274,127.04491663108226
9.046853894572976,-25.39614368349524,139.68089229009595
18.49567557393078,-59.17944928235472,337.5089933301112
10.123729810839727,-22.196777145936974,134.1979224960665
10.845975981767392,-23.894378657660194,138.75096862477918
11.538652362559157,-23.63958712072307,138.8844624128212
1.0010425043645175,-1.1548113957404944,-1.1685602186109014
0.0635628333076628,-1.5330471665264704,-1.1757132159095733
0.067413669451594,0.4438261309775915,-8.594624155652498
0.17371589383042327,1.6861890083438265,-8.46719691451014
1.411200904179497,-0.4179646183669487,-1.1678144129639632
1.3709336415691005,-0.530280833586619,-1.144762151168124
-0.12335620268830802,0.4602136090743706,-8.576718299711246
-4.06551959324212,-3.024997765200642,7.0162469980047995
-16.993550150827403,20.268316227654168,-141.2846546850153
-17.231961659889325,19.48131423551427,-141.32890144606458
-17.069980686794928,18.966764502739085,-139.96677204288423
-17.635370497347097,19.65923300050175,-146.8835899118662
-17.446516061378972,19.693220872460035,-149.27240006447624
-17.15229932892997,19.300881304306486,-149.9196656125058
-16.784271937334214,18.984142941409335,-151.17735075035708
43.535554646573715,-52.49791786990537,428.45225702733796
154.3165207378418,-198.1572308032032,1626.888689811885
101.27533792238633,-123.75052258448551,1031.6380054988979
105.63837376705709,-133.82517957418884,1124.4385312090328
136.76162322137208,-167.3077340783117,1420.0582268973803
128.39552068387553,-163.53525744629178,1382.4659617681355
279905.34594844567,-389181.956163061,3200181.8560310532
-18.900502513189558,21.22767699717683,-181.0315718690154
-97.49987125615141,135.73516102099515,-1077.0261751466633
74.06520366770752,-99.6261289355609,789.5030929952703
38.61805290097582,-53.34772099501169,411.3058867941306
32.87190953641766,-45.26865127594879,348.62644160007574
33.45639493411212,-48.424624090303965,369.6539993651408
14.858706745872746,-20.80906318194055,159.10853041659882
2934493667.5801687,-5313521073.544231,38118054307.61105
435.19958307830956,-784.896706966021,5805.72253125662
21.08438944467128,-35.267355941258,248.64765180611442
39.15106925298784,-72.06220318816902,512.0275714914796
-16.353978850939352,28.99704226087958,-205.4700761995951
12.506668914456228,-22.355938308780004,160.32778283887862
12.336977654607391,-22.503340193542442,161.12215635020888
12.140492880852552,-22.7945534846905,162.0203053143834
11.964442331899381,-23.053482590125423,163.05784205993893
11.989591040875753,-23.532296692226733,165.38073888230375
11.968953170463925,-23.665310027054975,165.51873004713468
12.030031286697323,-23.56821985702475,165.0695704215117
11.988917167501945,-23.284987623650377,164.1927486395578
11.827952546585033,-23.268139127257953,163.99578614196332
11.854203694169422,-23.42813191286376,164.2525356104145
11.736896760669646,-23.302737434584426,161.83251038104277
11.74727899183578,-23.83384244295398,164.44652184100661
11.357377521187052,-24.564099210138814,165.82496619022822
10.900804296860134,-25.16209860973832,166.2882500150314
10.361526872888678,-25.381752055396596,164.22360042142355
9.783869653494856,-27.227719972258623,169.1353620297811
8.690936225387029,-27.285387965575442,166.5334230290857
7.603212750942303,-28.832524077272232,169.19304162088412
6.668988846106525,-31.094823934775437,175.67517780386032
5.423221012670922,-32.969103829320815,182.65814299974545
3.9482204727350667,-34.40411202919177,187.066228544912
1.8901744254849133,-37.42167505419318,202.63176468571606
-0.5283534215215433,-39.09750867729425,211.43461122960835
-2.5977153847791774,-39.13927556517283,212.33932961256485
-4.372779439256301,-38.775255152733365,212.64798435170655
-6.354401792126933,-38.70593867819043,213.98032887351278
-7.909749113683901,-38.80362767149006,215.77168012939575
-9.360070322309388,-39.05323456006738,218.52770130539963
-10.28802407838947,-38.05835013933225,215.21765716049694
-11.387031719809189,-38.67104316601397,219.24977539640912
-12.070860528201685,-38.61275071755724,219.0479235531238
-12.541992240720608,-38.35113824174693,217.62503308008587
-12.92555816099544,-38.26598994621635,216.90077676385175
-13.316288798547625,-38.68895065171218,218.6671318605756
-13.34305945815386,-38.469660580780214,216.7339797380654
-13.440599407315013,-38.63627921617311,216.81803632816894
-13.519495865152967,-38.757113870969775,216.83289026070256
-13.714506526832336,-39.19613419341337,218.7442802943461
-13.701188391896467,-39.27807521382607,218.58338188730056
-13.722758923121559,-39.34565949839059,218.95191747720423
-13.500833690319178,-39.16959428885493,218.9430776056245
-13.292874365920587,-39.058022627144325,218.31067121092858
-13.17555655597635,-39.44296106247885,220.17452359102217
-12.760597641955592,-39.21336931204211,218.39009513091628
-12.481017784100187,-39.7262919901246,219.27164014589033
-11.952240560896918,-39.92753366802983,216.92186932239161
-11.547400062683842,-40.7658033037303,217.5133144284879
-11.088018225654604,-41.53792242584945,217.6902427295841
-10.23462958542189,-42.20738886550768,217.6473042186734
-9.429343366993027,-42.88099395662146,217.93623576349867
-8.712976798005423,-43.821621664845814,219.055915888705
-8.002573568203255,-44.7877947801581,220.27812592034033
-6.185194467597932,-44.32805524011324,211.92064702315804
-14.08443376805377,-129.7510899978882,592.6110745796296
-4.723539851156365,-47.65019447608088,215.82751162389494
-2.9640094310497864,-47.10554328442602,213.26797823669136
-1.0087634796584528,-47.74132652932018,215.5515624049083
1.5918236863801767,-47.22142018629231,210.57688641933538
3.532176340935088,-45.790407889911194,201.55195490327216
5.930977799727531,-48.93440769085347,215.0442429029981
20.69870312756125,-114.77030479155675,505.7332261276458
11.06551210983003,-47.06902504554497,209.5388740097695
13.676498075475376,-45.81127109504675,206.9577205560579
0.8671822856030963,-2.6738955768671593,8.191570377713806
42.204028873235075,-94.97026015582954,445.8083699539074
22.38103854204804,-41.15573843329748,198.8293641768379
47.636718565632314,-74.49527774140806,368.59303927816154
1.849409916389723,-0.5750771057620266,8.347435265833214
2.1594615785996205,-0.7371715115894518,8.270013453583092
2.454883155515033,-1.4058311052121302,8.125956545722818
2.577697604843874,-1.3827685197643216,8.165080805261264
-4.06551959324212,-3.024997765200642,7.0162469980047995
-36.94427785885044,30.627152010569844,-174.33031755744875
2.8205597412667065,-1.1907900438577712,8.057791445992178
2.86919926545284,-1.268155477152522,8.011011866717096
2.906954146952921,-1.1148992305947,7.95265076790951
-41.44739563383369,25.977059904431854,-163.02215593915093
-40.912399267204826,25.119775744049292,-159.67305447349747
-40.67123411230436,24.610835071438874,-158.31440579282275
-40.69787813733402,24.326173280415585,-158.72386584906266
-40.92000853563324,24.448466570931608,-160.59582306304205
2.918118061742242,-0.93703165158686,8.061642608439476
-40.55824790066891,25.4896581935322,-167.08537284502262
-39.24215235863921,25.755788150634146,-165.58785505093823
-37.94975510170132,26.143251203742736,-164.65887013385728
-36.59163399492169,26.509952201100184,-163.9365635214373
-35.04260901122779,26.71968778652089,-162.52529086142167
-34.2844120577791,27.732045121982747,-165.91276979130674
-32.064190417901365,27.1185637941463,-162.42287920258974
-30.98611781244488,27.559113217344812,-165.42353323175192
-30.3765040010552,28.294477581927868,-169.82928197193417
-28.95176953007113,28.51684098824013,-171.7430713541528
-26.710947353191553,28.12955358603736,-170.78788702523366
-23.568520623010677,26.55991191646493,-163.20310602427608
-21.51829724305086,25.912641535024008,-160.200558409957
-20.345474735627473,25.953385528383542,-161.68048219926024
-18.63320654828813,25.54182933768167,-159.3810417346178
-17.497904029685817,25.878479628570343,-161.55207496746527
-16.512981328982953,25.827783010066785,-161.20953516713186
-15.706188865368935,25.954640313328884,-161.8512503009706
-14.805485279426582,26.053385629428593,-162.28919730080227
-14.052218059016317,25.977816509510752,-161.78328614951363
-13.353935978087925,25.92755930325626,-161.48776004391024
-12.51408721486473,25.785555428651165,-160.09721213969308
-11.89937079659771,25.808557440446787,-160.23325430865776
-11.567132578302537,26.01431275105222,-161.41546935194856
-11.154791797648612,26.07430478315299,-161.76923142041977
-10.686812308036629,25.76014237583387,-162.30348313336037
-10.201790896503606,25.089201449355382,-161.23989534771215
-9.79873667479158,24.44029066290119,-161.0063595267488
-9.421101718953105,23.83902339054252,-161.16387213882905
-9.246428687028574,23.564174011720567,-163.0893756677747
-9.199733179345534,23.387264075295075,-163.09645882306702
-9.243669457877331,22.896677799705454,-161.10483529393318
-9.448626820679777,23.10176063134522,-162.981119655911
-9.151435695676387,22.871934866798156,-162.13630237593824
-8.847849358547299,23.070911055917684,-163.78458833217766
-4.06551959324212,-3.024997765200642,7.0162469980047995
-8.601851804657276,22.807161265281334,-162.8430360478718
-8.397492099391185,22.612550325306433,-162.7232823579572
-8.297583758996915,22.49160564197893,-162.3041650227884
-7.80793305964884,22.400949023228538,-161.277618515052
-7.349326410553636,22.36738143963617,-160.63895886202656
-6.88407902519212,22.332061785574872,-160.36519421020404
-6.39161402777279,22.37375647883526,-160.55249225026674
-5.870050026053011,22.365641158887847,-160.18541411732494
-8.585242306255196,28.905702082380007,-205.71173099917124
-8.005716392255927,28.5825609868742,-202.67240659768567
-4.06551959324212,-3.024997765200642,7.0162469980047995
-7.697150776617021,28.60575476046137,-202.69708031479698
-7.231148659112835,27.601659166850123,-199.9478296794605
-7.252863886262966,27.50988522076071,-200.3816861821806
-4.723769190000633,21.43514304635627,-158.32613777850491
-8.42748576237581,27.872278419304752,-205.50203113550677
-8.627533430312523,27.39273664283085,-203.95375840633403
-4.06551959324212,-3.024997765200642,7.0162469980047995
-5.6664822341187895,19.709192856562236,-146.79200179229701
-5.9643172286718595,19.438447509213784,-148.01006412351887
-6.2490038303278075,19.134065935842706,-148.88916402392093
-6.378932309116448,18.859604367658736,-148.2376693468419
-6.493060774390846,18.515782212010755,-148.62792491427737
-6.488060447862746,18.483056480549305,-151.19568926017826
-6.495416772313958,18.039750442723047,-151.49973127946214
-6.38158842179377,17.712356647992763,-151.8745561798235
-6.095360177688948,17.90697452702068,-155.33314141761684
-5.754773935163911,17.681307908548373,-156.40360990384295
-5.411828766248684,17.661426943215965,-157.69019342775482
-5.355643465063923,17.46091618977436,-157.36688491526766
-5.375840444465149,17.415324595227716,-158.2800870799777
-5.2186386382234735,17.990056548134792,-161.27556740562667
-5.3511023869631105,18.21269007557522,-161.0089649453923
-5.56806073374807,18.401349233107194,-159.44521713268716
-5.647023163694396,18.667587910369534,-158.38137388223933
-5.858859609420301,19.053632658991262,-156.82687053043287
-6.017622689030939,19.27498421539549,-154.01378833377854
-6.163611171196896,19.247520682889167,-151.00953065748047
-6.388786182644074,19.072886311067286,-149.8071878406251
-6.361510520119118,19.096177581418807,-149.87702074525242
-5.427118495172529,19.51699653359213,-149.4372199178334
-5.460550099333055,19.1621444321373,-149.2829684151059
-5.010754500300773,19.22136428808529,-153.45724855205177
-4.666121356256269,18.852438180309072,-154.59177004102972
-4.392685477364896,18.77233360390381,-156.79365946144904
-4.090904764649903,19.0691786668452,-160.18212094381624
-3.7875753445237823,18.356258101425908,-157.5502511013398
-3.332270034590482,18.813261042152234,-160.4603569424516
-3.493229565876936,18.56667362377663,-160.22415139600696
-3.29159680072071,19.306320149501616,-162.14628925217448
-3.2389672690524822,19.23560972962231,-161.0113292224799
-3.2515155507300486,19.30794065950603,-161.30182902016296
-3.3633242829889327,19.344425078013394,-160.9554898258118
-3.654717680460787,19.078963181816153,-159.62438378307223
-3.9476352102288663,18.938264242402063,-158.2743316077392
-4.314542607898297,18.888506399968147,-158.36296346645375
-4.470092617124417,18.483169539737624,-157.69056731755174
-4.545237284943804,17.79023548528094,-155.54605785226917
-4.447156228779847,17.34510101200636,-156.0405823956735
-4.300449272614914,17.117426756481244,-158.62630550747625
-4.248098060277165,17.167968256706445,-162.12158440705747
-4.081287902489888,17.101497310718948,-163.03177155959955
-4.085454403506522,16.995655578467886,-162.03015411266938
-4.021750620230679,17.14324379880003,-164.43317224127645
-3.946660462933477,17.18330471390549,-165.44453509415632
-4.01679262664523,17.598766588258236,-166.25651641524976
-4.129302440613611,17.670711354469436,-164.6040051263424
-4.1009550015400436,17.820938912581806,-162.37438944021926
-4.318542041750046,17.84239057188038,-160.9924672687315
-4.322035699724781,18.249193088871692,-162.15376650939155
-4.2923118981364405,18.119311612736766,-160.91933905481304
-4.299599360930093,18.473581864182474,-162.03878482394512
-4.52245985418144,18.79849417731499,-162.76960077075313
-4.662294129951884,18.964109334435275,-161.3200251916255
-4.760900013367358,19.15922835070815,-159.78610005333684
-5.138710601717395,19.3395135788958,-160.22546525001565
-5.296819903733124,19.46609120343138,-160.13992945589047
-5.385038081191426,19.43437005999216,-159.38262331962562
5.37826542968502,-18.90817814601917,153.73262238394796
5.432410690976727,-19.338041246852754,153.61363028131038
5.2911734651464535,-19.61361195991321,154.51528625745846
5.189126963865334,-19.596596980528073,151.92653759018413
5.452969996943686,-19.624264381217163,153.1375022070054
5.537461781986347,-19.563055757671957,151.92805738346746
5.567800002479331,-19.58138164067514,152.06858749022226
5.551803544931657,-20.02717931679063,153.45011864935134
5.594776937725228,-20.02827038039388,152.50322171905447
5.484201254552692,-19.933591616187183,150.2573640745654
5.7365543532691845,-19.610816280610837,149.7345704518137
5.881859061579333,-19.597887414906356,150.2073071248507
6.0073290496581855,-19.39084910062519,149.71483288433663
6.058597171764568,-19.432335980557998,149.96697254613412
6.251903866466442,-19.317095403517474,149.8251308489416
6.09623600389897,-19.36530367309277,149.48610708310906
6.0013973452595435,-19.50186266332562,150.60747246703437
6.044746469240614,-19.5703205927146,151.77303210992906
6.101774975161246,-19.453349452628927,152.20726841653675
6.161588659888956,-19.66249738049991,152.7786014399114
6.2360470886616115,-19.74839033902224,152.83466202549937
6.270283362924447,-20.098738593263107,153.94815051970417
6.3903621697282,-20.220280085889446,153.58118059767676
6.496405069688342,-20.668602383861028,155.40091019962819
-4.06551959324212,-3.024997765200642,7.0162469980047995
6.59930007700001,-20.54592956407369,154.02750919682344
7.124819761246985,-20.917992526772355,155.49327986572277
7.259532986250981,-20.87106643474672,154.13995418885992
7.407443141220053,-20.95731609313687,154.23523568373832
7.568277050323169,-21.01623366264425,154.70361758905517
7.909516859896073,-20.85472897059121,154.3273743656714
8.316564950683594,-20.70691794689648,154.00666675033145
-0.6665907975634479,-0.9933630540416181,0.5859532712938338
-0.6413622766982859,-1.050926698419653,0.5957953252706806
1.5673588853654203,-0.8245070753415608,8.429805914707103
-9.571866145843,20.784523729898925,-160.28107598353756
9.315764168708705,-19.98012077690741,155.24763287320005
9.312112744211374,-19.915189349377716,155.19086500532433
30.837611550078673,-90.04519576410638,707.4510083045236
8.674634013365926,-19.83970722901906,155.7149116232828
8.615539242365324,-19.410076161727698,152.96878280125912
8.532033175854757,-19.773800630335113,154.9051958728464
7.9172516467831535,-19.776173283791998,153.9165525467218
7.754579198344837,-19.676058695663823,153.75833786995858
8.916797618021496,-22.766944198556697,178.34073061977963
7.578705240105171,-19.851322477229616,154.18138040216283
7.538608951468936,-19.362215963572954,151.90326600868983
12.482650766307039,-34.891496475015735,273.9875439615971
7.083562679929887,-20.02315106894052,153.93265107448082
6.89094887166989,-19.718462177319932,152.78144533046677
-7.251009713927068,21.003314866137657,-164.16936188974296
-7.521097945227429,20.59904059531936,-162.65804060127337
-7.108341516792106,21.23010469206673,-163.28232259114813
-6.878923546779653,21.055104023248564,-162.36654811690698
-6.687666274565152,20.97700594352876,-162.24218467476464
-6.32533546121919,20.894128210207736,-164.10649112396092
-5.9885673714154,20.01460452930755,-161.69180218959738
-5.664855414249381,19.306906251722193,-158.48061974259357
-5.099314993998081,19.450634706207243,-161.0235827340509
-5.198085821585602,19.41360103478814,-161.22225325059023
-5.165399169434805,19.687668389142516,-161.68320441669547
-5.542534386211544,19.69095718696089,-161.78094617297097
-5.365208585089164,19.814403759725586,-161.55141769318482
-5.334802423702762,20.191600413577255,-161.6400110261656
-5.442088077425127,20.57932404952848,-161.21203160068092
5.299114472961063,-20.383272923962952,155.3872462747466
5.465178163332564,-20.852570210468734,155.8589445204125
-5.930968591204501,22.25792081479192,-164.6220721115775
7.419918138579041,-30.466893071412752,222.16046516567332
6.201404295100627,-21.931737745704645,158.47380428983695
6.148339804231838,-22.323534145135373,158.46379605342543
6.183845648984034,-22.53112694936799,158.15911015287907
6.230504077144788,-22.827314944159518,158.71070012740836
6.26247098611096,-22.90210418281249,158.9547860114166
6.316708646086801,-23.062333156817775,159.30213061544404
6.36219039582428,-23.361244999556256,160.65828701889563
6.371157616404458,-24.154831904082073,166.3525538759609
6.4065607603827415,-24.137888487559714,167.01311497003633
6.129843599398962,-24.396190134341758,167.45052606150827
10.239292226877147,-58.423579634258225,406.4367195080908
8.190463965940348,-44.584094866596885,308.44445898118414
8.566296610426342,-44.25033338238946,305.20616800524573
6.022887460481344,-25.064751538376118,169.76770932096153
5.761032602022295,-25.641305109585605,170.36179200898644
5.7432875250384,-26.165127366873747,170.65005529602297
-5.822289771682343,27.402556763023536,-173.85150874697376
5.506540907471874,-27.969609642856533,177.36992300937223
-5.814466237472646,28.825831660623187,-176.08058321317935
-6.090796995615026,29.534769439370866,-176.8765410497382
-5.784403236937541,29.75532973929113,-177.28437582276956
-5.595545717106071,30.072504220732373,-178.53364792334835
-5.7369849705832525,29.582757115541288,-178.1770736205437
-5.484819233207391,29.375705208352084,-178.78030251610576
-5.106383819821814,28.753212433978536,-181.24498646037486
4.8461211809281215,-26.771996952639924,176.74919548186855
4.6094800580398925,-25.78604278856602,175.57307059209475
4.479035897212255,-24.270958679562575,171.70561220208378
5.50854790828079,-49.910246226975964,360.1837670383593
4.106082844236488,-21.84787322341604,161.49533441135415
3.7502870530209225,-20.868388507850703,157.67914749641514
4.79538749891664,-124.43162510005683,943.0562697013502
-2.9791030145243638,18.874769060177336,-150.14999222002064
-2.479078737018042,17.913834097980867,-145.57647535404723
-1.9869153452604287,17.606982929003536,-143.83536733941432
-3.0970100118041834,14.974124495464238,-140.97777884784315
-1.1089209677428171,17.63890301475111,-141.234051156734
0.972419913728553,1.3935343902448554,-8.388098801747756
0.7344764715784808,1.7334035812304456,-8.406143263243871
1.1322676445368922,1.0818845374623398,-8.435148829198567
1.1035760247616082,1.278815352945644,-8.497364292646543
1.1100024239593078,1.3022998360661817,-8.405193520720344
1.1162250851606528,1.314266587830637,-8.312370654662697
0.9979484249671172,1.5558329750076678,-8.376084303486447
1.1649684782158658,1.2588634151463745,-8.478012611274181
1.151499519414557,1.323831694996145,-8.374037086972432
29.997575044631642,120.61359382763743,-924.9298833832015
-0.7570141419932295,1.5704501386485266,-8.305255380455835
2.430178313102965,16.419665925560476,-130.7830799295286
-0.524446676752324,1.7945766978899282,-8.46242896628156
-4.06551959324212,-3.024997765200642,7.0162469980047995
-7.838770397673185,-24.08306702032984,178.04801401212904
0.2034929185990208,-0.008164995310758587,8.635854326649412
-8.208562444107088,-24.269929049426626,179.58970475575765
-8.62116015444928,-24.128041180206175,181.22387655017053
0.7533275977732152,-0.7347549851148332,8.493076460503875
0.7169400629533885,-0.6027623909006123,8.544590319157003
0.761472657200672,-0.809392913378996,8.561997888275583
0.7363928473217294,-0.6981300689074308,8.529902275576724
0.7367591389686803,-0.721668433770292,8.520991962533586
0.6715024559160773,-0.5691540246999711,8.569857975017708
0.6656232577014869,-0.5442455820345343,8.560998557572407
0.6593496989821213,-0.5367408565589786,8.55869327061167
0.682208475836113,-0.5866484857573088,8.573141094669277
0.6524666191029136,-0.5423013391844216,8.560438764911739
0.6354107532994586,-0.5422052747083839,8.560977714265276
0.6330515445283811,-0.5586592809515764,8.54460636767301
0.5884913215935855,-0.49913112823037054,8.554913278777372
0.50648558209805,-0.34480029826300257,8.580353739170198
0.5760468695744002,-0.49281338525862395,8.570127516842431
1.1187034943871106,1.1064467090383048,1.156702570848479
0.3243987811918052,1.5290647778124309,1.1626698977293173
0.14635597275331286,-0.009373867246915676,8.615045401694378
-0.8076686316420459,0.12856502914779325,8.651803542656417
0.17607937344454033,1.5498205482583731,1.1636552073200324
0.19247098761456974,1.5478893737562143,1.1626092988616348
0.3962787068509808,1.5142202130312898,1.1638629137124847
0.3482876186594198,1.5237334502392006,1.16397392152006
0.4204483832064859,1.5082953252428741,1.164382739305594
0.5147952203174436,1.4809316006036417,1.16407749001697
0.428056642953466,1.5053797610947908,1.1641912105154801
0.12274113397238859,1.538942507139715,1.1765056430673306
0.18736694069958781,1.5433502751100459,1.1642849015141787
0.3122062322258234,1.5289019148184022,1.1633796835085737
0.6181671595520407,1.4501223706817217,1.165974141042343
0.5147073321899289,1.5226481028500867,1.1679269512486805
0.5617472835793391,1.4468884995914706,1.1482658970012904
0.2528538584668039,1.412545645808426,1.0888066993878145
0.3790155706590105,1.477915917886857,1.189993681875374
0.2593447162607219,0.37375403930402223,-0.3399597846866305
0.09552823326666475,0.17135611260088549,-0.20757386523888877
0.14223985578350765,0.24990384064051735,-0.25933129769127466
0.15004581905842101,0.26150635010679923,-0.26678532620010853
0.17101256983502228,0.29386833670180823,-0.2864772406043896
0.5463447411167484,0.8713406889486277,-0.5372349866671665
0.5672826298221412,0.908844163849376,-0.5499191597753342
0.561473741274763,0.9246874549390774,-0.5530072356172762
0.6182332046966192,0.9564228431335191,-0.5687356504912744
0.5462389512510416,0.8563947846501836,-0.5330960728334602
0.5209738284171707,1.0342245424421375,-0.5829327372307773
0.5200571147861257,1.0401574384427124,-0.5837869879961805
0.48058835303132913,0.866358869191527,-0.525347914857559
-0.3608188456492426,1.5086941356322194,1.1603835411150925
0.3165797190084343,0.9339922385648969,-0.5298382409917555
0.16836085448499347,0.5329946294041322,-0.383470207295189
0.13361208479026512,0.49921412647259195,-0.36808242305396
13.080150738723356,28.96816327920465,-212.3995735929588
65.62743104535649,144.02657170296018,-1026.8323238639255
12.745121957154886,28.347305999162007,-205.26788737741683
84.83311541699901,183.27317914846031,-1301.4576515695296
12.299493640437284,27.792307170848694,-200.55385768038346
99.8433030800162,229.93740784905006,-1615.4624977033689
11.876193390975192,27.251980850205552,-199.02341044728502
11.49499570062164,26.718574556730427,-195.55753426972242
32.394182204445734,75.3784114843287,-542.9366201483774
11.09978992973689,26.6716905037438,-195.5536192374881
41.012144303668,93.35030771278879,-671.83212945984
41.27568838766485,103.86860149650714,-746.8643939796327
10.926372998798273,27.027724898411726,-198.63863271229658
38.49759387462897,95.08543919254532,-696.9774613196072
34.73197022920761,88.19762138762201,-642.4323156610617
7.33973566647146,18.811586229050917,-137.24838357121376
0.13562232999962373,1.3992573734668337,-0.6547983996807951
9.990465223448487,27.84043979988032,-206.02922973184394
0.4991120916751755,1.2161377851329438,-0.6298659546243367
0.21999384304879488,0.9022353575730025,-0.5124650932116049
0.27718679373144667,0.9061666028018389,-0.5134049892886187
8.11883176333068,27.758193046772586,-202.05690956092442
-299.48913869963917,-1098.2185232523445,7680.416327990751
13.250490630743913,54.44633795323818,-380.67408054031597
4.727814777699548,23.875349831635464,-167.02671878823548
0.17337613762167528,1.1739728454336034,-0.5905986379506717
0.4998384768079171,1.3841489773658515,-0.6703267269701114
0.3266470777335795,1.0363669318461293,-0.5528700213521135
0.23901038476308772,1.0410340910824312,-0.5541433778892865
0.1459304212490847,0.7451883154525244,-0.45667050799173453
9.694493423833114,95.37915050251493,-615.0992820375806
-4.06551959324212,-3.024997765200642,7.0162469980047995
0.5621472474998634,0.712782428473608,-0.5008262393150948
0.6379262791126439,0.6866331146429148,-0.5120323470320969
0.6762649342407318,0.7333308960020334,-0.536013841113747
0.6750433685577606,0.736859576226418,-0.5365329996096985
0.5914504124762006,0.8019219021646035,-0.5303362512694503
0.5730842824144247,0.7949966821550655,-0.5240449317916834
0.2758674181518556,0.5333853857771284,-0.4004873672272706
0.5939363865531686,0.716818979870525,-0.5158801938270298
0.559192633553442,0.6606151596950881,-0.49432171352785526
0.5823069109067106,0.6647117889930136,-0.49629925959967347
0.6043758347703668,0.7143714262468743,-0.5190746511338287
0.5667498859762701,0.828289131396717,-0.5409439280615904
1.0034802723876164,1.041421988811003,-0.6578299389678264
1.114454843859145,1.4419166422040408,-0.7431581728689122
0.6260494191408884,0.8944303279533836,-0.561976019240235
-40.437440616907566,90.00268692063949,-711.0407770415535
1.6434910577230954,1.1335527651448962,-0.7929545544673536
1.1566749894150083,0.8587269656063449,-0.6628977165782014
0.7510179877334879,0.6606736332093515,-0.5395613033080643
0.8558437330571165,0.7991317482940005,-0.5893601400171506
8.960066535386693,3.2749136547353888,-1.0847156421095467
6.586091803759054,1.9472701035652884,32.296936350948066
23.08563039687781,-30.573271056429036,259.0680169771131
92.6637065348002,-112.44693104721198,975.6044612762794
26.532864499745077,-33.422407965592626,281.32347591071607
27.006768867858884,-32.75990283323841,275.40583309400057
39.37481651747446,-45.613347361005026,382.0435819800599
28.469088068097502,-30.321277971990735,266.4288318938091
11.934203335620284,-9.894113048561614,93.52152666873792
30.266003365864265,-28.781492729556824,267.6387347730907
51.57211796426233,-45.70175449264171,433.1695735335299
31.83660919829007,-27.176902381379257,262.2621600643368
6.989548788369113,-3.5508991236722816,49.816607239720824
36.25037598272745,-26.364023355504187,274.41503324001826
37.616792181305826,-25.533803610051123,275.5421422411657
57.60361964546254,-35.27054287951118,397.2949163887256
42.18804945053158,-25.743252176030786,293.13634744278335
41.552773206613445,-23.918766966983775,277.9518320658167
-4.06551959324212,-3.024997765200642,7.0162469980047995
41.552773206613445,-23.918766966983775,277.9518320658167
41.552773206613445,-23.918766966983775,277.9518320658167
41.552773206613445,-23.918766966983775,277.9518320658167
41.552773206613445,-23.918766966983775,277.9518320658167
41.552773206613445,-23.918766966983775,277.9518320658167
41.552773206613445,-23.918766966983775,277.9518320658167
41.552773206613445,-23.918766966983775,277.9518320658167
41.552773206613445,-23.918766966983775,277.9518320658167
41.552773206613445,-23.918766966983775,277.9518320658167
41.552773206613445,-23.918766966983775,277.9518320658167
41.552773206613445,-23.918766966983775,277.9518320658167
41.552773206613445,-23.918766966983775,277.9518320658167
41.552773206613445,-23.918766966983775,277.9518320658167
41.552773206613445,-23.918766966983775,277.9518320658167
41.552773206613445,-23.918766966983775,277.9518320658167
41.552773206613445,-23.918766966983775,277.9518320658167
41.552773206613445,-23.918766966983775,277.9518320658167
41.552773206613445,-23.918766966983775,277.9518320658167
41.552773206613445,-23.918766966983775,277.9518320658167
41.552773206613445,-23.918766966983775,277.9518320658167
41.552773206613445,-23.918766966983775,277.9518320658167
41.552773206613445,-23.918766966983775,277.9518320658167
41.552773206613445,-23.918766966983775,277.9518320658167
41.552773206613445,-23.918766966983775,277.9518320658167
41.552773206613445,-23.918766966983775,277.9518320658167
41.552773206613445,-23.918766966983775,277.9518320658167
41.552773206613445,-23.918766966983775,277.9518320658167
41.552773206613445,-23.918766966983775,277.9518320658167
41.552773206613445,-23.918766966983775,277.9518320658167
41.552773206613445,-23.918766966983775,277.9518320658167
41.552773206613445,-23.918766966983775,277.9518320658167
41.552773206613445,-23.918766966983775,277.9518320658167
41.552773206613445,-23.918766966983775,277.9518320658167
41.552773206613445,-23.918766966983775,277.9518320658167
41.552773206613445,-23.918766966983775,277.9518320658167
41.552773206613445,-23.918766966983775,277.9518320658167
41.552773206613445,-23.918766966983775,277.9518320658167
41.552773206613445,-23.918766966983775,277.9518320658167
41.552773206613445,-23.918766966983775,277.9518320658167
41.552773206613445,-23.918766966983775,277.9518320658167
41.552773206613445,-23.918766966983775,277.9518320658167
41.552773206613445,-23.918766966983775,277.9518320658167
41.552773206613445,-23.918766966983775,277.9518320658167
41.552773206613445,-23.918766966983775,277.9518320658167
41.552773206613445,-23.918766966983775,277.9518320658167
41.552773206613445,-23.918766966983775,277.9518320658167
41.552773206613445,-23.918766966983775,277.9518320658167
41.552773206613445,-23.918766966983775,277.9518320658167
41.552773206613445,-23.918766966983775,277.9518320658167
41.552773206613445,-23.918766966983775,277.9518320658167
41.552773206613445,-23.918766966983775,277.9518320658167
41.552773206613445,-23.918766966983775,277.9518320658167
41.552773206613445,-23.918766966983775,277.9518320658167
41.552773206613445,-23.918766966983775,277.9518320658167
41.552773206613445,-23.918766966983775,277.9518320658167
41.552773206613445,-23.918766966983775,277.9518320658167
41.552773206613445,-23.918766966983775,277.9518320658167
41.552773206613445,-23.918766966983775,277.9518320658167
41.552773206613445,-23.918766966983775,277.9518320658167
41.552773206613445,-23.918766966983775,277.9518320658167
41.552773206613445,-23.918766966983775,277.9518320658167
41.552773206613445,-23.918766966983775,277.9518320658167
41.552773206613445,-23.918766966983775,277.9518320658167
41.552773206613445,-23.918766966983775,277.9518320658167
41.552773206613445,-23.918766966983775,277.9518320658167
41.552773206613445,-23.918766966983775,277.9518320658167
41.552773206613445,-23.918766966983775,277.9518320658167
41.552773206613445,-23.918766966983775,277.9518320658167
41.552773206613445,-23.918766966983775,277.9518320658167
41.552773206613445,-23.918766966983775,277.9518320658167
41.552773206613445,-23.918766966983775,277.9518320658167
41.552773206613445,-23.918766966983775,277.9518320658167
41.552773206613445,-23.918766966983775,277.9518320658167
41.552773206613445,-23.918766966983775,277.9518320658167
41.552773206613445,-23.918766966983775,277.9518320658167
41.552773206613445,-23.918766966983775,277.9518320658167
41.552773206613445,-23.918766966983775,277.9518320658167
41.552773206613445,-23.918766966983775,277.9518320658167
41.552773206613445,-23.918766966983775,277.9518320658167
41.552773206613445,-23.918766966983775,277.9518320658167
41.552773206613445,-23.918766966983775,277.9518320658167
41.552773206613445,-23.918766966983775,277.9518320658167
41.552773206613445,-23.918766966983775,277.9518320658167
41.552773206613445,-23.918766966983775,277.9518320658167
41.552773206613445,-23.918766966983775,277.9518320658167
41.552773206613445,-23.918766966983775,277.9518320658167
41.552773206613445,-23.918766966983775,277.9518320658167
41.552773206613445,-23.918766966983775,277.9518320658167
41.552773206613445,-23.918766966983775,277.9518320658167
41.552773206613445,-23.918766966983775,277.9518320658167
41.552773206613445,-23.918766966983775,277.9518320658167
41.552773206613445,-23.918766966983775,277.9518320658167
41.552773206613445,-23.918766966983775,277.9518320658167
41.552773206613445,-23.918766966983775,277.9518320658167
41.552773206613445,-23.918766966983775,277.9518320658167
41.552773206613445,-23.918766966983775,277.9518320658167
41.552773206613445,-23.918766966983775,277.9518320658167
41.552773206613445,-23.918766966983775,277.9518320658167
41.552773206613445,-23.918766966983775,277.9518320658167
41.552773206613445,-23.918766966983775,277.9518320658167
41.552773206613445,-23.918766966983775,277.9518320658167
41.552773206613445,-23.918766966983775,277.9518320658167
41.552773206613445,-23.918766966983775,277.9518320658167
41.552773206613445,-23.918766966983775,277.9518320658167
41.552773206613445,-23.918766966983775,277.9518320658167
41.552773206613445,-23.918766966983775,277.9518320658167
41.552773206613445,-23.918766966983775,277.9518320658167
41.552773206613445,-23.918766966983775,277.9518320658167
41.552773206613445,-23.918766966983775,277.9518320658167
41.552773206613445,-23.918766966983775,277.9518320658167
41.552773206613445,-23.918766966983775,277.9518320658167
41.552773206613445,-23.918766966983775,277.9518320658167
41.552773206613445,-23.918766966983775,277.9518320658167
41.552773206613445,-23.918766966983775,277.9518320658167
41.552773206613445,-23.918766966983775,277.9518320658167
41.552773206613445,-23.918766966983775,277.9518320658167
41.552773206613445,-23.918766966983775,277.9518320658167
41.552773206613445,-23.918766966983775,277.9518320658167
41.552773206613445,-23.918766966983775,277.9518320658167
41.552773206613445,-23.918766966983775,277.9518320658167
41.552773206613445,-23.918766966983775,277.9518320658167
41.552773206613445,-23.918766966983775,277.9518320658167
41.552773206613445,-23.918766966983775,277.9518320658167
