-34.693339290348696,8.559203692708952,-133.93881965330866
18.791480202507586,-5.822299363811514,63.02793402883964
-18.27912305354213,-3.449535778053317,-75.02062099364696
-4.06551959324212,-3.024997765200642,7.0162469980047995
-38.23178488002691,8.674678432170321,-128.25739739203456
-39.918038059665605,9.95619748934201,-130.1760060891646
-41.49625797157637,11.336416741975723,-137.01668692888654
-41.21493605175051,11.93968581220874,-137.20390784023837
-44.17645323828085,14.100213907417343,-152.16485893942624
-44.414572088132296,15.789875316040643,-159.3808097777071
-44.40250826648301,17.29760009915909,-166.49664629656516
-42.462130808516406,18.664507978213653,-169.37970879679847
-40.456907825646546,19.518651454025857,-172.36481780008594
-38.78349998462459,20.04264943692325,-175.0416612812826
-36.490735720253106,20.802478052038822,-177.86045666177026
-4.06551959324212,-3.024997765200642,7.0162469980047995
-33.69491344112913,21.215437232235846,-177.00524884248802
-30.00871604913055,22.06068668777714,-182.03528571063947
-26.69325063886645,21.324127677339106,-176.7687723821987
26.028317005448056,-21.07259621698666,182.95418485270045
21.99814754574424,-18.65404998644505,172.52319549075716
20.05365291073168,-16.205763948718946,169.0188337189017
28.5793817107906,-20.8445141531022,256.70855996729296
18.031916678508473,-12.220850985761679,175.96857383049772
17.67581983678306,-10.79939985155973,182.26815245721625
-4.06551959324212,-3.024997765200642,7.0162469980047995
21.252531548370353,-11.398466711431047,232.07264653083428
19.10263863269652,-8.464963105941239,219.64497247198707
19.282734600977637,-7.947029004830597,220.86428347631033
58.17279849452089,-25.263335384600722,668.3703964590536
60.09661624992721,-27.283887949915428,700.8601753848069
19.27899667684343,-8.833871038758957,225.3081255422769
19.409258818986324,-9.10489054274922,230.17892825018626
19.677929540339086,-9.416690971814518,238.9270214711839
20.247039738713248,-9.53858915121534,250.72063876946734
35223.04245603428,-17538.228018746577,468337.9383530355
-16.52488842842381,7.872962879102099,-214.64857899461273
-15.335550441320015,7.206302550366882,-203.4713703541415
-13.951187303140435,6.857035171378518,-191.3944538708868
-13.239160800716252,6.382429602478128,-186.85906122412828
-13.181369509889555,6.287555592808049,-188.87210218650333
-13.299254424602651,6.1105589871454296,-192.1937464381025
-12.99585031287576,6.010187145771992,-189.78549358928467
-12.660706216929047,6.329837226627474,-187.52969551372755
-12.976936322944443,6.470511274013664,-187.51764940184552
-12.963457169114612,6.498443761695416,-186.77439840745083
-12.875463472905384,6.511134026951154,-185.32653438362266
-12.979271602541544,6.734227420393076,-184.11330194881666
-12.955250530601436,7.050116040496609,-182.51822791773617
-12.723486248306608,7.375432783387696,-180.23067712189444
-12.830833257762079,7.632825060621916,-177.21484374905225
-13.034953296770235,7.787138898134677,-177.5846148912098
-13.120266278231043,7.867931623556467,-176.59436428201585
-13.11812296191232,7.8232643615542825,-175.6379946307419
-13.125849214233858,7.774353743334693,-174.6913107050766
-12.801521411411898,7.523227005007033,-172.54175484999718
87.85008595970203,-51.69821951431951,1184.1312322613187
1073.507226047277,-659.2031783937226,15043.982358838924
-12.76847042146987,7.270650225343399,-172.58030046630634
101.38941711434231,-59.796079366639546,1352.4597952180463
1116.3530831263945,-663.8774139655679,15028.522070832396
28232475099.701855,-16778770825.426563,376277552988.9774
-13.559493739415075,7.652884725214745,-172.36345222369573
-13.884192481947593,8.051031381558083,-172.82670445205937
-14.25188288517505,8.549154335648518,-173.8187601073694
-14.076267833510213,8.985727388787296,-171.6890049707394
47848.00907061069,-32881.172636908996,592766.5810356864
-14.99844909495234,9.776344226699477,-175.3738808845863
-15.947676960039068,9.814423497461743,-179.1573965738871
-15.993307255075283,9.812848558544738,-176.45414476820062
-16.340534882017185,10.157956953651627,-177.79045897813603
-4.06551959324212,-3.024997765200642,7.0162469980047995
-16.352934352462384,10.116609098145013,-177.03080753210233
-16.454345131926996,9.998501955718476,-176.91033432887434
-16.4990015675801,9.926505836625786,-176.51842761271342
-16.52092934194025,9.877150943011156,-175.8717451774989
-16.498813040873,9.970129226348213,-177.1738150945188
-15.600693898036273,10.192328709548685,-176.52929428222447
-15.371945888847971,10.275503144954023,-177.6182591082357
-15.257294138377102,10.077653813993399,-176.4550708469292
-15.06853417858414,10.103074356530493,-177.23815579398516
-14.881869517224343,9.998978682919239,-180.731839568957
-14.421082782424504,9.63834891385418,-180.46385418668922
-14.210699406814248,9.261082212222313,-181.39292093587304
-14.004280348397943,8.81957797425219,-182.60946469273898
-13.96005213290676,8.496594188900897,-185.3718625185328
-13.65264693151224,8.430894017885382,-184.79296182489355
-13.33911930421398,8.435669407365797,-185.29987611456121
-4.06551959324212,-3.024997765200642,7.0162469980047995
-12.951806570941056,8.398833754161323,-185.01046680632484
-12.0147217157872,8.209797830272969,-185.46775602419672
-11.408373718902888,8.275348886613592,-188.8828970660928
-10.611608966998395,8.248110512046988,-189.57735517466634
-9.630155048811138,7.846440922161839,-192.5627296756933
-8.552206277143785,7.385677482395627,-194.99313103320512
-7.260558056317824,7.318544035243416,-204.88561901922196
-5.429905589168936,5.802840703698691,-185.8947515146184
-4.097699786264951,4.8596651038645735,-170.1329121098072
-3.067007605689162,4.256896246444168,-166.54672793760417
-2.4050616441485575,4.0274617311365155,-171.44758151656623
-1.630691071414708,3.794680100081249,-172.2213243489127
-1.0103911684644056,3.7313649567346285,-173.4392433204713
-0.3841473537535672,3.6275391356515643,-174.1117138180439
0.2586660213952198,3.560265126951787,-179.2672003270261
0.9046811823445132,3.1138276164795875,-176.7392319997377
1.6907703161726781,2.437235223256891,-183.876688118047
2.4903601719292023,1.7461797092013829,-186.49229983142337
3.316693274680601,0.7738828529436794,-193.45438445385074
4.080898146406388,-0.046313209595949936,-192.73134967750838
4.670757943955965,-0.7852548863425383,-192.91978255628277
5.220415622481588,-1.5325758139275927,-193.3910651268406
5.482548435909295,-1.871350125852694,-178.98896004602446
5.685758238912746,-2.2251890091429143,-165.60167819945403
6.759180415435596,-3.2173768824672933,-170.43596767317433
6.211235849751661,-3.0310262865933764,-145.55085604466598
-4.06551959324212,-3.024997765200642,7.0162469980047995
-5.170672121937917,1.7157339501529967,119.77404336077441
5.91534689199757,-1.857368798336323,-113.98121481213481
6.081275100658025,-1.8649201292393842,-110.05774997230847
6.32887163725257,-2.2979307901851236,-106.44119369106855
6.576191333746464,-2.7665917416977868,-105.26829586002222
6.783850018740873,-3.330731417416707,-105.26871941190197
6.9261730066097735,-3.950651890160865,-105.33543602037349
7.089003300571217,-4.560894361491286,-107.95804815630356
6.963183814632569,-5.011291473800605,-108.33004747119652
6.922629609703386,-5.4193927313794426,-109.27972400616613
6.879373326048613,-5.8522222325809246,-110.15566196046399
6.904068967842717,-6.277029820043943,-110.3549018942967
6.9790625940699025,-6.635458740794044,-110.81383282967096
7.0425722840637075,-7.046137489399517,-111.15232400471149
7.054257186418638,-7.436835914282836,-111.04465342828286
7.068255117966685,-7.790957718804485,-111.58726567678686
7.144298579111455,-8.045046275863022,-112.99587031274201
7.184802958699588,-8.390064770226157,-114.45082708030137
7.228647231484297,-8.693542243369798,-115.45407820747938
7.172491981846018,-8.722392487342766,-113.32845169856623
7.35153591409986,-8.861078765592591,-112.9720530893156
7.522813544485463,-9.14682159935943,-114.26015899458106
7.623159060480037,-9.29305051378007,-114.07676438556324
7.636940804802539,-9.220072369788499,-112.23701544200662
7.826657839395264,-9.50469218030536,-114.49418311437415
7.675450720705626,-9.60056144151775,-111.96948294690442
7.788389110765627,-9.899913569324012,-112.03797368827276
7.918576309166122,-10.198510165036895,-113.7198147975692
8.009689542502437,-10.372923858734696,-113.99020464694641
8.133366773200104,-10.423892909151443,-114.9830379985238
8.113186413592777,-10.536951597505515,-115.7605078217685
8.059415467269384,-10.6539538002114,-116.5702407914387
7.9851011333299065,-10.677313513116744,-116.31476224818464
8.126647244705733,-11.234874280890208,-119.94238606423656
8.135571388686905,-11.369935245180983,-120.19015432184065
8.265382659779537,-11.698321926634385,-121.25875206607363
8.507865226370292,-12.298084129910778,-123.83199905792566
8.596530803742708,-12.703960702444636,-123.70966098134492
9.437218223665337,-14.319428937719083,-131.87567231674294
9.463434046781492,-14.880726195676429,-130.28170279327134
10.602200008571659,-20.33348649157628,-171.62158956712477
9.921886009891947,-16.72430739195307,-134.76905181745727
-4.06551959324212,-3.024997765200642,7.0162469980047995
10.857725047482209,-20.394852706915422,-157.48222439794446
10.486761399929787,-20.377653669643923,-150.30690201250624
10.922133199845852,-20.635031059247368,-151.25051307458904
11.285479391277878,-20.693090940490855,-152.23380748909528
11.62517641619536,-20.41447402732372,-152.0986254324185
11.96685161758305,-20.18025239810969,-151.66229558424223
12.24465739798422,-19.93158755471454,-150.82117211007397
12.458044309222707,-19.785078363601002,-149.41950774982882
12.770459075619929,-19.718729565705942,-147.94600771176985
13.348685447506924,-20.442104898361933,-150.31958186332787
13.970205977767895,-21.281757862094267,-153.35246392802216
14.24610220600566,-21.978049785936147,-155.55442560383256
14.82412521720182,-23.015251350524522,-161.10726356030185
14.774968027807267,-23.109281049995793,-161.42323964659036
14.434802943564636,-23.036748361638757,-161.05516185606797
14.10024928545915,-22.7728530960145,-159.75648451811233
13.812989713747145,-22.202191781658374,-157.64880022551768
13.525600248680428,-21.60157918342011,-155.3014376981329
13.275212897842403,-21.03914868137531,-152.71570987358464
13.346115665967476,-20.842269045687942,-153.08725359903667
13.102274887542215,-20.15883343861844,-150.19524093742194
13.919531339549799,-24.827175260622163,-180.59225835961132
13.93656502753228,-24.758283606686014,-180.6351096071745
13.887598543500179,-24.482567647346652,-179.417536250763
13.885363772814829,-24.478857771044137,-179.386847923235
14.004275609159384,-24.595205486764026,-179.9827516704459
13.273000678296404,-20.3498102974932,-152.50426903984388
13.338021029865384,-20.488603202902596,-152.74363151617737
13.460327902981915,-20.71184609867702,-153.44108272352793
14.492082179334933,-25.52072249564767,-182.8993018801593
14.537207092588575,-25.619140756373834,-182.86938437461006
14.646753330186996,-25.79353707704232,-183.41973639336504
14.205113585350855,-24.806337943610536,-176.25498175879738
14.35657742871832,-24.91956022335642,-177.0641902615461
14.32725018208935,-24.624754788347413,-175.13269309595435
-14.013172008684622,20.91102787065905,153.4271986332718
-14.009995006195668,23.802576026518942,168.67005600673812
-13.966895020504854,20.43395818173092,149.48492099082148
-14.329361892195937,23.81211025856732,167.33538696214814
-31.62149882243465,51.414392401051394,357.59169114893547
-14.076524082781038,20.42220557605363,147.37925607729355
-9.758531373580457,11.559261492420703,94.04440759649627
-14.232289458476307,20.667871205266135,148.79747378859983
-68.83278954179775,103.89127232326572,733.0272700740958
-14.457987760802633,21.00970817645389,151.3822479321049
-14.609245758370967,21.189396745255042,152.63719043791332
-14.94493035422115,21.61977052740687,156.41991700762853
15.965874912955917,-26.230676362018436,-183.50980180541592
1.4590496602444727,-0.22914299937138063,-8.422771815551947
15.886375867145603,-26.26307046004676,-183.79966646499608
15.87783541641687,-26.247385532380925,-183.69301669021098
15.844919210348232,-26.193910393156155,-183.31440695902126
15.075880573450016,-21.987982232159446,-159.24825234191854
14.920429263211636,-21.88768554847211,-159.07392221880832
14.7008202790321,-22.007652248106723,-159.78931095594862
0.537232088983684,-2.1573750777167566,-8.393962063302952
-15.150343151023362,26.67366923649903,191.44530787113374
-15.307374949214626,27.473048586083966,199.92347669729122
-14.70752353177443,23.796110542995244,181.36544268945175
-13.541561782551923,21.742724874074487,174.85331444149446
-13.312944205093814,24.252238297811473,196.47161711602652
-11.948910562253884,19.19710562665726,164.68138612124642
12.00811965286297,-22.682540275696986,-191.08681650965724
11.204743389144591,-18.359219685353658,-163.94059869466864
10.449937876054182,-17.259081586238562,-157.23457040882454
9.849414893725049,-16.414048576678017,-155.49696205924238
9.097843704004616,-15.17995607605846,-149.86275106467414
8.668630779399972,-14.28548137107144,-145.61583371279258
8.55270446508091,-13.909018847817336,-146.0574269943875
8.648662058719736,-13.888902450496392,-146.66714856525314
9.373987554911874,-19.438417247288516,-188.6417364225622
9.348924980298907,-19.205329948377077,-185.90213629561234
9.141169864200336,-15.193724671025635,-154.16964791671262
9.65410523374609,-19.31514242695172,-187.1985767173735
9.668550597650965,-19.26735427073884,-184.30386661545992
9.432269814197713,-14.994628443806848,-149.7789869603918
9.571429336633285,-14.980597387481708,-148.48986240892415
9.564524476654586,-15.039727451430718,-146.46255816911045
9.499785437230376,-14.745724419483857,-143.06993595208
-8.962264128370839,16.972346702203655,153.20733399873765
-8.891511670099199,16.613085038202975,147.66725223481873
-9.466510117717572,17.38997957716625,151.27673604897964
-9.968141649815603,18.078466077878858,154.0319849938507
-10.444849145190528,18.661109921881145,153.9130934216643
-10.97582493153312,19.326610347053965,154.33551947564038
-11.550430320252001,20.192966566510155,156.3194459307416
-12.852025485377984,19.18994903187958,150.7399743435022
-13.094115093340081,19.675020785545133,151.56859803762174
-13.304567653266016,20.01057794325472,153.4841016268535
-12.652672902667478,21.93658478659311,161.74054103085166
-12.600821571046357,21.61473569767847,159.75771698453664
-13.454184703761644,19.650105376185476,151.32926835036753
-13.491986281971514,19.404882457542094,149.52870799200582
-12.497483280200285,20.604742384825137,150.77490226798514
-12.346088468196458,20.090458834117257,146.16317069509836
-12.357013122513335,19.928720364107065,144.56838518664034
-12.356848140233488,19.723775310412847,142.5501409993589
-12.427881514131064,19.925915649069804,143.4276861565867
-12.272959559887237,19.82631966098861,142.35327243568923
-12.386438171198142,19.970355312199008,144.077339606353
-12.254794546354196,19.814166500890835,143.18795296685522
-12.272827191922056,19.749016044244414,143.1903094229585
-12.466596390594495,19.860988268876593,144.69331696782587
-12.981571000167964,20.309713742001954,148.4959202431516
-12.945953008175154,20.105812782981996,147.28668967462548
-12.67898917853737,19.847154298405716,145.057813207073
13.33003330287875,-17.912613622001867,-138.94200572684002
13.26695565232241,-17.952403312367643,-139.20686117805238
-12.69820984520523,19.988245211059894,146.7800788122739
13.09056058341842,-17.687144904744386,-137.8081803938779
-12.622945681241491,19.974841971855266,146.92588452553755
-12.43200816043212,19.95547846013297,146.95544507655998
-12.276337378453198,19.949592139477474,147.10143717806784
-11.896501236127179,19.21544409768363,143.46454340430031
-11.524878731610494,19.01943308047103,143.45317882048906
0.6813440769683243,0.15336429489599343,-8.548914514858845
0.6148265267179113,0.18791580353612694,-8.523533702366741
0.7093692506890217,0.2148197622757686,-8.504905646355878
0.7911155244869893,0.22912373637178748,-8.455883998566412
0.8784608496713596,0.22664988799024013,-8.467591337505908
0.925351471906505,0.22369284919182425,-8.482593009234654
6.898490454364708,-9.859159680345833,-98.77295724347486
0.21398147115384303,0.32886912326686235,-8.547018255559378
6.448042269667629,-8.825010981735446,-97.6757603656443
6.607274165821903,-12.139375996091657,-123.82783892453219
6.069074751200408,-8.218451458607307,-96.27313786386392
-5.933059401933605,8.176981582494307,96.12958609506873
-5.757253084253284,8.097605153397696,95.21947251234305
-4.06551959324212,-3.024997765200642,7.0162469980047995
-7.1480192429686955,15.398803856314418,182.09053603673297
6.600178367110561,-18.170362022112503,-203.08591344586364
5.530940969859524,-17.850390659284056,-200.260984693391
4.317371657041019,-16.65896080201456,-185.86747325487488
2.912343813470279,-14.93746997225637,-163.2281659680584
1.800799152015025,-12.395085931609778,-134.029431863135
-4.06551959324212,-3.024997765200642,7.0162469980047995
-7.677431416353001,-6.905264518647307,-106.00059845942765
1.8808517131658549,0.6130774329166659,8.368554019918946
1.1621739611168367,1.5034230272875895,8.39555393186348
1.281640196818679,1.4607846712119419,8.46376743248616
1.1496803059662304,1.4815201417823336,8.411476462582861
1.3489731580513225,1.4233328378557224,8.483086834263057
1.56355323042721,1.3170496231175994,8.421867472477874
1.5553451854400282,1.327733212870818,8.45005674989141
1.577111082609512,1.320135450236878,8.394653357289918
1.625681841655719,1.2998468008302795,8.387987204431052
1.7010871745040104,1.2623205919705045,8.383507895986787
1.7624076967309108,1.2134630455695317,8.355175762722471
2.1519030252123774,0.6780124914468717,8.346830479183843
2.1784236697129473,0.6406353750641796,8.342317787126165
2.194448953756172,0.6190108045483584,8.333036148730617
1.8778341009518633,1.1518207871780255,8.373038417479874
1.8450553413535316,1.1586433346388798,8.370161720910863
1.8134226812965675,1.181940557489506,8.378014742169292
1.6482735130487602,1.2035757545331813,8.44107887286702
-4.06551959324212,-3.024997765200642,7.0162469980047995
-16.246910466556358,-3.7880645125536963,-109.81458352963445
-16.159627997565753,-3.6109463436443456,-108.97702206793717
-16.00231076789837,-3.470821517366579,-108.0533337475324
-15.980666522441114,-3.340529813119124,-108.0965349003023
-15.995033893253842,-3.2000871761647622,-108.22549038007189
-15.999352261853735,-3.026484986182425,-108.55508769341372
1.3967428804884885,1.3241665511264344,8.420114674224182
1.6424451593501492,1.2188483732708857,8.387218128789897
1.4984245460526062,1.266314566374758,8.41029612195589
1.9654168029280834,0.8213165404825806,8.423446458076816
2.1425812755181357,0.624140666076693,8.315556922920509
-15.887998996917286,-2.1008932546465817,-109.86901834591905
2.1662001203707537,0.581961674576606,8.343742320276018
-4.06551959324212,-3.024997765200642,7.0162469980047995
-15.417188329524732,-2.4494552535152887,-108.4283121592348
-15.796515983103825,-2.3076681591434727,-110.02470740158036
-16.029578440675756,-1.9667752129458087,-108.91244502096404
2.113460735628446,0.5382325959384633,8.416486897976645
1.2433440558101105,1.3829734665295534,8.459871492935578
2.2619231841600964,0.36601116749303775,8.331751244781186
1.792846495492686,1.0974806176535181,8.374016990727332
-16.73126690312108,-1.9024520081166834,-109.44399373359589
-16.909261011851946,-1.8397576634458472,-109.88010656483088
1.3477917028447333,1.2671616483900223,8.41471603426424
-16.813386428094237,-1.4888613899821737,-109.57275615434801
-4.06551959324212,-3.024997765200642,7.0162469980047995
-17.078247453353637,-1.348756552427647,-110.36978776569698
1.4438691166275681,1.2117605746907407,8.406051424392503
1.4846511875228425,1.1967880159606152,8.424474528622603
-17.8531984366277,-0.802963679445044,-110.92518189731217
2.2171046218158486,0.6294245136749093,8.314533407326167
1.795426064480931,1.0666257890921773,8.363376101786617
1.9751768466092232,0.7778871374116085,8.315527604871244
1.9824819019607045,0.7696926051306952,8.314379494943799
-18.28624651735134,-0.7238966098335485,-111.77980771168895
1.5055309371855736,1.1826786546875165,8.419352222264038
-18.469733424234043,-0.563615106609651,-111.1983902410989
-18.708241025750375,-0.5550457611716951,-111.12282167657952
-19.221418322872818,-0.5662595712040603,-112.2110851594762
-19.56459242060877,-0.8658091672651821,-111.72403797004958
-19.926574119929928,-0.9950404804550322,-112.58040295847742
-19.930061103695923,-1.0612028800883324,-112.18158462225638
-20.06755225211473,-0.9716286295797029,-111.56554481007781
-20.23006318290834,-0.8993612621868959,-112.0434313336738
1.52305639068605,1.2011856007632415,8.40183028871072
-20.71019409398967,-0.5622862148805936,-112.59712661903458
-20.924090934804973,-0.4416106888953696,-112.71058651362222
-21.195723951976955,-0.3560734274763031,-112.71398933075882
-21.36479981440836,-0.2660040936976048,-112.09689788193388
-21.816280615163766,-0.14476323960376047,-113.8309581693752
1.635828638144092,1.1575948336601183,8.416254535890836
-21.87279937658592,-0.13974830453677214,-113.8207969284888
-21.89407890361305,-0.14172005929391127,-114.1052935385985
1.632714107134618,1.1560644724321583,8.370040647397136
-21.892743127384552,0.01367362049930651,-114.1493564778774
1.5181136454687558,1.1523490014774525,8.428297846676813
-21.982203129636456,0.29359671578172064,-114.45023723984052
-22.04863665969181,0.3891964312383651,-114.76850341935224
-21.912241896139562,0.47900760333037545,-114.01024673564355
-21.828337487495187,0.4825503863066381,-113.61519206886403
-21.85497607348909,0.43120003802339496,-113.7408983466161
-22.106497643102248,0.3727492475136577,-114.58379853633204
-22.073285544275876,0.40161047444805814,-114.47864574730532
-22.031453696863405,0.4880583285027803,-114.73533640195018
-21.932833363477375,0.6645966005787612,-114.22420034906581
-22.21636574958661,0.6686045353247905,-114.35866611455353
1.5051026886929244,1.1208009032263528,8.42417813059505
-22.59156850725914,0.7125887466559208,-114.61743418419906
-23.138264104522403,0.7853547552732688,-115.68954259952412
-23.335565036999256,0.9324419929359472,-116.15775118462622
-23.40411594411541,1.034439759497309,-115.74644174704096
-23.527989090876243,1.1235641730828543,-115.69037135437564
-23.730121067450266,1.124504251329381,-116.27556617025148
-23.88709223057569,0.9838801585438276,-116.62310644457865
-24.093221947127862,0.870625013542221,-117.23055869136395
-24.32176399656184,0.6906517673206716,-117.77964742946568
-24.49267109902988,0.6465045333830867,-118.17386793587069
-24.683367650629144,0.6440489639506628,-119.06185120611615
-24.793510364982662,0.5118328309149205,-119.82538444040914
-24.619671681583892,0.5643286787603632,-119.27044611772914
-24.68271694545404,0.5356991006678085,-119.79560459068752
-24.628767936731798,0.4781685438756094,-119.59419600057856
-24.552299257605657,0.3913956551974825,-119.55416952147841
-24.440591698575147,0.3915788685496069,-119.12196204428139
-24.39869088023153,0.4775528591568,-118.50971127968566
-24.497294200150243,0.6253918748002046,-118.73528311955656
-24.407220156601483,0.6843834160361685,-118.11971812167657
-24.934017905313436,0.9308999494301231,-119.72931712346008
-24.910116102486363,1.0643973583942365,-118.95314331446973
-25.525989917240736,1.0398605500865752,-120.72515540601535
-25.65811939025019,1.0069806049224594,-120.26594363659906
-25.920794177980888,0.9804197062891686,-120.51167974181884
-26.29055101264321,0.9119446690128242,-120.94336722236734
-26.48172084421949,0.9330141022183926,-120.82579619732908
-26.672303119394257,1.001558520821073,-121.10674192825181
-26.657205121673005,1.0615748393598918,-120.47298823476943
-26.63422743833296,1.0615736721835034,-120.34110586451098
-26.64082913588357,1.088158648763909,-120.86188238935881
-26.7058962663739,1.0836311334634956,-121.4629091364848
-26.749612313877133,1.0840269839641827,-121.99632875609741
-26.582171280362832,1.0979987108227016,-121.84525062604325
-26.408716135053364,1.1129242441099079,-121.66596164543355
-26.322515854893883,1.1586656685748773,-121.72425393815627
-26.304513778879848,1.1983272428835632,-121.5344132547078
-26.230757335821213,1.2028760745501148,-121.4346168151384
-26.221593525849475,1.2146943921735005,-121.63946027632066
-26.213163239553563,1.2564299206660994,-121.59542564911011
-26.120659056272604,1.2965398952315985,-121.18093659869746
-26.173001480227356,1.3727651592046108,-121.36966530674225
-26.126647876884586,1.4051609147732445,-121.16785818608523
-26.167251752816707,1.5133982687297742,-121.36560246714004
-26.20214389229237,1.5678106048869056,-121.41009924411398
-26.069091636644107,1.6446273465955814,-120.7661506061623
-25.874961079471397,1.689867068782595,-119.93306711293229
-26.123620015290967,1.72761120472855,-120.80978575226847
-26.07946142532896,1.733074671383725,-120.50788870302047
-25.956353345224255,1.7374406421812925,-119.74405167380544
-26.028259026331604,1.7206013089639605,-119.96571850655381
-26.340193706307076,1.6231130677129983,-121.43241063736762
-26.483885288219554,1.363682770799383,-122.05049661272749
-26.623062769675467,0.6539762492026792,-122.54528518172076
-26.9708381807738,0.2130221628911719,-123.72145897234017
-27.01028401391993,0.13603939712821841,-123.7398971257383
-27.303748108827488,0.6052586443441028,-125.5824808745183
-26.360912742341778,0.6759404043240987,-122.31242848005343
-26.467086492154376,0.6759358369502295,-123.35957275339
-26.49490344447651,0.6644968417780274,-123.23302384629115
-26.568118527069036,0.6537632379850766,-123.27154073968114
-26.630433736494187,0.6769400219211512,-124.10607597994564
-26.309485574625754,0.685473478198446,-123.45365279858332
-26.387079010081635,0.6484003095934726,-124.29254170573806
-26.496478601465945,0.5024558068671386,-124.59530560515687
-25.77352394384665,0.7728981141598283,-121.64626728768448
2.4803222429069374,0.6478616982557569,8.224708262765196
2.3790119969576673,0.7652372001471157,8.274965704300405
1.942854333975403,1.0520890368713525,8.34005485933849
2.0075955692189633,1.037151667047364,8.324393840396771
2.1318344918442396,0.9833462174972434,8.27916019531258
2.3245349218924694,0.8362911145337424,8.241355007705705
2.4323715152581564,0.7243441116973105,8.217031872403188
2.7081796106325546,0.0015393005752991707,8.16319454377486
2.648257081634961,-0.48676947313486735,8.188817235589402
-24.931567676375636,0.9090627078077811,-111.9954640476994
-24.658499110546124,1.2279644184821106,-108.3042453971544
-0.8205861000966874,0.3538137863876875,-0.4807770351251997
-0.9256035025129148,0.658527880042664,-0.5584111274539713
-0.7063899092194791,0.663535782309138,-0.5087640351055566
-0.7021370431252412,0.7907822542046135,-0.5339573494742319
-0.7883101665422151,1.4294501443527419,1.171381227403196
-0.6916602379502412,1.491500897371276,1.1636599435703423
-0.6010077687144015,1.5427363328143966,1.161662336791732
-0.5812983987383327,1.5479203029289434,1.170826317509333
-0.6085073324338438,1.5290632304872342,1.1711814394927273
-0.6684025443851216,1.499025122346921,1.1751184093887164
-4.06551959324212,-3.024997765200642,7.0162469980047995
3.0018428986959704,0.6293594930145021,8.07924399547545
3.5001769936953275,0.2716447763397683,7.829821036922031
-44.08056868045273,9.761472139477654,-114.1351844802577
3.0445961019390797,0.473756305036599,8.029794900607394
2.800230140156937,0.47000575899573926,8.168598065007409
2.7596626015791643,0.43089506995889454,8.136838687142014
3.079911925575268,0.3064137896262812,8.04340254287119
-44.76462227253478,13.957254871759986,-122.3022088293366
-43.42107001294612,14.459942629929344,-121.14775353241401
-49.983888446198875,15.10874613136048,-140.2122384967453
-4.06551959324212,-3.024997765200642,7.0162469980047995
-51.483122309788,16.143422819230736,-149.29547097584532
-50.69101549048528,16.38996794946055,-155.58570408504528
-49.566157695747364,16.300917859783212,-157.29873220665817
-49.734679927271905,16.69323121512643,-162.7751761850151
-49.96618587395249,17.019443147751506,-167.07836054427145
-50.1343301296321,17.463494995760282,-171.02030603137413
-4.06551959324212,-3.024997765200642,7.0162469980047995
-50.45269416296432,17.93555703316046,-174.74017620050483
-50.111331371095396,18.73128678054956,-177.98472556350436
-38.118867174463624,16.1493298377923,-139.15819695680554
-38.102035718178826,16.280692028450975,-139.66211365615374
-51.23783871270314,19.769133779702337,-184.93960793572464
4666.071812669757,-1989.6338336337271,17694.663790641494
-37.6536563976992,16.05299653901738,-141.66617290501318
-37.689925392770036,15.958841822490808,-142.53875774477058
-37.19488825602909,15.817514772834976,-141.4472630631099
-37.224243228040166,15.539960658463768,-142.8664032703767
-37.093704640871685,15.299280981646762,-143.06565668139777
-37.98601191401269,15.473329774353457,-147.17459698784972
-37.84310870983762,15.34629629803387,-147.2740143618555
-37.4882691298838,15.276023161423781,-146.92037511127558
-37.45231745263944,15.368754388459768,-147.69091689986445
-48.56749844453671,18.34282773340601,-187.72359669961583
36.8837994875209,-15.682828081393588,146.87743755087027
37.47656312858324,-16.053103357903815,149.37985298049756
37.41169206062061,-16.182454840558904,149.94285260314342
37.4150478472238,-16.188767066755652,150.02581701449836
37.132431381822464,-15.969588037925027,148.91069109040427
37.18783430900384,-15.903085206289662,149.11784327860147
36.944558510787296,-15.82450681060447,148.14225799450534
37.654667021592786,-16.267795047455817,150.52301809222357
38.59496135841572,-16.918161829272933,153.76265530168936
39.45862590691087,-17.372499706032727,156.09964072003345
-39.154860618520054,17.28820400914865,-153.78242271642605
-39.55687184093811,17.484240696972556,-153.3110155010116
-40.03165299370949,17.812058700066334,-153.4404969794154
-40.544876970415686,18.286495064185864,-153.87098647383374
-40.40974973281979,18.446707670279913,-151.5475033903369
-40.90842233878739,18.930183691328633,-152.21125587315967
-41.7001131100393,19.351421845022944,-154.6538254051677
-42.066630195155604,19.510134323636688,-155.9590841751121
-41.56044226686011,19.08395279806342,-153.94829090105884
-46.61752042990158,18.761949389770486,-166.8877087696191
-46.505718160879304,18.35781332334984,-165.985236192683
-47.39468853004258,18.547538408138703,-169.09525217326228
-36.40529338612691,15.719802577659447,-132.75147572206708
-36.33819602558753,15.65617695339432,-132.52004929059765
-36.100374602496366,15.518576188628254,-131.6891266408774
-36.100374602496366,15.518576188628254,-131.6891266408774
-36.48574112380005,15.721832175331327,-133.05868228727545
-37.26750128200624,16.161551083888007,-135.7980514354645
-47.93383032986945,18.88875272175746,-171.06175670904622
-48.0074080925047,19.061407853661148,-171.44827517529276
-47.57614458161395,18.978464292780536,-170.14178540886184
-46.67805303687295,18.675521849200422,-167.37864901528556
-46.31138734728122,18.560781678942327,-166.44336097423485
-45.4171415566634,18.200452861316187,-163.57804905203523
-45.33321775704361,18.067006761731797,-163.65377302556195
-43.63470881790397,17.323145420647958,-157.84222728861582
-44.310906282844456,17.545369279249687,-160.8037017604745
-44.930573697341025,17.843819851621237,-163.42838553992632
-44.05334053590373,17.472165814334108,-160.37443094646378
-187.7588552884845,80.55066282951141,-704.0260300356864
-42.55586280633631,16.917250395783466,-155.4288073022855
-42.69585298381036,17.10671947162707,-156.37550371043577
-42.77183411718182,17.23079909480045,-156.67939973626903
-43.49904912054501,17.553238424141615,-159.21791261200465
-44.08278160767641,17.799038990987103,-161.1557609901871
-44.224671351805874,17.815428930968345,-161.63224362887317
-45.100187584317204,18.12027468303631,-164.57383818033816
-46.59377847045603,18.59140055646439,-169.58320797021375
-36.804620235109674,16.164927304671206,-136.33264681033373
-36.60314645280481,15.97386905642988,-135.4336144456823
-35.97350460854461,15.636383649547364,-133.15794701075777
-36.199725951862796,15.615894831602136,-133.83694145122803
-36.00304279994398,15.284496441699662,-132.7707495079687
-36.807624115750166,15.46655107078639,-135.51562836989265
-36.40062389845964,14.930745558891767,-133.71523523109877
-35.54722004698334,14.371015251829522,-130.45348196716918
-35.42676909585255,14.202929682896045,-129.95708989235865
-4.06551959324212,-3.024997765200642,7.0162469980047995
-57.04471144848785,21.715527021681865,-213.10231665328055
-57.304680779114975,21.78117343007556,-213.71334485436228
-57.304680779114975,21.78117343007556,-213.71334485436228
-57.30472905202767,21.78117308982342,-213.71364612140167
-57.680915727422274,21.811388089910345,-214.13731076260265
-58.65875600877267,22.129204593713165,-215.82192532579924
-60.022312970837326,22.62007155330019,-219.32850964908442
-61.80368240811162,23.75253598404,-223.96249074648748
-63.135739565794076,24.514814465853174,-225.9970318200325
-64.8851466737319,25.691673928346333,-230.20193512341515
2.93796909431887,-1.4428495328801125,7.991791025035379
2.965746604442355,-1.3996449122957941,7.9828984693125165
-63.87995284873699,25.431790232113666,-226.4317307903277
-63.623715191238404,24.98159580511333,-226.6487467405485
-61.4544017128005,23.71342193340721,-220.13715190602568
-60.1279763234368,22.776248117510434,-217.31000820109068
-57.72531881519071,21.491794024748774,-210.1059012326979
-55.951483227883024,20.474054046689407,-205.26429048151186
-56.14809106204093,20.732318070443622,-207.61530007974443
-54.32784200049626,20.91366311091737,-202.43896330835014
-56.289336275819444,21.927043636186173,-211.95832381609856
-56.61212545026261,22.82330940267432,-215.5418767970923
-57.90790873730836,24.071340236099047,-222.46182432431834
-59.0836299931984,25.218884284075855,-229.2515991949459
-57.7103790358447,25.30998500709445,-227.67461726727015
-56.44400420375848,25.10364238858682,-225.56160875028917
-54.72309431007282,24.323133682990168,-220.92801486395956
-51.96298411595523,22.876306958281347,-213.17689198737315
-4.06551959324212,-3.024997765200642,7.0162469980047995
-49.12856619597671,21.33950210974461,-202.8743524562394
-50.04080431912881,21.239066439429095,-208.60383370634895
-49.68007674796412,21.07269597035135,-206.84987859721687
-51.550893099938584,21.905634220965535,-214.25974438811983
-51.55596291759056,21.908053565017887,-214.28042423829328
-52.22246844165259,22.07848471982139,-216.3085570778705
-53.01060090100855,22.350634607807134,-219.16402438917342
-54.093204832518644,22.942601433785534,-223.6636092705803
-53.74792579233759,23.04016323590101,-222.41606615321223
-52.38534304554397,22.6167865415145,-215.58654823321268
-52.38002139927634,22.61414048588541,-215.56305081015373
-53.683891507700004,23.017425958555478,-220.20643254478114
-53.70075555640496,22.860095205086076,-219.89968659867523
-54.141447961777516,22.99202021079572,-221.51546249442333
-53.629637633499065,22.647187228770072,-219.31879174806605
-53.389025677692096,22.488444289772463,-218.1899751249508
-53.84508426041977,22.57055598659178,-219.30823048851653
-54.86773286610257,23.05991109505441,-221.18166941191564
-54.77929309702366,23.267203055367354,-219.16242940807481
-54.3670930906767,23.76500699372899,-215.43146763833994
-55.42467357662214,25.098592174030845,-217.91814934274274
-55.0029111275514,25.979137118175167,-215.47819209150424
-54.33595905131189,26.520076183728218,-212.14260711175316
-53.929509882326485,27.233008994265816,-211.82303167528113
-53.500019738828975,27.687419156110554,-211.1097726661454
-53.885594078507445,28.569506359223514,-214.9905151183385
-53.036077378284084,28.619835146779565,-214.5772738476469
-50.61438358609603,27.746686040988873,-209.2243130212742
-47.92103744266863,26.625373041012608,-202.49021236918875
-37.26194478116894,20.96126272369964,-160.97494658338715
-65.43716028005316,34.89492627981797,-279.123583446725
-4.06551959324212,-3.024997765200642,7.0162469980047995
-37.624723978506914,21.452809769560723,-167.86030873909212
-42.74622675469946,22.03085664320901,-189.935001745655
-36.701648700598405,18.594182841401405,-165.02400419737768
-4.06551959324212,-3.024997765200642,7.0162469980047995
-33.478293210422024,18.732190040705024,-162.92392708077261
-28.96377611738335,17.057056093176104,-146.13845567358615
-0.6691829957119135,1.2539842303167565,-0.6482130387100232
-27.56312861739474,17.502413340831705,-142.80768911502025
-272.4202316324555,165.35043139301814,-1421.2044799353396
0.015883738723809736,-0.01029123790330022,0.05722191939959912
-43.63386409062525,29.274277368812328,-234.56440768948949
-29.931752336156702,19.17559719731043,-157.71342055279257
-29.253405962043747,18.68777015155908,-154.70017519845433
-29.460491372960657,18.670297442895006,-155.84940687038906
-4.06551959324212,-3.024997765200642,7.0162469980047995
-29.746352726617605,18.69539633065529,-157.46398707725345
-29.798749150280642,18.63746498962781,-157.83806179022005
-29.805479780555903,18.596815490870995,-157.83957744881454
-35.611354761725636,22.59404384336068,-190.3152225737641
-29.776042317617556,18.51571183666229,-158.0655321226834
-29.69229424303773,18.45649128108824,-158.04567448396995
-29.83463950741354,18.478480605524773,-158.5202965942948
-30.082905575917678,18.5682687306844,-159.52723368330848
-30.09448702560244,18.578353872778777,-159.50243375805735
-30.110576269256377,18.592472189063308,-159.51336334938634
-30.16553709283607,18.571185511747313,-159.7836345709241
-30.223621126498564,18.55668870899995,-160.10643175449397
-30.472304524128848,18.2728331519821,-159.85865185408537
-30.630862363064967,17.956185124926385,-159.32380906737515
-31.26131681563819,17.65975145098532,-160.6051182953732
-27.12486616367871,16.443907102866664,-141.05950388234655
-27.418512255702133,16.00247188379207,-141.0109026483411
-27.739917551689963,15.582065901113394,-141.10405223770508
-27.364409410138173,14.957486702038697,-138.1506367918148
-27.96336791530383,15.038053112143551,-139.6802481064738
-90.69111518035568,47.92735726026972,-468.23130098252244
0.9045345245806156,0.6045150903152489,0.5649225895111407
-29.06229620259148,15.868822142867264,-143.03787942222982
-29.27799529072286,16.272266525937578,-143.56772840282557
-29.63041259934246,16.63172295957253,-144.3702694040517
-29.77470434720481,16.883181624694977,-144.5097073209515
-29.750280369986896,17.045172394836538,-143.8916266727507
-29.97636749156011,17.175341254575667,-144.33864351875408
-29.990130645878615,17.213752124984,-143.81432382683266
-30.067666365297708,17.097768317691763,-143.54109363297434
-30.075299216054386,16.94209776384377,-142.97859953781702
-29.918026982983783,16.594991954749386,-142.0649252980306
-30.086120801165716,16.515378964409013,-142.65790921992541
-4.06551959324212,-3.024997765200642,7.0162469980047995
-30.148233672131923,16.32978079980707,-142.47586568191744
-29.476447550659067,15.586057600506654,-139.7697407090019
-29.460980071920176,15.45334782591596,-139.90195653733403
-28.84255178192944,15.1265489694716,-137.5945517564697
-28.039299793322677,14.78245915207696,-135.05825894836428
-27.478453082541055,14.620697149372598,-132.91504583093655
-0.6847653785403398,0.5429426430939881,-0.4770789778959584
-0.3867003008780202,0.696922630505405,-0.462508173890525
-0.43739264028843794,1.5566924195815535,1.1500488186725675
1.585189237488996,0.21303284373971085,-1.1770622284101169
1.5607946155936054,-0.20751208770821994,-1.1846540366625078
1.5490531619501484,0.32298114675609246,-1.1735582691770183
1.5755832985459222,0.27060753620972905,-1.1750977002946825
1.5621385265859757,0.22507241251330065,-1.1743178400854104
1.579798349311401,0.10995568872733374,-1.174861272176578
1.5740234730961262,0.06361763852714379,-1.15981452509007
1.5731893030706625,0.15134290830886757,-1.158513751868911
1.5670341133679293,-0.25405775793618457,-1.177283710109158
-24.987834315636828,13.091340250335668,-123.48390867316321
1.5698363136811202,-0.2083725450882628,-1.1762197731122364
1.5636476574066571,-0.2330280016496423,-1.1862549693680193
0.5785237475483758,0.46277008854277707,0.4466803004779626
1.5840073988381043,0.1512776637381097,-1.1793288548284433
1.383989347975398,0.8345991401872135,-1.1564062049566852
1.5862631577480129,-0.11062572363653274,-1.1862565857408078
1.5019901093344787,0.5475611606635528,-1.1624671406458151
1.5916980079961967,0.016006598862592022,-1.1841030571193762
1.5389686635947166,0.36918488873868593,-1.1727992445486417
0.4718361035169744,0.32573010074081793,0.38951873359663863
-0.7246980412966735,1.4362761886132582,1.155721661649803
-0.5415248328279857,0.6012091174115057,-0.46715128300101416
0.02234463710984127,0.42629423771127417,-0.3206344054974146
-0.45207059026017804,0.6767818650032954,-0.47029391686505206
-0.45069193033025207,0.6802950703406885,-0.4705750506676752
-25.545754644298214,12.020947984593207,-123.36047047022694
-0.6947067665245744,1.0633944496334362,-0.607575984982111
1.5476091218889263,0.42803169137098124,-1.1551090892314717
1.526814393815645,0.42605093391019294,-1.1679643707632241
-0.09955743468980507,0.13045836933529892,-0.17291789558362033
1.557565073443404,0.3443306589575292,-1.158239983743266
1.5538380260042355,0.3231973359823282,-1.1587568151560275
1.5453385819963184,0.37748051942636635,-1.1582033798401201
-0.30981772172089156,0.9102398301076121,-0.5213150875422587
-0.5798584686737007,1.5089396859573372,1.1541581964832457
-0.5661319654969351,1.5112833068182487,1.1523458295202829
-0.5514935315198692,1.5259688146852086,1.156763612408737
1.552870753029805,0.3212550808892289,-1.1708471316253999
1.5529020118512713,0.3211299117101463,-1.1708404143727715
1.5852696226992786,-0.11725897618197582,-1.1737001304865786
1.5577492591662825,0.3181152430939314,-1.1615580444577782
1.5664231370830508,0.2571921185314933,-1.170572220861598
1.745611774444884,0.2913805611868201,-1.2615807945870907
1.5745794397704145,0.1392159927039676,-1.1762249471483954
-0.22228102704295097,1.1524221469986882,-0.5775694271939854
-0.12065469414465692,0.15746032652266329,-0.19441815159227893
1.5771904026622048,0.2587782949600878,-1.162470107594288
1.5716562530744196,0.14924903950963914,-1.1772249942498998
1.514662548176417,0.4843267177507332,-1.1526595059572384
-0.1894549834008837,0.5093845119130269,-0.3738491269272934
-0.35343354663181925,0.5287458198485452,-0.4051084907839019
-0.3545802956135278,0.5064770580716741,-0.39915250232166843
-0.1704918970778567,0.6155166084060929,-0.4126092128449995
-0.800130653481162,1.3979631196452047,1.171688624688022
-0.5486003124773723,1.5198530834898751,1.1513850335331612
-0.11309424719824526,0.15184499987453376,-0.18933980314697135
-0.006626835611126307,0.0046977011930038805,-0.020866727986515073
-0.14745909303415386,0.21710617905467097,-0.23162498287017327
-0.11000465023761088,0.14450121355143875,-0.1844416948397065
-0.17840254902748884,0.24608413210552302,-0.2544717593444805
-0.5609273667111491,1.5109572837589123,1.150905907949788
-0.649055562654827,1.477976003082472,1.1551308002805178
-0.15421231526166604,0.5102956921310983,-0.3707894640027312
0.07992835964474622,0.6844683377663812,-0.43875297746759556
-0.11234733002566473,0.7598328773720743,-0.4600394691250134
-0.42102338831920205,0.6296537289806796,-0.4494520819217642
-0.7157252413711432,0.4695504548819553,-0.47272665771388594
-0.8546247121029505,0.27551063726920866,-0.49830550549934005
-0.8368224494974055,-0.13763257366090723,-0.4793405727357788
-25.449164933421667,12.320047934771447,-123.07338583598603
-25.559740644972496,12.330446521043429,-123.57189473126961
-25.56553193486328,12.33448669150266,-123.60529956494369
-25.557647629622902,12.330102650039274,-123.56609335332885
-25.554222077492057,12.330189828676136,-123.54911333232651
-25.586251317771602,12.345349264832548,-123.71663397379452
-25.53748824429621,12.316380021160459,-123.43455995071845
-25.49383547533282,12.327772174198854,-123.09128288185698
-25.702534308731423,12.460096371517245,-124.07160034864582
-0.2707720341961445,1.9561826476208737,-0.7735448958273929
32.866560301811894,-15.681669466690792,156.3558779813016
1.0712604616752894,0.523949966932427,0.5852646801914555
-0.8493970894403705,0.6315333429313609,-0.5358490007226941
2.041485202931008,0.22273544795328787,8.39494992361718
-4.06551959324212,-3.024997765200642,7.0162469980047995
-27.609122256375464,14.939823725993348,-129.92991940184436
-28.283986290679557,15.200501813242962,-131.3336571211582
-28.925130583593432,15.353063139757017,-132.92803410530743
-28.711168669966707,15.101230269239698,-131.18639070836375
-30.112638027809616,15.41978023690246,-134.9412872057744
-31.551729435270182,15.547753060218605,-139.14472125547263
2.055518035218543,-1.8583157789390519,8.194086597192781
-32.35524185985639,15.031380836090126,-137.43607389587578
-0.9050798877032707,0.71455860835427,-0.5597272961165576
-31.697325922052126,13.05161919235886,-123.61633681072455
-32.56012075714271,12.413856563005861,-119.88398136701939
-4.06551959324212,-3.024997765200642,7.0162469980047995
3.1464424570190292,-0.057928511218044654,7.985153590227494
-38.506760219166196,9.487564171598098,-112.65989523458752
48.090173644713765,-10.291206997773024,133.52236163644108
-4.06551959324212,-3.024997765200642,7.0162469980047995
-39.84300830297524,8.815622732548075,-102.39322150448362
-58.02114640780207,11.066521396773682,-145.3997504680903
-56.30781049894733,10.529258705362466,-136.72784786948995
-58.81211951386175,11.025371917516699,-140.8100398212376
-58.28553825639369,11.240344572632994,-138.41921193955096
-57.331795111681316,10.97925830520556,-135.5113271088148
-56.85357590621893,10.821611008789965,-134.39089854043735
-56.72142554614277,10.543806540264505,-135.05048009867252
-55.74103125307538,10.409380743868974,-133.9497189626336
-4.06551959324212,-3.024997765200642,7.0162469980047995
-73.1122102150131,13.355724951351815,-178.78267437596338
-59.50092293194418,11.750816995473649,-146.6037147048202
-52.526452662398825,11.415148835940542,-133.30613559883702
-49.989152513001905,11.943220345425464,-130.512018381127
-46.51461009969168,11.812346186195594,-124.04841509099097
-47.18922595197803,13.002916616289145,-128.26497902132567
-43.956525710274406,12.545387519706216,-120.41548664237308
-44.761149201761626,13.360222521359784,-124.42298770149606
40.68186122125367,-13.129974419239673,116.24116153944027
40.18593790152497,-13.570456984941497,117.37009323263052
40.3335213121398,-14.249717522766472,119.83093787752856
40.0518594305268,-14.755371414251798,120.96256166924044
39.57178432880025,-14.861688315589994,120.20802928550087
40.21084981195492,-15.300797372185924,122.90967989198822
-43.07974435524714,16.982350132246193,-133.46958749418488
-43.114813522914694,17.499077839688294,-134.68290499044903
40.7889069972186,-17.105680344904147,128.6012330775329
40.20863247107182,-17.39899022971922,128.18943412681855
39.756446269676935,-17.746058475973967,128.2456271679849
39.28810673399144,-18.22252753220156,128.88971589658377
38.390199903684156,-18.43098710750626,127.91835904540727
37.87187999885639,-18.82246230629208,127.61704681225116
38.26291849722894,-19.2034026109192,129.5745213780766
38.34332703394461,-19.67290941567921,130.7769670646457
38.00055642485769,-19.872454864307404,130.3636267417109
38.25176484675732,-20.407768482137683,132.26242528676872
38.09435657098002,-20.708189832450014,132.63319388302085
37.833869300898925,-20.776214495429084,132.23038774926516
37.95327907934119,-20.923940209324915,132.73388649722642
37.84396852598179,-21.028374199718726,132.7193219088742
37.82935479138584,-21.119558232855994,132.6910838010863
37.5555527752757,-20.851225854480678,131.1235986175792
37.68665885005127,-20.889588690517982,131.33471260898298
37.53080364004597,-20.88778319365681,130.86692903195672
37.56241474742632,-20.86612960953767,130.82525956914844
37.478304582084085,-20.85997187792592,130.56244633605692
37.488275308718094,-20.826530531324927,130.6197414028657
37.49000405248346,-20.69327840250525,130.39561927817692
37.37309388688203,-20.55014998322391,130.33364492786464
37.25239807420027,-20.24723694952982,129.88063561383493
37.14756819178895,-20.175494268262213,130.23379740414234
36.958619044904125,-20.05616719220933,130.3848403828314
36.65896087346732,-20.123261148061303,131.65646519044554
36.3208663363927,-19.98515817697832,132.21595483169247
40.91521541827244,-21.75228034225435,154.45977946095167
35.64332041878467,-20.19769516422293,135.5119079701254
35.64319991296225,-20.342024128731534,137.5236095690902
35.10963853991827,-20.254152424514274,137.07809657803273
35.43953723853048,-20.142338088012384,138.95112857785284
35.186626710793725,-19.900165477102636,138.25322226369815
35.595636140181746,-19.98075240908526,139.1598918858474
35.42110053686634,-19.74177535971239,137.8793553300237
35.40768700198039,-19.73321865830055,137.82451225348458
35.50187330373192,-19.64633508128862,137.5379832855427
35.80474475848395,-19.608941052288614,137.78585108432338
36.08679500452508,-19.558093104198175,138.07663766424622
36.042202209167,-19.461516506249957,137.59994648811585
36.34867274253503,-19.586031443295365,138.44161325996672
36.46140074703727,-19.671911875535088,139.11887901835019
36.6368514192915,-19.788741809554747,139.92785028119891
36.566121534006534,-19.873081872114803,140.04579733952136
36.505114002523115,-20.058710176751195,140.50132798329122
36.53314356721545,-20.138434427436966,140.94051127666827
36.43922674417019,-20.30014553668218,141.2449527770365
36.28384864155097,-20.338617959218357,140.72697718373016
36.279536820510586,-20.44738474623578,140.63430874468426
36.01782282537433,-20.391763164682246,139.1880940271688
35.99452952845163,-20.636561717789647,139.2901398561742
35.772892710516906,-21.013547750350323,139.7565114138003
35.60944109216395,-21.260397236470453,139.46060490698895
35.800798353161206,-21.35929821812692,139.80736568456246
35.465633459782495,-21.247263129746628,138.5559059129789
35.675335682998885,-21.336012989938386,139.36061553399998
35.7055541043615,-21.29042137359368,139.02401179088105
35.79717150776242,-21.296243302393616,139.11696660263667
35.75952721542789,-21.283068139235425,139.01161623605336
35.734898487178455,-21.28019978355312,139.02386491070612
35.64545502151074,-21.23757512853589,138.64206534836345
35.724868540145565,-21.392006604574934,139.21550283606723
35.57428048166591,-21.36768765309088,138.98669991493338
35.58159146141391,-21.382085514165542,139.05072571182808
35.330144926357896,-21.439646875647014,138.82266768059264
35.253259952244036,-21.400015777276938,138.49621457495485
35.3151854365613,-21.51843569637435,138.73350760161648
35.39550235459737,-21.615776106973854,138.9334899628374
35.237271470386936,-21.713881202131155,138.16265430698684
35.16887444843403,-21.893563717627554,137.828526737039
35.381249029077125,-22.060196005915476,138.42625144828042
35.573804819686295,-22.277373247847162,139.46677698977447
35.22369209402896,-22.2042671681519,138.24842826839523
35.16980676810599,-22.301987069345415,138.08274902100305
35.274068107282886,-22.503014839128145,138.68143786835233
35.41728694834678,-22.72919039160992,139.47205647001587
35.61157742131449,-22.829983308364167,140.13814382609746
35.64886225773108,-22.844272309373764,140.14492092609763
-37.60901203095206,23.96886303075428,-147.73928873945258
35.20194114914571,-22.355027934707294,138.35267377082715
-37.525455594697796,23.645854678736512,-148.11714276059504
-37.114529662064946,23.194396948138944,-146.91001392089223
-36.7833152464261,22.67274920449944,-146.42088640037494
-36.231214503105306,21.94730341885277,-144.7215822304931
-35.99689154939145,21.285605596124423,-144.65924412407998
-34.70253143480999,19.998981911378564,-141.84993377876418
-33.55572743474846,18.87761912056402,-139.68426478817284
-32.835561545721255,18.1938304012843,-138.13765173575217
-32.404328717389554,17.96361226211637,-138.70517079088222
-31.29539221752945,17.659368374567862,-136.08085482622454
-31.280070346118933,17.882627322958704,-136.8527861221554
-30.789520326872076,18.178459733501867,-137.19617877545153
-30.62698088020617,19.123943058983027,-140.5977873559386
-30.67715655646831,19.665264187418533,-142.39253251288918
-29.957576878529704,19.428668455716625,-140.20654621675794
-30.13753470251577,19.99085727167945,-143.3601398165423
-30.223219563304678,20.38554855443343,-144.87945797957744
-30.207076600491703,20.524603687301365,-145.39487826062663
-30.164873290073963,20.71111759405362,-145.64320924282643
-30.236065726989885,20.740106977670557,-145.18880595697655
-29.97783719639841,20.483791994793236,-143.3513500300843
-30.280792206833816,20.920018361134613,-146.44477454822706
-30.095521969965688,21.076126180786193,-147.25829813240557
-30.563039982617834,21.164423755127007,-149.2068052582716
-30.789403695340702,21.06459919862223,-149.76914977705115
-30.853971237248267,21.02675031019028,-150.3042344321312
-31.02719353256785,20.922218853517464,-151.33966537379752
-31.52132346200189,21.08513331060213,-153.0653513926423
-31.591101737394926,20.774837878869867,-151.34392634485488
-31.972024258780202,20.962457083285297,-152.08697692529267
-32.37303066955609,20.980416141305003,-152.3062806962505
-32.586062738727136,21.227870844878836,-152.83069018060394
-32.50950943946916,21.454476779983857,-153.3628884980084
-32.33850777940046,21.352151278455505,-152.56051756439058
-32.407354252865176,21.307340447609842,-152.58088913253897
-32.45523184899455,21.341739854123475,-152.82773781047598
-32.54583075836488,21.506143833181063,-153.9881659000106
-32.09843557816434,21.555579170242645,-153.29476251072902
-32.09965413572616,21.840272957533298,-155.55100848849642
-32.3046772453689,21.99929737538104,-158.66883956627728
-32.04517489437192,21.883684433462513,-159.23094905459087
-32.20085166132469,22.04199750299796,-161.47453328518782
-31.715220924893025,21.805490780718124,-159.715505922474
-31.897993684943184,21.97015924534929,-160.99811931972658
-31.97201777324344,22.057214861323597,-161.61078045873876
-31.947316573030445,21.986632217174147,-162.09306107389514
-32.090894116747585,22.096693108966637,-163.03509417981692
-31.935787435748644,22.055367359295072,-162.6132973380288
-31.688719270575064,22.042088855809205,-162.37886833709626
-31.64677825950463,22.01662143867397,-162.1749852699887
-31.628245741036537,22.08898037872522,-162.10220839203336
-31.663817894454937,22.188258544670074,-162.766814414785
-31.67749617703544,22.264212759138985,-163.36092128565338
-31.70516115954687,22.34534997460789,-164.71629792635179
-31.61688137934543,22.367955425393323,-164.92539664463246
-31.78410300357179,22.494990381819036,-166.87924792734705
-31.51216769730651,22.349684758182107,-165.85564250146365
-31.304107510823542,22.18122949853923,-164.85657253409659
-31.181929445479007,22.14064650757679,-164.37426847561446
-31.338366111475032,22.282568783448525,-165.4796045102945
-31.316000799564783,22.336567572304762,-165.92663996380912
-31.47384000881982,22.427299368862442,-167.3403350200698
-31.393350524577038,22.328071398215375,-167.1405941181448
-31.36048627550651,22.234234156784154,-167.08658675151275
-31.35027933059736,22.231101104096734,-167.0447533810925
-4.06551959324212,-3.024997765200642,7.0162469980047995
-31.53042273999598,22.425210916200818,-168.59160089526335
-31.372525938813652,22.326441166493968,-167.73812346423313
-31.412292349469073,22.358495235091397,-168.02709798548221
-31.613375186095606,22.515698457594166,-169.2760142526727
-31.62409813712212,22.565501436687054,-169.55155180862795
-31.648078820543574,22.593401171541338,-169.8462415029357
-31.435353791291707,22.492895634596614,-168.95104801015827
-31.20939111926971,22.449470743080013,-167.79498420432628
-31.135844630311237,22.392196700794766,-167.4772729077791
-31.173510822522317,22.529819801226544,-168.43344178035073
-31.259188363285322,22.674955237427884,-169.42444001058286
-31.305475971567436,22.823508891598177,-170.52595897350892
-31.477635177450995,22.991170470356437,-171.8589523590298
-31.439632943720774,22.955525203763667,-172.8432728115853
-31.422786370615874,22.90080822644475,-173.04393895664825
-31.281242901089414,22.677724321645517,-171.50033514162422
-30.683640304443255,22.17666097720622,-164.23761451583854
-31.274192866313673,22.148775241840386,-163.21119326412568
-31.540291104742977,21.96318888944707,-161.32415716816797
-33.08971522368092,22.33366558125232,-164.74263083133425
-34.50936119024401,22.269104752829897,-164.1404883571175
-35.4410008108482,22.10419800002645,-158.61368071434714
-64.29520506049867,42.16810718989131,-284.6390307789653
-4.06551959324212,-3.024997765200642,7.0162469980047995
-26.804007237998533,18.299938559940152,-106.9035137799344
-30.536082143587546,20.93508620643798,-113.73445554981905
-30.973677665012122,21.416341173357562,-113.5819283991921
-30.40994705525445,21.49304536793471,-112.78573600240226
-31.38597179657254,22.531899081456597,-117.33752947213681
-29.87811481141804,22.22552554742785,-116.0571408655686
-29.52877478145552,23.202546982745332,-120.62273142930663
-27.555940802454984,22.688858380477377,-117.68622893401697
-24.897564303253592,21.078448944799078,-108.53813067456065
-21.88152726498756,18.809316785422393,-100.14646645871711
15.979644860649323,-13.053215796566601,72.74752655330313
-4.06551959324212,-3.024997765200642,7.0162469980047995
-19.66948154701549,18.021822846238223,-115.35816557929562
15.53081404605198,-11.766232994042097,97.26616632612864
15.11384869540593,-11.829460012934987,100.08439549465118
13.099173677466972,-12.262622216421988,88.92284502089136
14.672668758652467,-12.099408815144093,101.98804091152113
14.628651093702164,-11.89688110151122,101.64966517475422
14.605660300183951,-11.638624458109584,101.51755149002028
14.32783163167356,-11.24735149671687,101.93004036386053
12.206415229876857,-11.093948012037261,88.05620215624386
12.160340767242076,-10.77378108398622,87.64586756532617
12.191585479372844,-10.729933836044976,88.61878469158353
11.70668291908105,-10.643278594358422,87.60134149910314
11.281762130673908,-10.667032733636876,88.21100389987858
11.147198041039886,-10.46474006870022,88.761228922731
10.921420551151325,-10.094967674736873,88.08208219649218
10.762144317212353,-9.982771034790769,87.73956717381648
10.61905072563505,-9.8794874929514,87.02425170897266
10.55645614848254,-9.856638958657053,86.24305339963568
10.407834279396116,-9.769642634123683,85.31274459417743
10.373563139290018,-9.631403550484391,84.53038199432687
10.386964142567605,-9.609155218156552,84.5186463072284
10.369975408544006,-9.576952985530083,84.06664967092112
10.36111922857994,-9.55289390471212,83.66148265305256
10.306374172894529,-9.532708026647448,83.0805048981655
10.23409763800053,-9.504325653571529,82.42477021353925
10.176169113662516,-9.481848962270146,82.21121422801218
10.133522071597788,-9.470517239891263,82.10553770779676
10.023516018234364,-9.49134113676348,82.03192510368947
11.386821386173446,-9.020861979496614,95.20495546084976
11.22480343503239,-9.007525854557127,95.5776778820659
9.57338743253176,-9.445272584729816,82.56025576803476
10.886952914765956,-8.975953524684165,97.19828229542793
10.590738644222906,-8.788834062357317,96.82306650891056
10.481015258979173,-8.831684530567085,98.57162009068422
10.206297170734192,-8.649648369843955,98.55152088662246
10.072422156510436,-8.482473306489867,99.03463940079511
8.635032734633697,-9.02407632336443,86.13305938356856
10.001173470025504,-8.555515037201147,101.20588370394483
9.981339294593424,-8.589609681648016,101.96399790255646
9.728670203117,-8.441040567306338,101.08807553764183
9.503587726503708,-8.292042463317287,100.91846286241642
9.326765260856636,-7.989477858746266,100.37984194193298
5.22323129345119,7.991784196985749,-1.0826791037192187
9.055371522637996,-7.386616479513602,100.08891651212537
8.940542791336513,-7.155503510189616,99.46950565357241
8.83311872238905,-6.966440243204304,98.95747531296979
0.5449611020349314,0.5351690376914705,8.562791672005215
0.7328400974915789,0.5626540573977818,8.540831007253075
8.69635385738062,-6.214631510331754,98.78708040180166
8.463901890137981,-5.926506441275993,97.60991140073948
8.494316862425608,-6.061187438795339,99.41879241572336
8.572628767767464,-6.087869666116702,98.8875439799838
8.724868804015799,-6.194250320032082,99.27472264391075
8.769188470693482,-6.175706010132507,98.62635464347383
8.93827556195064,-6.201246124822431,98.80477234734575
9.038324673962352,-6.256705921585207,99.09425946423876
0.6548265999830689,0.5788785164062276,8.575626948182274
0.6672441660723479,0.5742696493145206,8.573984123318745
0.9651344668476834,0.5411433840754256,8.520066918001593
0.9836214970824351,0.5297485771110432,8.553062220410801
0.8896545784667552,0.537967793392717,8.503662041119972
0.8588501358974959,0.5223493219726264,8.567681714048135
0.8414654854659662,0.5145548223197325,8.501911935888378
0.7685567359358717,0.5052826732686496,8.529984420177017
0.8146596054007937,0.48207275635663144,8.630354761735584
0.7575608402390851,0.48495449050840045,8.540222375423994
0.7715372133697636,0.47186806965978395,8.546659519476693
0.76843840721849,0.4635256623076986,8.590159150623268
0.8956087123050497,0.44748146656849996,8.570197260592222
0.858138358682641,0.42896622401341844,8.64083467264423
0.941965807326806,0.4271044038966013,8.512362199582098
0.8978257245464213,0.41048385335547577,8.5672927415488
0.8820327776574066,0.43748823214939847,8.516729395590229
1.1499875503724126,0.42329333700391786,8.546717713770823
11.342521617639571,-8.062375675593687,99.1995998821365
1.0885639097491202,0.4272276817395831,8.48071468249229
1.0869797173910354,0.42728652212241014,8.42271788584118
1.039291035467528,0.4179643449643675,8.611741512395778
1.1048057104858442,0.3923734736307093,8.57757989316982
10.136396018560255,-8.43031305171727,98.70984833743235
1.150200766008936,0.3217918296338995,8.622394572853098
0.9675483539765496,0.3625086594584811,8.614369978346398
9.133316580160017,-8.886116602004433,98.01434479857654
0.9956078867601159,0.33677992708887905,8.489589532826695
8.770199855340985,-8.959619607868982,97.46484999634085
0.5968883208452225,0.3678665824856817,8.541194470629168
0.7769155149644322,0.37158155374131907,8.543886977384144
-4.06551959324212,-3.024997765200642,7.0162469980047995
0.9014475711300028,0.34070103386017403,8.52526229349558
1.6208322497743513,-0.19119267449713212,8.438433860534598
7.442108653436653,-9.17291506030103,95.27397220158113
7.012468422831196,-9.369610505060496,95.90366975971492
0.45048848105645434,0.31301937624861526,8.561182510988704
0.9907086046024911,0.18465747269242438,8.484852154897737
0.9435445632318539,0.1665748086676488,8.435234413565457
0.8212218995954853,0.18762481332043404,8.501475666725657
0.7972192144110726,0.15294620079929722,8.523411916340562
0.7229756683088461,0.15441433630924536,8.528246814962595
0.6688512553248172,0.13998099896178964,8.577714257140737
0.5815330776578198,0.15543596717322597,8.496134409127661
0.5455844645976533,0.1448437820021944,8.499027195140446
0.49413164000261817,0.14609054461134455,8.508449069623882
0.5323260188261159,0.11417548193864746,8.572258499186159
0.5208335334073602,0.10614557897220507,8.568806683775795
0.4634327674800208,0.1194059375503898,8.599376085872441
0.45321888134868016,0.1049869940154403,8.581183555448822
0.35407098096450046,0.1397904681088643,8.586974010313693
0.27598030707589594,0.15142366471958388,8.580387394329506
0.20806590202691388,0.1532507609842007,8.603777371590432
0.17813486384254096,0.143673771983137,8.584482522552142
0.15182539421216815,0.1244297602624692,8.570767355322273
0.07043106868936053,0.15404169656777555,8.571059181623106
0.010552162932966248,0.1638291074046926,8.573259077356694
-0.01595001488084387,0.15731618184312873,8.576495544534001
-0.1083387469012056,0.2021636133274552,8.580382168242357
-0.11924467146562066,0.21139958852187762,8.555152942117203
-0.14343053521354387,0.21895781300242284,8.577047623463965
-0.16274571835683824,0.2350948726039391,8.576967711668729
-0.16602487971993374,0.23379023924235026,8.580594457424851
-0.17767462772115172,0.2530756614792966,8.581657356982651
-0.19762641224519611,0.2756082732325778,8.580265812433556
-0.16862421709459008,0.24855136437493894,8.585018774247898
-0.19477928459843424,0.26002847951022956,8.584878301190914
-0.20215945507005598,0.25860075089820567,8.58583833739861
-0.20261330374333592,0.25348087334722885,8.586890303845225
-0.2181024956097111,0.25970480951414743,8.58665301455472
-0.2207724139735377,0.2568630820296778,8.588089404976065
-0.2297518813001644,0.2531006329651988,8.591465196556696
-0.23658884632556557,0.24797698119981673,8.592199988156462
-0.2655897617078349,0.2588143541971294,8.579877448901078
-0.28665290853268965,0.2541972101683414,8.590343707889826
-0.2957984636299797,0.233929281420888,8.606379361186272
-0.32045723621996636,0.2320818294959025,8.588503230509383
-0.35783054914687007,0.2397982752773117,8.588021808626404
-0.39720699765082024,0.2545373313875272,8.588647270975923
27.245589175906655,12.580736500779484,-161.44995830018266
28.239602832962305,12.76102257714765,-163.46853438579456
29.05706828288015,12.802754471312664,-165.22034790995008
29.832288216756027,12.846449442594412,-166.76926604632962
31.347102683587035,13.201267485541447,-173.29149413206397
30.884216720315212,12.88915179348432,-170.436218913297
30.982886592047862,12.91984745938247,-170.862737163233
31.806452860451248,13.039632552957531,-175.55682992150395
31.34896348815447,12.612054582536384,-173.94117937921882
31.38961654794065,12.520055025231692,-175.10479184229777
31.091173257317102,12.324314480901462,-174.7166703429671
31.176032058006374,12.509212201114297,-177.68859168966688
30.645282530192432,12.329208346216621,-176.2078121399811
30.67953319175778,12.278184192187489,-177.0571884994393
30.350442302303556,12.11208886536418,-175.4529192915137
30.52200938391503,12.151051285598284,-174.7768403118507
30.974374859509613,12.328589909869002,-175.87875077769172
31.57189458572168,12.6220457097085,-178.5171815381095
31.535281776854163,12.655169609603684,-177.22540382369917
31.787576599612738,12.648672358751243,-178.45960569896198
31.78890800887207,12.660323118289854,-178.57367002800703
31.651468447616313,12.442805236684073,-177.67851579041837
31.534668883253865,12.242903854534761,-176.42282356854864
31.287534356859947,12.015231527351714,-175.00469051224024
31.151394732079975,11.717663144504531,-174.19048706283627
30.991278676500503,11.444944493416811,-172.96200214860644
31.03191272573399,11.256497850565578,-172.8811696596021
31.037180435685265,11.247992337721282,-172.97613224703207
31.043329808243676,11.250177912259051,-172.99616128291873
31.045479892814182,11.336151257123209,-173.0035138145389
32.19478014548528,11.814899812998446,-178.56417477540825
34.72973310584145,12.424135011641399,-190.90103031697066
35.17706387084034,12.467191682435816,-191.47010394532518
35.60661714071606,12.480679246949679,-191.83940597649436
35.88961399352567,12.279494069000503,-190.96938820234044
36.36716357709987,12.130733360371334,-191.02503341843877
36.62750761035732,12.011007864323332,-189.52975718807156
36.86838072184698,11.914292612086953,-189.562868449189
37.23220251108255,11.876283864467247,-189.45095411760204
37.42722320211053,11.934443501207099,-190.15039647731552
37.98498737818728,12.157271509839767,-193.61042029188212
38.15786448963229,12.400680492507668,-195.3247791625993
38.51352445079524,12.770627744349603,-199.3609117314775
38.42221096012707,12.956918063529255,-201.23372154960163
38.32916579674253,13.084598192002927,-201.5189847788167
37.95605298973897,13.107178623027052,-202.52225820611082
37.87956782870274,13.221919203964017,-205.20895587236708
37.48132106211899,13.084750272100875,-204.61976523744164
37.40074897924468,13.19047061262538,-206.02009960641206
37.864195810290134,13.991453856845457,-208.55869437169585
36.92625457046152,14.296273562911056,-203.5611279108773
34.90734929513128,14.096820226764452,-192.95798457868602
33.25693960556609,14.07297462232402,-186.1757812969374
29.21527961425045,13.27544575680735,-167.03674105034216
45.205698101939795,22.1160570808649,-273.06762039238004
37.847695472175296,20.28274541390111,-236.75220910893714
36.29183447165872,19.827467540293387,-230.1639524940993
32.99340788540639,18.11624449098067,-210.6382524685486
31.551900247427568,17.492035813156516,-203.21822002408555
30.484402827096183,17.025991052010752,-197.89185342846346
29.26243257417938,16.279510775462676,-190.97344918762278
29.01296295853917,15.823991657222315,-191.4124680008492
29.140474015447683,15.496879573013848,-193.41201262191296
29.749253524049998,15.432482654402504,-202.4616828580848
30.627030193797708,15.424184554582155,-212.92359504835136
30.85907055351122,15.09926301688232,-219.48537438748136
31.449271070863027,15.281068816917625,-230.7936832528041
33.605348702008946,16.824319403995904,-252.65304177200179
28.76670841543666,15.242526175583148,-223.91196172036692
26.630560767119935,15.180765695318257,-217.94584610743752
21.65951159867802,14.114860270198163,-187.40615977455172
19.18973247027351,14.32401324047816,-176.34327220161904
16.524369330728792,14.276415136834052,-163.50502532496859
14.209739250692893,13.965915907741191,-151.40992347515473
-4.06551959324212,-3.024997765200642,7.0162469980047995
0.5921068474115457,-0.5936100852587924,8.55966178449786
-7.751107404138833,-14.339995026998517,127.62671420758375
-6.8132363840779,-13.812835429457692,125.44918801804853
-5.884936623891028,-13.103018965594076,121.50973643972806
-5.120886746639113,-12.789642275441185,119.59691566611914
-4.207620368612363,-12.319242141797881,116.58171518444372
-3.5406708463411487,-11.874108641713613,113.5837765801918
-2.7816334732106482,-11.51032402351654,111.22291769947381
-2.018062041879396,-11.406320471499122,110.25843108547642
-1.3329526921618957,-11.319576626003832,109.33538068033063
-0.6660269315181343,-11.167366406193757,107.7631869232866
-0.18625182832668186,-11.230271147607311,107.75710431735314
0.3360860501846926,-10.994244562144495,105.29805322649335
-4.06551959324212,-3.024997765200642,7.0162469980047995
2.7810314813604684,-20.026326341776045,215.21574207128896
3.674293457159856,-16.16625950238757,177.53195651065357
5.730678723412773,-19.015587737977047,211.7856227537525
2.7909310613002374,-10.469897895937217,103.97191668459381
3.296832123387469,-10.074943065162957,100.26026837481591
3.7929960397491547,-9.99210296120442,99.56004222929226
4.2282732612593215,-9.828705619516482,98.20976059278507
-4.06551959324212,-3.024997765200642,7.0162469980047995
25.04207265014183,-33.51705906731073,340.2753071798185
3.1567384892520973,-3.1214052552617515,36.49813677541817
11.13563030684891,-12.720547383675985,131.0291678324615
1.8055723076138255,-0.5034158008122607,8.389665965263395
1.4080426593569417,-1.6443598537555861,8.335668195944532
1.7685767508310986,-0.2785194865934261,8.449693870951984
1.903201913946934,-0.859848757182027,8.375587683432888
1.9199785353408136,-0.9727661824115661,8.362811730598432
1.8700900279764425,-1.2699520320776025,8.317287285461106
1.9344959853194894,-1.1325393860740516,8.292624727704421
1.9260040857296195,-1.25595366282894,8.26890851773407
1.9107064112068084,-1.3748162446103216,8.254945595908497
1.8258523573617,-1.5624972959952006,8.308201767664052
1.9629174731987218,-1.407975534212095,8.358962533844325
1.993995845930519,-1.3446402605848686,8.23544231260502
1.9891687311320443,-1.3765044478571011,8.233107189675454
1.988815830568203,-1.3764778256835661,8.23321770735681
1.9614749272513736,-1.4027595620177205,8.166763982767518
1.9697605298046958,-1.4171286524194608,8.200281299454433
1.9906708523725567,-1.3835128653744404,8.23154691453716
1.9734501062599372,-1.3992245218168275,8.174644102953533
1.9969931781936052,-1.368215096814341,8.23329224759604
2.0022921718404034,-1.3540507124017744,8.236110131504526
2.005021169569254,-1.3431089959946858,8.234918522626563
2.009912093405043,-1.326360325489371,8.234533254110158
1.9862219313865452,-1.3714880320881084,8.23419810226906
2.0166566703663844,-1.3287151235750243,8.243480409183276
1.9503509919594422,-1.4196876621875976,8.238482464911849
2.0025874281560796,-1.3229475156081623,8.230566378889886
2.0092507759123124,-1.3386540953614259,8.24268704330995
1.9657213392717459,-1.3999201965394503,8.22741601940197
2.0058904646993474,-1.341064548782458,8.233684747051559
2.0057896958551344,-1.3505835232765298,8.208152345665464
1.942680744213562,-1.4551523269179338,8.181729850924494
1.9926226326848426,-1.3906272384931904,8.27384773089466
2.0425546903200718,-1.2947174278893303,8.166894741691866
1.8006876826224378,-1.628026998525348,8.214384392701524
1.7967022528982202,-1.6257349811049733,8.187719219234728
1.8546660250132319,-1.5820274217434658,8.262972883315136
1.830240260895576,-1.5985624655048096,8.217254327849755
1.8492046824241022,-1.593273646243685,8.237608539848097
1.8276630877878453,-1.597855654691002,8.220418054386549
1.832333019418167,-1.5875065173912866,8.192082650112726
1.840366892928165,-1.5794428319257376,8.195073849425729
1.8581562693639113,-1.5665837866468166,8.21951905484402
1.8628235663728796,-1.561141625955589,8.22009928326665
1.8749638414256502,-1.5441238418987027,8.22685066746074
1.8961834115987186,-1.5299227763475174,8.221911508496758
1.9013264911927878,-1.524698840084502,8.255561088495355
1.931058183257763,-1.5001259801612519,8.25697977221175
1.9370835779377633,-1.4955591161623052,8.259337490515062
1.94751962196882,-1.4851000154258471,8.259243197576895
1.9582232436939946,-1.4740856944971312,8.258299163514149
1.969301878526405,-1.4627065918569984,8.257194346797997
1.9807559859389086,-1.4510332993057882,8.256102594447198
2.0015869004138147,-1.4313646637826434,8.254364197293803
2.0151907537662397,-1.4173707147616403,8.251924153738106
2.0280168173103377,-1.4035301128894981,8.25140553778437
1.9991403737509836,-1.4228504680308411,8.222992058464488
2.025688226100365,-1.406272557147434,8.236139484262186
2.01932105869552,-1.398722448722196,8.22899783090288
2.04522099090049,-1.3856293658019907,8.235385067049872
2.0406296271769646,-1.3867816218970719,8.236513894813111
2.083116233131011,-1.3417476770744183,8.247288778921677
2.0341372340762893,-1.385486022627249,8.239086425592253
2.0158277647559615,-1.3897049498685365,8.253223017323124
2.029830055809602,-1.3795049747469028,8.251432225880395
2.047671060557738,-1.358714809941296,8.23278376848553
2.0741078013159693,-1.3362059723717663,8.230970900754947
2.0756675281195416,-1.3300793771503672,8.203074006912782
2.1304132669643665,-1.285993972484755,8.199114023062682
2.1526697629250027,-1.2659573648777576,8.19954767282776
2.167604128989591,-1.2511206589304351,8.195805674902255
2.1852101458713817,-1.2385061280487168,8.21684559242115
2.196675686856997,-1.2240898032781158,8.220477160255477
2.1996932968404024,-1.2271777050685553,8.245668989777286
2.1881432765944457,-1.2250444060555947,8.195420188350491
2.0583912442888805,-1.3135195175395178,8.258595009133165
2.025940858220641,-1.3217312530137326,8.239388296524039
1.9605201554776719,-1.3461792537598174,8.261489216552265
1.9426220154889986,-1.345622011420758,8.261402075279085
1.9531665669728024,-1.3351852915336428,8.272376053402445
1.874186064313922,-1.3537222700370237,8.292932741074111
1.8673649676303836,-1.347041432399924,8.295279870667429
1.8482203292729917,-1.3423613715133726,8.292012453171516
1.801050802573643,-1.3429354981350141,8.309177906911328
1.8155207481471622,-1.3306918942566681,8.3033138913013
1.761538319014032,-1.328708915456379,8.318808890374338
2.0228985024589203,-1.2592531950799954,8.273997008092389
1.6246140293674096,-1.3117206381125819,8.34974408688472
1.9877596389563923,-1.255480256944789,8.277030233397682
2.167523421659965,-1.1754179802479068,8.24439001076972
1.8547046741757627,-1.2670442463717517,8.304607701574138
2.168465595316719,-1.1645956307496783,8.243016084198299
2.0446750286924535,-1.2055858365908692,8.272035639461766
2.074440557797071,-1.188186765444921,8.267993728941835
2.0037235466091308,-1.2006988750814092,8.280388009322811
2.1810895986059795,-1.1362352839390701,8.245252000515412
2.2665060927742586,-1.08560485082178,8.22536405817277
2.105395850947225,-1.147053164291078,8.263816710288607
2.374443156706061,-1.0148966572283777,8.222141043383669
-0.05359384064751409,0.0023298641561555027,-0.1635749643083091
-34.68508122652207,1.679012696790717,-150.12587320955288
2.578608910969592,-0.8415372730873824,8.16508842176042
-16.104181207857053,6.258369414523027,-87.1225087617645
-20.006190900764448,5.519475365699224,-102.29321660466353
2.1146001024130117,-1.0876494301309942,8.2701026638876
2.7767200675889354,-0.6079750477034879,8.129030131879068
2.8153322672825563,-0.5562019231261311,8.131321252279514
-52.82252254479774,-0.04491775079715685,-204.85668569041187
-44.37879245979879,-0.18187922915265542,-170.4075476728556
-48.476579024308506,1.613197129738309,-196.18140684559546
-39.10582297475003,1.359530943118967,-160.19389723543495
-29.57582390320345,-1.8065966491697096,-115.0570885872035
-32.49002327464686,4.077269931119192,-143.82788566216692
-73.88974159543753,-3.482546788177626,-278.40157855744076
-62.98120714981256,-1.95232137827978,-245.57076380325537
-47.49231250381149,-2.140027777649728,-174.89280567194822
-24.10478355559175,-1.6698705412497992,-90.71596511896468
-48.33030115988663,-2.7012866261459303,-175.94074239909665
-71.80967149869852,-5.385893882149355,-263.90219046792356
-32.048774580331376,-3.305896100875689,-118.7730811033797
-30.325141842956075,-3.2727592053708667,-112.2790939130744
-31.74655995439224,-3.6380262595253394,-116.39777712660542
-49.66657222330602,-4.071982954788103,-175.81671441527862
-54.952410305592664,-5.57212448887905,-190.3977460553341
-50.32961513536107,-4.633164313670298,-176.21058558410007
-32.557669934614886,-4.371731059804436,-116.69043790863627
-32.74819889853457,-4.554572341744311,-116.72025301314308
-32.930810115599925,-4.747873629628695,-116.76164991822216
-0.007385745809274022,0.043223299403610915,-0.5113120339950579
0.00036979865335493023,0.04176193835889603,-0.395475113493991
-56.81354811809462,-6.276084639586401,-194.90305383740704
-32.27889771562383,-5.072838818936543,-112.25605372768129
-33.856502512765275,-5.6522547947769235,-116.7712629627191
-34.08895123433401,-5.838007272414011,-116.94339205521044
-53.18797806500893,-7.403257462787123,-176.57223982403477
-34.45768533333775,-6.2011526394418865,-116.9582876331914
-34.67416024793884,-6.390147538158955,-117.06810064623913
-34.86005640091862,-6.573918309496457,-117.08029835942266
-35.0533020596913,-6.758210448812188,-117.11516487530932
-35.24676715422225,-6.942629728187613,-117.15039436668775
-35.44045176161612,-7.127177028744492,-117.18598195898478
-35.63437249888406,-7.3118576502451855,-117.22197214947053
-35.82853446707377,-7.496676658502813,-117.25837527397734
-36.02283908838702,-7.681622699272618,-117.29488675424328
-97.83766160757382,-19.142460343584574,-311.7461886231655
-36.41222180788456,-8.0519062709169,-117.36927527851108
-36.607195817379726,-8.237103755012635,-117.40683208702677
-36.8025216734566,-8.422756809232641,-117.44508731031321
-36.99802138736198,-8.60839346530535,-117.48353355343602
-37.19353910725508,-8.79412998879057,-117.52171545674935
-57.84729574826978,-11.870356809145006,-177.33901565291697
-37.58592510678989,-9.166172741942992,-117.60098982550416
-58.24813123953533,-12.360815607232674,-176.89572473395435
-58.725229642846614,-12.712541581137348,-177.4835395857524
-38.17595037018021,-9.725281394456061,-117.72156520381895
-59.28836395836622,-13.269427267833084,-177.51241724781966
-59.583041959731034,-13.551124779214113,-177.5652578621953
-102.10247746982249,-25.86034133171595,-308.52904677946833
-38.96599043802031,-10.472882123495951,-117.887072067721
-39.16832445290368,-10.661274589483783,-117.94101085969812
-39.36256377091027,-10.847678400081987,-117.97213038888192
-61.37939794759909,-15.035624131836647,-178.74291743076378
-61.25694588935064,-15.21982556371729,-177.60388359791673
-61.66602341071117,-15.529459956740517,-177.97740213620716
-61.945103932844845,-15.806352870774905,-177.98045138596808
-40.358264927873414,-11.787457222812984,-118.19041723553723
-39.01639263716123,-11.772941899726185,-113.88021227605361
-62.82953987331942,-16.656270295112027,-178.1277681890924
-63.118013533197505,-16.9375733107306,-178.15792973005432
-40.75243578387533,-12.401035069646394,-117.29309062846171
-63.72887189537516,-17.509965248644924,-178.3110125968182
-64.01725482285133,-17.790992449763486,-178.33919513654038
-64.31217043995632,-18.074418310152467,-178.38547360157168
-64.60793263305176,-18.358182140519435,-178.43365954563822
-64.90343755139538,-18.641982958373784,-178.48075486101231
-65.19915739194879,-18.925949097685898,-178.52803918943704
-65.49504407069541,-19.210069233010394,-178.57538343816452
-65.79111214581958,-19.494349173397328,-178.62282702919924
-66.08734500466956,-19.778780172497978,-178.67032046384602
-66.38377424855172,-20.0633733670871,-178.71794819848648
-66.68040482104142,-20.348130689659367,-178.76572159273928
-66.97724816053137,-20.633056186379203,-178.8136689354233
-67.27449637123804,-20.91820794019827,-178.86228825510733
-43.997105229660654,-15.207216973754266,-119.0462136539515
-67.86854427763878,-21.488694929623687,-178.95721840645962
-68.16586934352978,-21.774179617616422,-179.00489207296707
-68.46380853228074,-22.05996324532718,-179.05377039573483
-44.81779042945916,-15.975520920651551,-119.25095202492867
-45.02367066543867,-16.168099536940506,-119.30294915936472
-45.22983703488757,-16.36088207317016,-119.35527002575907
-45.4362906857176,-16.553869885045287,-119.40791367728805
-45.64308247824962,-16.74704829042711,-119.46099856294042
-70.17469698934025,-23.747515620894177,-179.14346573400528
-70.55775302604795,-24.066269807950068,-179.406513422367
-70.86104045174643,-24.354779399726382,-179.46576895720256
-79.60961485967965,-29.430666654246032,-204.4607451092696
-46.68110386245301,-17.716183875747813,-119.73048883670504
-46.88960804857343,-17.910650204591526,-119.78538432508958
-72.04942741375207,-25.5007554749401,-179.6370649758838
-72.3500914264301,-25.788762880070998,-179.68783779017838
-72.65089027230799,-26.076929859573998,-179.7385684418763
-72.95196609691433,-26.365306796410493,-179.78960163230934
-73.25301631304117,-26.653778566798675,-179.84019696173488
-73.5537438356052,-26.942229968709324,-179.88963918274118
-73.85434258616252,-27.230731966873606,-179.93840924781776
-74.15509260189957,-27.5193890972688,-179.98718654904417
-74.45608037949528,-27.808232706550726,-180.03617615974062
-74.75733129577085,-28.09727176565922,-180.08543487908597
-75.05893750887067,-28.386542734056633,-180.13517834351728
-75.36141393490564,-28.676254594500815,-180.1866244773407
-75.6772220404695,-28.97128256606831,-180.2690926749041
-75.95684844047956,-29.252296394360773,-180.26614102261473
-50.05308325702601,-20.854239893769513,-120.64555790796805
-50.314128322090276,-21.068383938484107,-120.81178609864861
-76.87395207020299,-30.126179980028326,-180.43859980860393
-184.37739755263897,-76.05989981388852,-435.2341734006012
-121.4711489532539,-50.32695740888897,-287.41805913185453
-211.68239375226727,-87.30188754414918,-497.13603219461794
-146.8597436808806,-61.2966101304988,-341.381211901277
-185.00010829645956,-77.38319251541971,-429.5047346305969
-129.42561990352658,-54.91171054633239,-300.8868461344888
-78.99953748583103,-32.1633364383503,-180.7949006272365
-79.30402333736197,-32.45507139356061,-180.84626175771106
-79.60872056474278,-32.746987366850355,-180.89774307842782
-79.91363746416623,-33.039088032813375,-180.9493617784767
-80.21878805001084,-33.3313794469381,-181.00114748040755
-80.52419526134531,-33.62387144660797,-181.0531491379816
-80.82988407252968,-33.91657502296162,-181.10541962569997
-81.1357887796844,-34.20946413540123,-181.1578122661493
-81.44159891694981,-34.502410343003476,-181.20964681841852
-81.74726793406737,-34.79539242123378,-181.2608272998154
-82.05172799274634,-35.08796272631015,-181.30904201785654
-82.3577640259905,-35.381289653886576,-181.36035368252607
-82.66426695007742,-35.67489916186496,-181.41232701076933
-82.97127953699213,-35.96880759147365,-181.4650443316716
-83.27872001166591,-36.26300609153264,-181.51834237700524
-83.58913014636231,-36.558663763513195,-181.5777076080124
-83.9069724411749,-36.85785052873473,-181.65268932776291
-185.9989349960316,-83.85464870793216,-404.8590557994018
-84.50863557624791,-37.440800864767375,-181.7283920699291
-84.81670724101659,-37.735739683420526,-181.78130466388876
-85.12493827817744,-38.0308402286859,-181.83420997079443
-85.43328810516829,-38.32608795975566,-181.88702572686284
-56.818781544553374,-27.11093035251944,-122.6379283891724
-86.04985274218795,-38.91679872075943,-181.99136409982057
-86.36838012440647,-39.21686221116391,-182.0642860783869
-86.67479427439346,-39.511574651719144,-182.1116595088922
-91.19189500565507,-41.664603721131606,-190.86386618770825
-87.28493987289728,-40.10018243536879,-182.20011905585147
-87.45485568044782,-40.334644223599625,-181.96824819565202
-58.37855515686252,-28.553104891416332,-123.10052934875289
-89.2463023711816,-41.46373712107995,-184.441372794917
-88.57264400865986,-41.30934978063524,-182.5106132107195
-88.83087307880943,-41.58200181344493,-182.4577054682593
-89.15680785303107,-41.88692827196322,-182.5424491257861
-89.45905959287963,-42.18035299612041,-182.57858448817254
